ARM GAS  /tmp/ccoaixhI.s 			page 1


   1              		.cpu cortex-m4
   2              		.arch armv7e-m
   3              		.fpu fpv4-sp-d16
   4              		.eabi_attribute 27, 1
   5              		.eabi_attribute 28, 1
   6              		.eabi_attribute 20, 1
   7              		.eabi_attribute 21, 1
   8              		.eabi_attribute 23, 3
   9              		.eabi_attribute 24, 1
  10              		.eabi_attribute 25, 1
  11              		.eabi_attribute 26, 1
  12              		.eabi_attribute 30, 1
  13              		.eabi_attribute 34, 1
  14              		.eabi_attribute 18, 4
  15              		.file	"stm32f4xx_ll_usb.c"
  16              		.text
  17              	.Ltext0:
  18              		.cfi_sections	.debug_frame
  19              		.file 1 "Drivers/STM32F4xx_HAL_Driver/Src/stm32f4xx_ll_usb.c"
  20              		.section	.text.USB_CoreReset,"ax",%progbits
  21              		.align	1
  22              		.syntax unified
  23              		.thumb
  24              		.thumb_func
  26              	USB_CoreReset:
  27              	.LVL0:
  28              	.LFB254:
   1:Drivers/STM32F4xx_HAL_Driver/Src/stm32f4xx_ll_usb.c **** /**
   2:Drivers/STM32F4xx_HAL_Driver/Src/stm32f4xx_ll_usb.c ****   ******************************************************************************
   3:Drivers/STM32F4xx_HAL_Driver/Src/stm32f4xx_ll_usb.c ****   * @file    stm32f4xx_ll_usb.c
   4:Drivers/STM32F4xx_HAL_Driver/Src/stm32f4xx_ll_usb.c ****   * @author  MCD Application Team
   5:Drivers/STM32F4xx_HAL_Driver/Src/stm32f4xx_ll_usb.c ****   * @brief   USB Low Layer HAL module driver.
   6:Drivers/STM32F4xx_HAL_Driver/Src/stm32f4xx_ll_usb.c ****   *
   7:Drivers/STM32F4xx_HAL_Driver/Src/stm32f4xx_ll_usb.c ****   *          This file provides firmware functions to manage the following
   8:Drivers/STM32F4xx_HAL_Driver/Src/stm32f4xx_ll_usb.c ****   *          functionalities of the USB Peripheral Controller:
   9:Drivers/STM32F4xx_HAL_Driver/Src/stm32f4xx_ll_usb.c ****   *           + Initialization/de-initialization functions
  10:Drivers/STM32F4xx_HAL_Driver/Src/stm32f4xx_ll_usb.c ****   *           + I/O operation functions
  11:Drivers/STM32F4xx_HAL_Driver/Src/stm32f4xx_ll_usb.c ****   *           + Peripheral Control functions
  12:Drivers/STM32F4xx_HAL_Driver/Src/stm32f4xx_ll_usb.c ****   *           + Peripheral State functions
  13:Drivers/STM32F4xx_HAL_Driver/Src/stm32f4xx_ll_usb.c ****   *
  14:Drivers/STM32F4xx_HAL_Driver/Src/stm32f4xx_ll_usb.c ****   ******************************************************************************
  15:Drivers/STM32F4xx_HAL_Driver/Src/stm32f4xx_ll_usb.c ****   * @attention
  16:Drivers/STM32F4xx_HAL_Driver/Src/stm32f4xx_ll_usb.c ****   *
  17:Drivers/STM32F4xx_HAL_Driver/Src/stm32f4xx_ll_usb.c ****   * Copyright (c) 2016 STMicroelectronics.
  18:Drivers/STM32F4xx_HAL_Driver/Src/stm32f4xx_ll_usb.c ****   * All rights reserved.
  19:Drivers/STM32F4xx_HAL_Driver/Src/stm32f4xx_ll_usb.c ****   *
  20:Drivers/STM32F4xx_HAL_Driver/Src/stm32f4xx_ll_usb.c ****   * This software is licensed under terms that can be found in the LICENSE file
  21:Drivers/STM32F4xx_HAL_Driver/Src/stm32f4xx_ll_usb.c ****   * in the root directory of this software component.
  22:Drivers/STM32F4xx_HAL_Driver/Src/stm32f4xx_ll_usb.c ****   * If no LICENSE file comes with this software, it is provided AS-IS.
  23:Drivers/STM32F4xx_HAL_Driver/Src/stm32f4xx_ll_usb.c ****   *
  24:Drivers/STM32F4xx_HAL_Driver/Src/stm32f4xx_ll_usb.c ****   ******************************************************************************
  25:Drivers/STM32F4xx_HAL_Driver/Src/stm32f4xx_ll_usb.c ****   @verbatim
  26:Drivers/STM32F4xx_HAL_Driver/Src/stm32f4xx_ll_usb.c ****   ==============================================================================
  27:Drivers/STM32F4xx_HAL_Driver/Src/stm32f4xx_ll_usb.c ****                     ##### How to use this driver #####
  28:Drivers/STM32F4xx_HAL_Driver/Src/stm32f4xx_ll_usb.c ****   ==============================================================================
  29:Drivers/STM32F4xx_HAL_Driver/Src/stm32f4xx_ll_usb.c ****     [..]
  30:Drivers/STM32F4xx_HAL_Driver/Src/stm32f4xx_ll_usb.c ****       (#) Fill parameters of Init structure in USB_CfgTypeDef structure.
ARM GAS  /tmp/ccoaixhI.s 			page 2


  31:Drivers/STM32F4xx_HAL_Driver/Src/stm32f4xx_ll_usb.c **** 
  32:Drivers/STM32F4xx_HAL_Driver/Src/stm32f4xx_ll_usb.c ****       (#) Call USB_CoreInit() API to initialize the USB Core peripheral.
  33:Drivers/STM32F4xx_HAL_Driver/Src/stm32f4xx_ll_usb.c **** 
  34:Drivers/STM32F4xx_HAL_Driver/Src/stm32f4xx_ll_usb.c ****       (#) The upper HAL HCD/PCD driver will call the right routines for its internal processes.
  35:Drivers/STM32F4xx_HAL_Driver/Src/stm32f4xx_ll_usb.c **** 
  36:Drivers/STM32F4xx_HAL_Driver/Src/stm32f4xx_ll_usb.c ****   @endverbatim
  37:Drivers/STM32F4xx_HAL_Driver/Src/stm32f4xx_ll_usb.c **** 
  38:Drivers/STM32F4xx_HAL_Driver/Src/stm32f4xx_ll_usb.c ****   ******************************************************************************
  39:Drivers/STM32F4xx_HAL_Driver/Src/stm32f4xx_ll_usb.c ****   */
  40:Drivers/STM32F4xx_HAL_Driver/Src/stm32f4xx_ll_usb.c **** 
  41:Drivers/STM32F4xx_HAL_Driver/Src/stm32f4xx_ll_usb.c **** /* Includes ------------------------------------------------------------------*/
  42:Drivers/STM32F4xx_HAL_Driver/Src/stm32f4xx_ll_usb.c **** #include "stm32f4xx_hal.h"
  43:Drivers/STM32F4xx_HAL_Driver/Src/stm32f4xx_ll_usb.c **** 
  44:Drivers/STM32F4xx_HAL_Driver/Src/stm32f4xx_ll_usb.c **** /** @addtogroup STM32F4xx_LL_USB_DRIVER
  45:Drivers/STM32F4xx_HAL_Driver/Src/stm32f4xx_ll_usb.c ****   * @{
  46:Drivers/STM32F4xx_HAL_Driver/Src/stm32f4xx_ll_usb.c ****   */
  47:Drivers/STM32F4xx_HAL_Driver/Src/stm32f4xx_ll_usb.c **** 
  48:Drivers/STM32F4xx_HAL_Driver/Src/stm32f4xx_ll_usb.c **** #if defined (HAL_PCD_MODULE_ENABLED) || defined (HAL_HCD_MODULE_ENABLED)
  49:Drivers/STM32F4xx_HAL_Driver/Src/stm32f4xx_ll_usb.c **** #if defined (USB_OTG_FS) || defined (USB_OTG_HS)
  50:Drivers/STM32F4xx_HAL_Driver/Src/stm32f4xx_ll_usb.c **** /* Private typedef -----------------------------------------------------------*/
  51:Drivers/STM32F4xx_HAL_Driver/Src/stm32f4xx_ll_usb.c **** /* Private define ------------------------------------------------------------*/
  52:Drivers/STM32F4xx_HAL_Driver/Src/stm32f4xx_ll_usb.c **** /* Private macro -------------------------------------------------------------*/
  53:Drivers/STM32F4xx_HAL_Driver/Src/stm32f4xx_ll_usb.c **** /* Private variables ---------------------------------------------------------*/
  54:Drivers/STM32F4xx_HAL_Driver/Src/stm32f4xx_ll_usb.c **** /* Private function prototypes -----------------------------------------------*/
  55:Drivers/STM32F4xx_HAL_Driver/Src/stm32f4xx_ll_usb.c **** /* Private functions ---------------------------------------------------------*/
  56:Drivers/STM32F4xx_HAL_Driver/Src/stm32f4xx_ll_usb.c **** #if defined (USB_OTG_FS) || defined (USB_OTG_HS)
  57:Drivers/STM32F4xx_HAL_Driver/Src/stm32f4xx_ll_usb.c **** static HAL_StatusTypeDef USB_CoreReset(USB_OTG_GlobalTypeDef *USBx);
  58:Drivers/STM32F4xx_HAL_Driver/Src/stm32f4xx_ll_usb.c **** 
  59:Drivers/STM32F4xx_HAL_Driver/Src/stm32f4xx_ll_usb.c **** /* Exported functions --------------------------------------------------------*/
  60:Drivers/STM32F4xx_HAL_Driver/Src/stm32f4xx_ll_usb.c **** /** @defgroup USB_LL_Exported_Functions USB Low Layer Exported Functions
  61:Drivers/STM32F4xx_HAL_Driver/Src/stm32f4xx_ll_usb.c ****   * @{
  62:Drivers/STM32F4xx_HAL_Driver/Src/stm32f4xx_ll_usb.c ****   */
  63:Drivers/STM32F4xx_HAL_Driver/Src/stm32f4xx_ll_usb.c **** 
  64:Drivers/STM32F4xx_HAL_Driver/Src/stm32f4xx_ll_usb.c **** /** @defgroup USB_LL_Exported_Functions_Group1 Initialization/de-initialization functions
  65:Drivers/STM32F4xx_HAL_Driver/Src/stm32f4xx_ll_usb.c ****   *  @brief    Initialization and Configuration functions
  66:Drivers/STM32F4xx_HAL_Driver/Src/stm32f4xx_ll_usb.c ****   *
  67:Drivers/STM32F4xx_HAL_Driver/Src/stm32f4xx_ll_usb.c **** @verbatim
  68:Drivers/STM32F4xx_HAL_Driver/Src/stm32f4xx_ll_usb.c ****  ===============================================================================
  69:Drivers/STM32F4xx_HAL_Driver/Src/stm32f4xx_ll_usb.c ****                       ##### Initialization/de-initialization functions #####
  70:Drivers/STM32F4xx_HAL_Driver/Src/stm32f4xx_ll_usb.c ****  ===============================================================================
  71:Drivers/STM32F4xx_HAL_Driver/Src/stm32f4xx_ll_usb.c **** 
  72:Drivers/STM32F4xx_HAL_Driver/Src/stm32f4xx_ll_usb.c **** @endverbatim
  73:Drivers/STM32F4xx_HAL_Driver/Src/stm32f4xx_ll_usb.c ****   * @{
  74:Drivers/STM32F4xx_HAL_Driver/Src/stm32f4xx_ll_usb.c ****   */
  75:Drivers/STM32F4xx_HAL_Driver/Src/stm32f4xx_ll_usb.c **** 
  76:Drivers/STM32F4xx_HAL_Driver/Src/stm32f4xx_ll_usb.c **** /**
  77:Drivers/STM32F4xx_HAL_Driver/Src/stm32f4xx_ll_usb.c ****   * @brief  Initializes the USB Core
  78:Drivers/STM32F4xx_HAL_Driver/Src/stm32f4xx_ll_usb.c ****   * @param  USBx USB Instance
  79:Drivers/STM32F4xx_HAL_Driver/Src/stm32f4xx_ll_usb.c ****   * @param  cfg pointer to a USB_OTG_CfgTypeDef structure that contains
  80:Drivers/STM32F4xx_HAL_Driver/Src/stm32f4xx_ll_usb.c ****   *         the configuration information for the specified USBx peripheral.
  81:Drivers/STM32F4xx_HAL_Driver/Src/stm32f4xx_ll_usb.c ****   * @retval HAL status
  82:Drivers/STM32F4xx_HAL_Driver/Src/stm32f4xx_ll_usb.c ****   */
  83:Drivers/STM32F4xx_HAL_Driver/Src/stm32f4xx_ll_usb.c **** HAL_StatusTypeDef USB_CoreInit(USB_OTG_GlobalTypeDef *USBx, USB_OTG_CfgTypeDef cfg)
  84:Drivers/STM32F4xx_HAL_Driver/Src/stm32f4xx_ll_usb.c **** {
  85:Drivers/STM32F4xx_HAL_Driver/Src/stm32f4xx_ll_usb.c ****   HAL_StatusTypeDef ret;
  86:Drivers/STM32F4xx_HAL_Driver/Src/stm32f4xx_ll_usb.c ****   if (cfg.phy_itface == USB_OTG_ULPI_PHY)
  87:Drivers/STM32F4xx_HAL_Driver/Src/stm32f4xx_ll_usb.c ****   {
ARM GAS  /tmp/ccoaixhI.s 			page 3


  88:Drivers/STM32F4xx_HAL_Driver/Src/stm32f4xx_ll_usb.c ****     USBx->GCCFG &= ~(USB_OTG_GCCFG_PWRDWN);
  89:Drivers/STM32F4xx_HAL_Driver/Src/stm32f4xx_ll_usb.c **** 
  90:Drivers/STM32F4xx_HAL_Driver/Src/stm32f4xx_ll_usb.c ****     /* Init The ULPI Interface */
  91:Drivers/STM32F4xx_HAL_Driver/Src/stm32f4xx_ll_usb.c ****     USBx->GUSBCFG &= ~(USB_OTG_GUSBCFG_TSDPS | USB_OTG_GUSBCFG_ULPIFSLS | USB_OTG_GUSBCFG_PHYSEL);
  92:Drivers/STM32F4xx_HAL_Driver/Src/stm32f4xx_ll_usb.c **** 
  93:Drivers/STM32F4xx_HAL_Driver/Src/stm32f4xx_ll_usb.c ****     /* Select vbus source */
  94:Drivers/STM32F4xx_HAL_Driver/Src/stm32f4xx_ll_usb.c ****     USBx->GUSBCFG &= ~(USB_OTG_GUSBCFG_ULPIEVBUSD | USB_OTG_GUSBCFG_ULPIEVBUSI);
  95:Drivers/STM32F4xx_HAL_Driver/Src/stm32f4xx_ll_usb.c ****     if (cfg.use_external_vbus == 1U)
  96:Drivers/STM32F4xx_HAL_Driver/Src/stm32f4xx_ll_usb.c ****     {
  97:Drivers/STM32F4xx_HAL_Driver/Src/stm32f4xx_ll_usb.c ****       USBx->GUSBCFG |= USB_OTG_GUSBCFG_ULPIEVBUSD;
  98:Drivers/STM32F4xx_HAL_Driver/Src/stm32f4xx_ll_usb.c ****     }
  99:Drivers/STM32F4xx_HAL_Driver/Src/stm32f4xx_ll_usb.c **** 
 100:Drivers/STM32F4xx_HAL_Driver/Src/stm32f4xx_ll_usb.c ****     /* Reset after a PHY select */
 101:Drivers/STM32F4xx_HAL_Driver/Src/stm32f4xx_ll_usb.c ****     ret = USB_CoreReset(USBx);
 102:Drivers/STM32F4xx_HAL_Driver/Src/stm32f4xx_ll_usb.c ****   }
 103:Drivers/STM32F4xx_HAL_Driver/Src/stm32f4xx_ll_usb.c ****   else /* FS interface (embedded Phy) */
 104:Drivers/STM32F4xx_HAL_Driver/Src/stm32f4xx_ll_usb.c ****   {
 105:Drivers/STM32F4xx_HAL_Driver/Src/stm32f4xx_ll_usb.c ****     /* Select FS Embedded PHY */
 106:Drivers/STM32F4xx_HAL_Driver/Src/stm32f4xx_ll_usb.c ****     USBx->GUSBCFG |= USB_OTG_GUSBCFG_PHYSEL;
 107:Drivers/STM32F4xx_HAL_Driver/Src/stm32f4xx_ll_usb.c **** 
 108:Drivers/STM32F4xx_HAL_Driver/Src/stm32f4xx_ll_usb.c ****     /* Reset after a PHY select */
 109:Drivers/STM32F4xx_HAL_Driver/Src/stm32f4xx_ll_usb.c ****     ret = USB_CoreReset(USBx);
 110:Drivers/STM32F4xx_HAL_Driver/Src/stm32f4xx_ll_usb.c **** 
 111:Drivers/STM32F4xx_HAL_Driver/Src/stm32f4xx_ll_usb.c ****     if (cfg.battery_charging_enable == 0U)
 112:Drivers/STM32F4xx_HAL_Driver/Src/stm32f4xx_ll_usb.c ****     {
 113:Drivers/STM32F4xx_HAL_Driver/Src/stm32f4xx_ll_usb.c ****       /* Activate the USB Transceiver */
 114:Drivers/STM32F4xx_HAL_Driver/Src/stm32f4xx_ll_usb.c ****       USBx->GCCFG |= USB_OTG_GCCFG_PWRDWN;
 115:Drivers/STM32F4xx_HAL_Driver/Src/stm32f4xx_ll_usb.c ****     }
 116:Drivers/STM32F4xx_HAL_Driver/Src/stm32f4xx_ll_usb.c ****     else
 117:Drivers/STM32F4xx_HAL_Driver/Src/stm32f4xx_ll_usb.c ****     {
 118:Drivers/STM32F4xx_HAL_Driver/Src/stm32f4xx_ll_usb.c ****       /* Deactivate the USB Transceiver */
 119:Drivers/STM32F4xx_HAL_Driver/Src/stm32f4xx_ll_usb.c ****       USBx->GCCFG &= ~(USB_OTG_GCCFG_PWRDWN);
 120:Drivers/STM32F4xx_HAL_Driver/Src/stm32f4xx_ll_usb.c ****     }
 121:Drivers/STM32F4xx_HAL_Driver/Src/stm32f4xx_ll_usb.c ****   }
 122:Drivers/STM32F4xx_HAL_Driver/Src/stm32f4xx_ll_usb.c **** 
 123:Drivers/STM32F4xx_HAL_Driver/Src/stm32f4xx_ll_usb.c ****   if (cfg.dma_enable == 1U)
 124:Drivers/STM32F4xx_HAL_Driver/Src/stm32f4xx_ll_usb.c ****   {
 125:Drivers/STM32F4xx_HAL_Driver/Src/stm32f4xx_ll_usb.c ****     USBx->GAHBCFG |= USB_OTG_GAHBCFG_HBSTLEN_2;
 126:Drivers/STM32F4xx_HAL_Driver/Src/stm32f4xx_ll_usb.c ****     USBx->GAHBCFG |= USB_OTG_GAHBCFG_DMAEN;
 127:Drivers/STM32F4xx_HAL_Driver/Src/stm32f4xx_ll_usb.c ****   }
 128:Drivers/STM32F4xx_HAL_Driver/Src/stm32f4xx_ll_usb.c **** 
 129:Drivers/STM32F4xx_HAL_Driver/Src/stm32f4xx_ll_usb.c ****   return ret;
 130:Drivers/STM32F4xx_HAL_Driver/Src/stm32f4xx_ll_usb.c **** }
 131:Drivers/STM32F4xx_HAL_Driver/Src/stm32f4xx_ll_usb.c **** 
 132:Drivers/STM32F4xx_HAL_Driver/Src/stm32f4xx_ll_usb.c **** 
 133:Drivers/STM32F4xx_HAL_Driver/Src/stm32f4xx_ll_usb.c **** /**
 134:Drivers/STM32F4xx_HAL_Driver/Src/stm32f4xx_ll_usb.c ****   * @brief  Set the USB turnaround time
 135:Drivers/STM32F4xx_HAL_Driver/Src/stm32f4xx_ll_usb.c ****   * @param  USBx USB Instance
 136:Drivers/STM32F4xx_HAL_Driver/Src/stm32f4xx_ll_usb.c ****   * @param  hclk: AHB clock frequency
 137:Drivers/STM32F4xx_HAL_Driver/Src/stm32f4xx_ll_usb.c ****   * @retval USB turnaround time In PHY Clocks number
 138:Drivers/STM32F4xx_HAL_Driver/Src/stm32f4xx_ll_usb.c ****   */
 139:Drivers/STM32F4xx_HAL_Driver/Src/stm32f4xx_ll_usb.c **** HAL_StatusTypeDef USB_SetTurnaroundTime(USB_OTG_GlobalTypeDef *USBx,
 140:Drivers/STM32F4xx_HAL_Driver/Src/stm32f4xx_ll_usb.c ****                                         uint32_t hclk, uint8_t speed)
 141:Drivers/STM32F4xx_HAL_Driver/Src/stm32f4xx_ll_usb.c **** {
 142:Drivers/STM32F4xx_HAL_Driver/Src/stm32f4xx_ll_usb.c ****   uint32_t UsbTrd;
 143:Drivers/STM32F4xx_HAL_Driver/Src/stm32f4xx_ll_usb.c **** 
 144:Drivers/STM32F4xx_HAL_Driver/Src/stm32f4xx_ll_usb.c ****   /* The USBTRD is configured according to the tables below, depending on AHB frequency
ARM GAS  /tmp/ccoaixhI.s 			page 4


 145:Drivers/STM32F4xx_HAL_Driver/Src/stm32f4xx_ll_usb.c ****   used by application. In the low AHB frequency range it is used to stretch enough the USB response
 146:Drivers/STM32F4xx_HAL_Driver/Src/stm32f4xx_ll_usb.c ****   time to IN tokens, the USB turnaround time, so to compensate for the longer AHB read access
 147:Drivers/STM32F4xx_HAL_Driver/Src/stm32f4xx_ll_usb.c ****   latency to the Data FIFO */
 148:Drivers/STM32F4xx_HAL_Driver/Src/stm32f4xx_ll_usb.c ****   if (speed == USBD_FS_SPEED)
 149:Drivers/STM32F4xx_HAL_Driver/Src/stm32f4xx_ll_usb.c ****   {
 150:Drivers/STM32F4xx_HAL_Driver/Src/stm32f4xx_ll_usb.c ****     if ((hclk >= 14200000U) && (hclk < 15000000U))
 151:Drivers/STM32F4xx_HAL_Driver/Src/stm32f4xx_ll_usb.c ****     {
 152:Drivers/STM32F4xx_HAL_Driver/Src/stm32f4xx_ll_usb.c ****       /* hclk Clock Range between 14.2-15 MHz */
 153:Drivers/STM32F4xx_HAL_Driver/Src/stm32f4xx_ll_usb.c ****       UsbTrd = 0xFU;
 154:Drivers/STM32F4xx_HAL_Driver/Src/stm32f4xx_ll_usb.c ****     }
 155:Drivers/STM32F4xx_HAL_Driver/Src/stm32f4xx_ll_usb.c ****     else if ((hclk >= 15000000U) && (hclk < 16000000U))
 156:Drivers/STM32F4xx_HAL_Driver/Src/stm32f4xx_ll_usb.c ****     {
 157:Drivers/STM32F4xx_HAL_Driver/Src/stm32f4xx_ll_usb.c ****       /* hclk Clock Range between 15-16 MHz */
 158:Drivers/STM32F4xx_HAL_Driver/Src/stm32f4xx_ll_usb.c ****       UsbTrd = 0xEU;
 159:Drivers/STM32F4xx_HAL_Driver/Src/stm32f4xx_ll_usb.c ****     }
 160:Drivers/STM32F4xx_HAL_Driver/Src/stm32f4xx_ll_usb.c ****     else if ((hclk >= 16000000U) && (hclk < 17200000U))
 161:Drivers/STM32F4xx_HAL_Driver/Src/stm32f4xx_ll_usb.c ****     {
 162:Drivers/STM32F4xx_HAL_Driver/Src/stm32f4xx_ll_usb.c ****       /* hclk Clock Range between 16-17.2 MHz */
 163:Drivers/STM32F4xx_HAL_Driver/Src/stm32f4xx_ll_usb.c ****       UsbTrd = 0xDU;
 164:Drivers/STM32F4xx_HAL_Driver/Src/stm32f4xx_ll_usb.c ****     }
 165:Drivers/STM32F4xx_HAL_Driver/Src/stm32f4xx_ll_usb.c ****     else if ((hclk >= 17200000U) && (hclk < 18500000U))
 166:Drivers/STM32F4xx_HAL_Driver/Src/stm32f4xx_ll_usb.c ****     {
 167:Drivers/STM32F4xx_HAL_Driver/Src/stm32f4xx_ll_usb.c ****       /* hclk Clock Range between 17.2-18.5 MHz */
 168:Drivers/STM32F4xx_HAL_Driver/Src/stm32f4xx_ll_usb.c ****       UsbTrd = 0xCU;
 169:Drivers/STM32F4xx_HAL_Driver/Src/stm32f4xx_ll_usb.c ****     }
 170:Drivers/STM32F4xx_HAL_Driver/Src/stm32f4xx_ll_usb.c ****     else if ((hclk >= 18500000U) && (hclk < 20000000U))
 171:Drivers/STM32F4xx_HAL_Driver/Src/stm32f4xx_ll_usb.c ****     {
 172:Drivers/STM32F4xx_HAL_Driver/Src/stm32f4xx_ll_usb.c ****       /* hclk Clock Range between 18.5-20 MHz */
 173:Drivers/STM32F4xx_HAL_Driver/Src/stm32f4xx_ll_usb.c ****       UsbTrd = 0xBU;
 174:Drivers/STM32F4xx_HAL_Driver/Src/stm32f4xx_ll_usb.c ****     }
 175:Drivers/STM32F4xx_HAL_Driver/Src/stm32f4xx_ll_usb.c ****     else if ((hclk >= 20000000U) && (hclk < 21800000U))
 176:Drivers/STM32F4xx_HAL_Driver/Src/stm32f4xx_ll_usb.c ****     {
 177:Drivers/STM32F4xx_HAL_Driver/Src/stm32f4xx_ll_usb.c ****       /* hclk Clock Range between 20-21.8 MHz */
 178:Drivers/STM32F4xx_HAL_Driver/Src/stm32f4xx_ll_usb.c ****       UsbTrd = 0xAU;
 179:Drivers/STM32F4xx_HAL_Driver/Src/stm32f4xx_ll_usb.c ****     }
 180:Drivers/STM32F4xx_HAL_Driver/Src/stm32f4xx_ll_usb.c ****     else if ((hclk >= 21800000U) && (hclk < 24000000U))
 181:Drivers/STM32F4xx_HAL_Driver/Src/stm32f4xx_ll_usb.c ****     {
 182:Drivers/STM32F4xx_HAL_Driver/Src/stm32f4xx_ll_usb.c ****       /* hclk Clock Range between 21.8-24 MHz */
 183:Drivers/STM32F4xx_HAL_Driver/Src/stm32f4xx_ll_usb.c ****       UsbTrd = 0x9U;
 184:Drivers/STM32F4xx_HAL_Driver/Src/stm32f4xx_ll_usb.c ****     }
 185:Drivers/STM32F4xx_HAL_Driver/Src/stm32f4xx_ll_usb.c ****     else if ((hclk >= 24000000U) && (hclk < 27700000U))
 186:Drivers/STM32F4xx_HAL_Driver/Src/stm32f4xx_ll_usb.c ****     {
 187:Drivers/STM32F4xx_HAL_Driver/Src/stm32f4xx_ll_usb.c ****       /* hclk Clock Range between 24-27.7 MHz */
 188:Drivers/STM32F4xx_HAL_Driver/Src/stm32f4xx_ll_usb.c ****       UsbTrd = 0x8U;
 189:Drivers/STM32F4xx_HAL_Driver/Src/stm32f4xx_ll_usb.c ****     }
 190:Drivers/STM32F4xx_HAL_Driver/Src/stm32f4xx_ll_usb.c ****     else if ((hclk >= 27700000U) && (hclk < 32000000U))
 191:Drivers/STM32F4xx_HAL_Driver/Src/stm32f4xx_ll_usb.c ****     {
 192:Drivers/STM32F4xx_HAL_Driver/Src/stm32f4xx_ll_usb.c ****       /* hclk Clock Range between 27.7-32 MHz */
 193:Drivers/STM32F4xx_HAL_Driver/Src/stm32f4xx_ll_usb.c ****       UsbTrd = 0x7U;
 194:Drivers/STM32F4xx_HAL_Driver/Src/stm32f4xx_ll_usb.c ****     }
 195:Drivers/STM32F4xx_HAL_Driver/Src/stm32f4xx_ll_usb.c ****     else /* if(hclk >= 32000000) */
 196:Drivers/STM32F4xx_HAL_Driver/Src/stm32f4xx_ll_usb.c ****     {
 197:Drivers/STM32F4xx_HAL_Driver/Src/stm32f4xx_ll_usb.c ****       /* hclk Clock Range between 32-200 MHz */
 198:Drivers/STM32F4xx_HAL_Driver/Src/stm32f4xx_ll_usb.c ****       UsbTrd = 0x6U;
 199:Drivers/STM32F4xx_HAL_Driver/Src/stm32f4xx_ll_usb.c ****     }
 200:Drivers/STM32F4xx_HAL_Driver/Src/stm32f4xx_ll_usb.c ****   }
 201:Drivers/STM32F4xx_HAL_Driver/Src/stm32f4xx_ll_usb.c ****   else if (speed == USBD_HS_SPEED)
ARM GAS  /tmp/ccoaixhI.s 			page 5


 202:Drivers/STM32F4xx_HAL_Driver/Src/stm32f4xx_ll_usb.c ****   {
 203:Drivers/STM32F4xx_HAL_Driver/Src/stm32f4xx_ll_usb.c ****     UsbTrd = USBD_HS_TRDT_VALUE;
 204:Drivers/STM32F4xx_HAL_Driver/Src/stm32f4xx_ll_usb.c ****   }
 205:Drivers/STM32F4xx_HAL_Driver/Src/stm32f4xx_ll_usb.c ****   else
 206:Drivers/STM32F4xx_HAL_Driver/Src/stm32f4xx_ll_usb.c ****   {
 207:Drivers/STM32F4xx_HAL_Driver/Src/stm32f4xx_ll_usb.c ****     UsbTrd = USBD_DEFAULT_TRDT_VALUE;
 208:Drivers/STM32F4xx_HAL_Driver/Src/stm32f4xx_ll_usb.c ****   }
 209:Drivers/STM32F4xx_HAL_Driver/Src/stm32f4xx_ll_usb.c **** 
 210:Drivers/STM32F4xx_HAL_Driver/Src/stm32f4xx_ll_usb.c ****   USBx->GUSBCFG &= ~USB_OTG_GUSBCFG_TRDT;
 211:Drivers/STM32F4xx_HAL_Driver/Src/stm32f4xx_ll_usb.c ****   USBx->GUSBCFG |= (uint32_t)((UsbTrd << 10) & USB_OTG_GUSBCFG_TRDT);
 212:Drivers/STM32F4xx_HAL_Driver/Src/stm32f4xx_ll_usb.c **** 
 213:Drivers/STM32F4xx_HAL_Driver/Src/stm32f4xx_ll_usb.c ****   return HAL_OK;
 214:Drivers/STM32F4xx_HAL_Driver/Src/stm32f4xx_ll_usb.c **** }
 215:Drivers/STM32F4xx_HAL_Driver/Src/stm32f4xx_ll_usb.c **** 
 216:Drivers/STM32F4xx_HAL_Driver/Src/stm32f4xx_ll_usb.c **** /**
 217:Drivers/STM32F4xx_HAL_Driver/Src/stm32f4xx_ll_usb.c ****   * @brief  USB_EnableGlobalInt
 218:Drivers/STM32F4xx_HAL_Driver/Src/stm32f4xx_ll_usb.c ****   *         Enables the controller's Global Int in the AHB Config reg
 219:Drivers/STM32F4xx_HAL_Driver/Src/stm32f4xx_ll_usb.c ****   * @param  USBx  Selected device
 220:Drivers/STM32F4xx_HAL_Driver/Src/stm32f4xx_ll_usb.c ****   * @retval HAL status
 221:Drivers/STM32F4xx_HAL_Driver/Src/stm32f4xx_ll_usb.c ****   */
 222:Drivers/STM32F4xx_HAL_Driver/Src/stm32f4xx_ll_usb.c **** HAL_StatusTypeDef USB_EnableGlobalInt(USB_OTG_GlobalTypeDef *USBx)
 223:Drivers/STM32F4xx_HAL_Driver/Src/stm32f4xx_ll_usb.c **** {
 224:Drivers/STM32F4xx_HAL_Driver/Src/stm32f4xx_ll_usb.c ****   USBx->GAHBCFG |= USB_OTG_GAHBCFG_GINT;
 225:Drivers/STM32F4xx_HAL_Driver/Src/stm32f4xx_ll_usb.c ****   return HAL_OK;
 226:Drivers/STM32F4xx_HAL_Driver/Src/stm32f4xx_ll_usb.c **** }
 227:Drivers/STM32F4xx_HAL_Driver/Src/stm32f4xx_ll_usb.c **** 
 228:Drivers/STM32F4xx_HAL_Driver/Src/stm32f4xx_ll_usb.c **** /**
 229:Drivers/STM32F4xx_HAL_Driver/Src/stm32f4xx_ll_usb.c ****   * @brief  USB_DisableGlobalInt
 230:Drivers/STM32F4xx_HAL_Driver/Src/stm32f4xx_ll_usb.c ****   *         Disable the controller's Global Int in the AHB Config reg
 231:Drivers/STM32F4xx_HAL_Driver/Src/stm32f4xx_ll_usb.c ****   * @param  USBx  Selected device
 232:Drivers/STM32F4xx_HAL_Driver/Src/stm32f4xx_ll_usb.c ****   * @retval HAL status
 233:Drivers/STM32F4xx_HAL_Driver/Src/stm32f4xx_ll_usb.c ****   */
 234:Drivers/STM32F4xx_HAL_Driver/Src/stm32f4xx_ll_usb.c **** HAL_StatusTypeDef USB_DisableGlobalInt(USB_OTG_GlobalTypeDef *USBx)
 235:Drivers/STM32F4xx_HAL_Driver/Src/stm32f4xx_ll_usb.c **** {
 236:Drivers/STM32F4xx_HAL_Driver/Src/stm32f4xx_ll_usb.c ****   USBx->GAHBCFG &= ~USB_OTG_GAHBCFG_GINT;
 237:Drivers/STM32F4xx_HAL_Driver/Src/stm32f4xx_ll_usb.c ****   return HAL_OK;
 238:Drivers/STM32F4xx_HAL_Driver/Src/stm32f4xx_ll_usb.c **** }
 239:Drivers/STM32F4xx_HAL_Driver/Src/stm32f4xx_ll_usb.c **** 
 240:Drivers/STM32F4xx_HAL_Driver/Src/stm32f4xx_ll_usb.c **** /**
 241:Drivers/STM32F4xx_HAL_Driver/Src/stm32f4xx_ll_usb.c ****   * @brief  USB_SetCurrentMode Set functional mode
 242:Drivers/STM32F4xx_HAL_Driver/Src/stm32f4xx_ll_usb.c ****   * @param  USBx  Selected device
 243:Drivers/STM32F4xx_HAL_Driver/Src/stm32f4xx_ll_usb.c ****   * @param  mode  current core mode
 244:Drivers/STM32F4xx_HAL_Driver/Src/stm32f4xx_ll_usb.c ****   *          This parameter can be one of these values:
 245:Drivers/STM32F4xx_HAL_Driver/Src/stm32f4xx_ll_usb.c ****   *            @arg USB_DEVICE_MODE Peripheral mode
 246:Drivers/STM32F4xx_HAL_Driver/Src/stm32f4xx_ll_usb.c ****   *            @arg USB_HOST_MODE Host mode
 247:Drivers/STM32F4xx_HAL_Driver/Src/stm32f4xx_ll_usb.c ****   * @retval HAL status
 248:Drivers/STM32F4xx_HAL_Driver/Src/stm32f4xx_ll_usb.c ****   */
 249:Drivers/STM32F4xx_HAL_Driver/Src/stm32f4xx_ll_usb.c **** HAL_StatusTypeDef USB_SetCurrentMode(USB_OTG_GlobalTypeDef *USBx, USB_OTG_ModeTypeDef mode)
 250:Drivers/STM32F4xx_HAL_Driver/Src/stm32f4xx_ll_usb.c **** {
 251:Drivers/STM32F4xx_HAL_Driver/Src/stm32f4xx_ll_usb.c ****   uint32_t ms = 0U;
 252:Drivers/STM32F4xx_HAL_Driver/Src/stm32f4xx_ll_usb.c **** 
 253:Drivers/STM32F4xx_HAL_Driver/Src/stm32f4xx_ll_usb.c ****   USBx->GUSBCFG &= ~(USB_OTG_GUSBCFG_FHMOD | USB_OTG_GUSBCFG_FDMOD);
 254:Drivers/STM32F4xx_HAL_Driver/Src/stm32f4xx_ll_usb.c **** 
 255:Drivers/STM32F4xx_HAL_Driver/Src/stm32f4xx_ll_usb.c ****   if (mode == USB_HOST_MODE)
 256:Drivers/STM32F4xx_HAL_Driver/Src/stm32f4xx_ll_usb.c ****   {
 257:Drivers/STM32F4xx_HAL_Driver/Src/stm32f4xx_ll_usb.c ****     USBx->GUSBCFG |= USB_OTG_GUSBCFG_FHMOD;
 258:Drivers/STM32F4xx_HAL_Driver/Src/stm32f4xx_ll_usb.c **** 
ARM GAS  /tmp/ccoaixhI.s 			page 6


 259:Drivers/STM32F4xx_HAL_Driver/Src/stm32f4xx_ll_usb.c ****     do
 260:Drivers/STM32F4xx_HAL_Driver/Src/stm32f4xx_ll_usb.c ****     {
 261:Drivers/STM32F4xx_HAL_Driver/Src/stm32f4xx_ll_usb.c ****       HAL_Delay(10U);
 262:Drivers/STM32F4xx_HAL_Driver/Src/stm32f4xx_ll_usb.c ****       ms += 10U;
 263:Drivers/STM32F4xx_HAL_Driver/Src/stm32f4xx_ll_usb.c ****     } while ((USB_GetMode(USBx) != (uint32_t)USB_HOST_MODE) && (ms < HAL_USB_CURRENT_MODE_MAX_DELAY
 264:Drivers/STM32F4xx_HAL_Driver/Src/stm32f4xx_ll_usb.c ****   }
 265:Drivers/STM32F4xx_HAL_Driver/Src/stm32f4xx_ll_usb.c ****   else if (mode == USB_DEVICE_MODE)
 266:Drivers/STM32F4xx_HAL_Driver/Src/stm32f4xx_ll_usb.c ****   {
 267:Drivers/STM32F4xx_HAL_Driver/Src/stm32f4xx_ll_usb.c ****     USBx->GUSBCFG |= USB_OTG_GUSBCFG_FDMOD;
 268:Drivers/STM32F4xx_HAL_Driver/Src/stm32f4xx_ll_usb.c **** 
 269:Drivers/STM32F4xx_HAL_Driver/Src/stm32f4xx_ll_usb.c ****     do
 270:Drivers/STM32F4xx_HAL_Driver/Src/stm32f4xx_ll_usb.c ****     {
 271:Drivers/STM32F4xx_HAL_Driver/Src/stm32f4xx_ll_usb.c ****       HAL_Delay(10U);
 272:Drivers/STM32F4xx_HAL_Driver/Src/stm32f4xx_ll_usb.c ****       ms += 10U;
 273:Drivers/STM32F4xx_HAL_Driver/Src/stm32f4xx_ll_usb.c ****     } while ((USB_GetMode(USBx) != (uint32_t)USB_DEVICE_MODE) && (ms < HAL_USB_CURRENT_MODE_MAX_DEL
 274:Drivers/STM32F4xx_HAL_Driver/Src/stm32f4xx_ll_usb.c ****   }
 275:Drivers/STM32F4xx_HAL_Driver/Src/stm32f4xx_ll_usb.c ****   else
 276:Drivers/STM32F4xx_HAL_Driver/Src/stm32f4xx_ll_usb.c ****   {
 277:Drivers/STM32F4xx_HAL_Driver/Src/stm32f4xx_ll_usb.c ****     return HAL_ERROR;
 278:Drivers/STM32F4xx_HAL_Driver/Src/stm32f4xx_ll_usb.c ****   }
 279:Drivers/STM32F4xx_HAL_Driver/Src/stm32f4xx_ll_usb.c **** 
 280:Drivers/STM32F4xx_HAL_Driver/Src/stm32f4xx_ll_usb.c ****   if (ms == HAL_USB_CURRENT_MODE_MAX_DELAY_MS)
 281:Drivers/STM32F4xx_HAL_Driver/Src/stm32f4xx_ll_usb.c ****   {
 282:Drivers/STM32F4xx_HAL_Driver/Src/stm32f4xx_ll_usb.c ****     return HAL_ERROR;
 283:Drivers/STM32F4xx_HAL_Driver/Src/stm32f4xx_ll_usb.c ****   }
 284:Drivers/STM32F4xx_HAL_Driver/Src/stm32f4xx_ll_usb.c **** 
 285:Drivers/STM32F4xx_HAL_Driver/Src/stm32f4xx_ll_usb.c ****   return HAL_OK;
 286:Drivers/STM32F4xx_HAL_Driver/Src/stm32f4xx_ll_usb.c **** }
 287:Drivers/STM32F4xx_HAL_Driver/Src/stm32f4xx_ll_usb.c **** 
 288:Drivers/STM32F4xx_HAL_Driver/Src/stm32f4xx_ll_usb.c **** /**
 289:Drivers/STM32F4xx_HAL_Driver/Src/stm32f4xx_ll_usb.c ****   * @brief  USB_DevInit Initializes the USB_OTG controller registers
 290:Drivers/STM32F4xx_HAL_Driver/Src/stm32f4xx_ll_usb.c ****   *         for device mode
 291:Drivers/STM32F4xx_HAL_Driver/Src/stm32f4xx_ll_usb.c ****   * @param  USBx  Selected device
 292:Drivers/STM32F4xx_HAL_Driver/Src/stm32f4xx_ll_usb.c ****   * @param  cfg   pointer to a USB_OTG_CfgTypeDef structure that contains
 293:Drivers/STM32F4xx_HAL_Driver/Src/stm32f4xx_ll_usb.c ****   *         the configuration information for the specified USBx peripheral.
 294:Drivers/STM32F4xx_HAL_Driver/Src/stm32f4xx_ll_usb.c ****   * @retval HAL status
 295:Drivers/STM32F4xx_HAL_Driver/Src/stm32f4xx_ll_usb.c ****   */
 296:Drivers/STM32F4xx_HAL_Driver/Src/stm32f4xx_ll_usb.c **** HAL_StatusTypeDef USB_DevInit(USB_OTG_GlobalTypeDef *USBx, USB_OTG_CfgTypeDef cfg)
 297:Drivers/STM32F4xx_HAL_Driver/Src/stm32f4xx_ll_usb.c **** {
 298:Drivers/STM32F4xx_HAL_Driver/Src/stm32f4xx_ll_usb.c ****   HAL_StatusTypeDef ret = HAL_OK;
 299:Drivers/STM32F4xx_HAL_Driver/Src/stm32f4xx_ll_usb.c ****   uint32_t USBx_BASE = (uint32_t)USBx;
 300:Drivers/STM32F4xx_HAL_Driver/Src/stm32f4xx_ll_usb.c ****   uint32_t i;
 301:Drivers/STM32F4xx_HAL_Driver/Src/stm32f4xx_ll_usb.c **** 
 302:Drivers/STM32F4xx_HAL_Driver/Src/stm32f4xx_ll_usb.c ****   for (i = 0U; i < 15U; i++)
 303:Drivers/STM32F4xx_HAL_Driver/Src/stm32f4xx_ll_usb.c ****   {
 304:Drivers/STM32F4xx_HAL_Driver/Src/stm32f4xx_ll_usb.c ****     USBx->DIEPTXF[i] = 0U;
 305:Drivers/STM32F4xx_HAL_Driver/Src/stm32f4xx_ll_usb.c ****   }
 306:Drivers/STM32F4xx_HAL_Driver/Src/stm32f4xx_ll_usb.c **** 
 307:Drivers/STM32F4xx_HAL_Driver/Src/stm32f4xx_ll_usb.c **** #if defined(STM32F446xx) || defined(STM32F469xx) || defined(STM32F479xx) || defined(STM32F412Zx) \
 308:Drivers/STM32F4xx_HAL_Driver/Src/stm32f4xx_ll_usb.c ****  || defined(STM32F412Vx) || defined(STM32F412Rx) || defined(STM32F412Cx) || defined(STM32F413xx) \
 309:Drivers/STM32F4xx_HAL_Driver/Src/stm32f4xx_ll_usb.c ****  || defined(STM32F423xx)
 310:Drivers/STM32F4xx_HAL_Driver/Src/stm32f4xx_ll_usb.c ****   /* VBUS Sensing setup */
 311:Drivers/STM32F4xx_HAL_Driver/Src/stm32f4xx_ll_usb.c ****   if (cfg.vbus_sensing_enable == 0U)
 312:Drivers/STM32F4xx_HAL_Driver/Src/stm32f4xx_ll_usb.c ****   {
 313:Drivers/STM32F4xx_HAL_Driver/Src/stm32f4xx_ll_usb.c ****     USBx_DEVICE->DCTL |= USB_OTG_DCTL_SDIS;
 314:Drivers/STM32F4xx_HAL_Driver/Src/stm32f4xx_ll_usb.c **** 
 315:Drivers/STM32F4xx_HAL_Driver/Src/stm32f4xx_ll_usb.c ****     /* Deactivate VBUS Sensing B */
ARM GAS  /tmp/ccoaixhI.s 			page 7


 316:Drivers/STM32F4xx_HAL_Driver/Src/stm32f4xx_ll_usb.c ****     USBx->GCCFG &= ~USB_OTG_GCCFG_VBDEN;
 317:Drivers/STM32F4xx_HAL_Driver/Src/stm32f4xx_ll_usb.c **** 
 318:Drivers/STM32F4xx_HAL_Driver/Src/stm32f4xx_ll_usb.c ****     /* B-peripheral session valid override enable */
 319:Drivers/STM32F4xx_HAL_Driver/Src/stm32f4xx_ll_usb.c ****     USBx->GOTGCTL |= USB_OTG_GOTGCTL_BVALOEN;
 320:Drivers/STM32F4xx_HAL_Driver/Src/stm32f4xx_ll_usb.c ****     USBx->GOTGCTL |= USB_OTG_GOTGCTL_BVALOVAL;
 321:Drivers/STM32F4xx_HAL_Driver/Src/stm32f4xx_ll_usb.c ****   }
 322:Drivers/STM32F4xx_HAL_Driver/Src/stm32f4xx_ll_usb.c ****   else
 323:Drivers/STM32F4xx_HAL_Driver/Src/stm32f4xx_ll_usb.c ****   {
 324:Drivers/STM32F4xx_HAL_Driver/Src/stm32f4xx_ll_usb.c ****     /* Enable HW VBUS sensing */
 325:Drivers/STM32F4xx_HAL_Driver/Src/stm32f4xx_ll_usb.c ****     USBx->GCCFG |= USB_OTG_GCCFG_VBDEN;
 326:Drivers/STM32F4xx_HAL_Driver/Src/stm32f4xx_ll_usb.c ****   }
 327:Drivers/STM32F4xx_HAL_Driver/Src/stm32f4xx_ll_usb.c **** #else
 328:Drivers/STM32F4xx_HAL_Driver/Src/stm32f4xx_ll_usb.c ****   /* VBUS Sensing setup */
 329:Drivers/STM32F4xx_HAL_Driver/Src/stm32f4xx_ll_usb.c ****   if (cfg.vbus_sensing_enable == 0U)
 330:Drivers/STM32F4xx_HAL_Driver/Src/stm32f4xx_ll_usb.c ****   {
 331:Drivers/STM32F4xx_HAL_Driver/Src/stm32f4xx_ll_usb.c ****     /*
 332:Drivers/STM32F4xx_HAL_Driver/Src/stm32f4xx_ll_usb.c ****      * Disable HW VBUS sensing. VBUS is internally considered to be always
 333:Drivers/STM32F4xx_HAL_Driver/Src/stm32f4xx_ll_usb.c ****      * at VBUS-Valid level (5V).
 334:Drivers/STM32F4xx_HAL_Driver/Src/stm32f4xx_ll_usb.c ****      */
 335:Drivers/STM32F4xx_HAL_Driver/Src/stm32f4xx_ll_usb.c ****     USBx_DEVICE->DCTL |= USB_OTG_DCTL_SDIS;
 336:Drivers/STM32F4xx_HAL_Driver/Src/stm32f4xx_ll_usb.c ****     USBx->GCCFG |= USB_OTG_GCCFG_NOVBUSSENS;
 337:Drivers/STM32F4xx_HAL_Driver/Src/stm32f4xx_ll_usb.c ****     USBx->GCCFG &= ~USB_OTG_GCCFG_VBUSBSEN;
 338:Drivers/STM32F4xx_HAL_Driver/Src/stm32f4xx_ll_usb.c ****     USBx->GCCFG &= ~USB_OTG_GCCFG_VBUSASEN;
 339:Drivers/STM32F4xx_HAL_Driver/Src/stm32f4xx_ll_usb.c ****   }
 340:Drivers/STM32F4xx_HAL_Driver/Src/stm32f4xx_ll_usb.c ****   else
 341:Drivers/STM32F4xx_HAL_Driver/Src/stm32f4xx_ll_usb.c ****   {
 342:Drivers/STM32F4xx_HAL_Driver/Src/stm32f4xx_ll_usb.c ****     /* Enable HW VBUS sensing */
 343:Drivers/STM32F4xx_HAL_Driver/Src/stm32f4xx_ll_usb.c ****     USBx->GCCFG &= ~USB_OTG_GCCFG_NOVBUSSENS;
 344:Drivers/STM32F4xx_HAL_Driver/Src/stm32f4xx_ll_usb.c ****     USBx->GCCFG |= USB_OTG_GCCFG_VBUSBSEN;
 345:Drivers/STM32F4xx_HAL_Driver/Src/stm32f4xx_ll_usb.c ****   }
 346:Drivers/STM32F4xx_HAL_Driver/Src/stm32f4xx_ll_usb.c **** #endif /* defined(STM32F446xx) || defined(STM32F469xx) || defined(STM32F479xx) || defined(STM32F412
 347:Drivers/STM32F4xx_HAL_Driver/Src/stm32f4xx_ll_usb.c ****           defined(STM32F412Vx) || defined(STM32F412Rx) || defined(STM32F412Cx) || defined(STM32F413
 348:Drivers/STM32F4xx_HAL_Driver/Src/stm32f4xx_ll_usb.c ****           defined(STM32F423xx) */
 349:Drivers/STM32F4xx_HAL_Driver/Src/stm32f4xx_ll_usb.c **** 
 350:Drivers/STM32F4xx_HAL_Driver/Src/stm32f4xx_ll_usb.c ****   /* Restart the Phy Clock */
 351:Drivers/STM32F4xx_HAL_Driver/Src/stm32f4xx_ll_usb.c ****   USBx_PCGCCTL = 0U;
 352:Drivers/STM32F4xx_HAL_Driver/Src/stm32f4xx_ll_usb.c **** 
 353:Drivers/STM32F4xx_HAL_Driver/Src/stm32f4xx_ll_usb.c ****   if (cfg.phy_itface == USB_OTG_ULPI_PHY)
 354:Drivers/STM32F4xx_HAL_Driver/Src/stm32f4xx_ll_usb.c ****   {
 355:Drivers/STM32F4xx_HAL_Driver/Src/stm32f4xx_ll_usb.c ****     if (cfg.speed == USBD_HS_SPEED)
 356:Drivers/STM32F4xx_HAL_Driver/Src/stm32f4xx_ll_usb.c ****     {
 357:Drivers/STM32F4xx_HAL_Driver/Src/stm32f4xx_ll_usb.c ****       /* Set Core speed to High speed mode */
 358:Drivers/STM32F4xx_HAL_Driver/Src/stm32f4xx_ll_usb.c ****       (void)USB_SetDevSpeed(USBx, USB_OTG_SPEED_HIGH);
 359:Drivers/STM32F4xx_HAL_Driver/Src/stm32f4xx_ll_usb.c ****     }
 360:Drivers/STM32F4xx_HAL_Driver/Src/stm32f4xx_ll_usb.c ****     else
 361:Drivers/STM32F4xx_HAL_Driver/Src/stm32f4xx_ll_usb.c ****     {
 362:Drivers/STM32F4xx_HAL_Driver/Src/stm32f4xx_ll_usb.c ****       /* Set Core speed to Full speed mode */
 363:Drivers/STM32F4xx_HAL_Driver/Src/stm32f4xx_ll_usb.c ****       (void)USB_SetDevSpeed(USBx, USB_OTG_SPEED_HIGH_IN_FULL);
 364:Drivers/STM32F4xx_HAL_Driver/Src/stm32f4xx_ll_usb.c ****     }
 365:Drivers/STM32F4xx_HAL_Driver/Src/stm32f4xx_ll_usb.c ****   }
 366:Drivers/STM32F4xx_HAL_Driver/Src/stm32f4xx_ll_usb.c ****   else
 367:Drivers/STM32F4xx_HAL_Driver/Src/stm32f4xx_ll_usb.c ****   {
 368:Drivers/STM32F4xx_HAL_Driver/Src/stm32f4xx_ll_usb.c ****     /* Set Core speed to Full speed mode */
 369:Drivers/STM32F4xx_HAL_Driver/Src/stm32f4xx_ll_usb.c ****     (void)USB_SetDevSpeed(USBx, USB_OTG_SPEED_FULL);
 370:Drivers/STM32F4xx_HAL_Driver/Src/stm32f4xx_ll_usb.c ****   }
 371:Drivers/STM32F4xx_HAL_Driver/Src/stm32f4xx_ll_usb.c **** 
 372:Drivers/STM32F4xx_HAL_Driver/Src/stm32f4xx_ll_usb.c ****   /* Flush the FIFOs */
ARM GAS  /tmp/ccoaixhI.s 			page 8


 373:Drivers/STM32F4xx_HAL_Driver/Src/stm32f4xx_ll_usb.c ****   if (USB_FlushTxFifo(USBx, 0x10U) != HAL_OK) /* all Tx FIFOs */
 374:Drivers/STM32F4xx_HAL_Driver/Src/stm32f4xx_ll_usb.c ****   {
 375:Drivers/STM32F4xx_HAL_Driver/Src/stm32f4xx_ll_usb.c ****     ret = HAL_ERROR;
 376:Drivers/STM32F4xx_HAL_Driver/Src/stm32f4xx_ll_usb.c ****   }
 377:Drivers/STM32F4xx_HAL_Driver/Src/stm32f4xx_ll_usb.c **** 
 378:Drivers/STM32F4xx_HAL_Driver/Src/stm32f4xx_ll_usb.c ****   if (USB_FlushRxFifo(USBx) != HAL_OK)
 379:Drivers/STM32F4xx_HAL_Driver/Src/stm32f4xx_ll_usb.c ****   {
 380:Drivers/STM32F4xx_HAL_Driver/Src/stm32f4xx_ll_usb.c ****     ret = HAL_ERROR;
 381:Drivers/STM32F4xx_HAL_Driver/Src/stm32f4xx_ll_usb.c ****   }
 382:Drivers/STM32F4xx_HAL_Driver/Src/stm32f4xx_ll_usb.c **** 
 383:Drivers/STM32F4xx_HAL_Driver/Src/stm32f4xx_ll_usb.c ****   /* Clear all pending Device Interrupts */
 384:Drivers/STM32F4xx_HAL_Driver/Src/stm32f4xx_ll_usb.c ****   USBx_DEVICE->DIEPMSK = 0U;
 385:Drivers/STM32F4xx_HAL_Driver/Src/stm32f4xx_ll_usb.c ****   USBx_DEVICE->DOEPMSK = 0U;
 386:Drivers/STM32F4xx_HAL_Driver/Src/stm32f4xx_ll_usb.c ****   USBx_DEVICE->DAINTMSK = 0U;
 387:Drivers/STM32F4xx_HAL_Driver/Src/stm32f4xx_ll_usb.c **** 
 388:Drivers/STM32F4xx_HAL_Driver/Src/stm32f4xx_ll_usb.c ****   for (i = 0U; i < cfg.dev_endpoints; i++)
 389:Drivers/STM32F4xx_HAL_Driver/Src/stm32f4xx_ll_usb.c ****   {
 390:Drivers/STM32F4xx_HAL_Driver/Src/stm32f4xx_ll_usb.c ****     if ((USBx_INEP(i)->DIEPCTL & USB_OTG_DIEPCTL_EPENA) == USB_OTG_DIEPCTL_EPENA)
 391:Drivers/STM32F4xx_HAL_Driver/Src/stm32f4xx_ll_usb.c ****     {
 392:Drivers/STM32F4xx_HAL_Driver/Src/stm32f4xx_ll_usb.c ****       if (i == 0U)
 393:Drivers/STM32F4xx_HAL_Driver/Src/stm32f4xx_ll_usb.c ****       {
 394:Drivers/STM32F4xx_HAL_Driver/Src/stm32f4xx_ll_usb.c ****         USBx_INEP(i)->DIEPCTL = USB_OTG_DIEPCTL_SNAK;
 395:Drivers/STM32F4xx_HAL_Driver/Src/stm32f4xx_ll_usb.c ****       }
 396:Drivers/STM32F4xx_HAL_Driver/Src/stm32f4xx_ll_usb.c ****       else
 397:Drivers/STM32F4xx_HAL_Driver/Src/stm32f4xx_ll_usb.c ****       {
 398:Drivers/STM32F4xx_HAL_Driver/Src/stm32f4xx_ll_usb.c ****         USBx_INEP(i)->DIEPCTL = USB_OTG_DIEPCTL_EPDIS | USB_OTG_DIEPCTL_SNAK;
 399:Drivers/STM32F4xx_HAL_Driver/Src/stm32f4xx_ll_usb.c ****       }
 400:Drivers/STM32F4xx_HAL_Driver/Src/stm32f4xx_ll_usb.c ****     }
 401:Drivers/STM32F4xx_HAL_Driver/Src/stm32f4xx_ll_usb.c ****     else
 402:Drivers/STM32F4xx_HAL_Driver/Src/stm32f4xx_ll_usb.c ****     {
 403:Drivers/STM32F4xx_HAL_Driver/Src/stm32f4xx_ll_usb.c ****       USBx_INEP(i)->DIEPCTL = 0U;
 404:Drivers/STM32F4xx_HAL_Driver/Src/stm32f4xx_ll_usb.c ****     }
 405:Drivers/STM32F4xx_HAL_Driver/Src/stm32f4xx_ll_usb.c **** 
 406:Drivers/STM32F4xx_HAL_Driver/Src/stm32f4xx_ll_usb.c ****     USBx_INEP(i)->DIEPTSIZ = 0U;
 407:Drivers/STM32F4xx_HAL_Driver/Src/stm32f4xx_ll_usb.c ****     USBx_INEP(i)->DIEPINT  = 0xFB7FU;
 408:Drivers/STM32F4xx_HAL_Driver/Src/stm32f4xx_ll_usb.c ****   }
 409:Drivers/STM32F4xx_HAL_Driver/Src/stm32f4xx_ll_usb.c **** 
 410:Drivers/STM32F4xx_HAL_Driver/Src/stm32f4xx_ll_usb.c ****   for (i = 0U; i < cfg.dev_endpoints; i++)
 411:Drivers/STM32F4xx_HAL_Driver/Src/stm32f4xx_ll_usb.c ****   {
 412:Drivers/STM32F4xx_HAL_Driver/Src/stm32f4xx_ll_usb.c ****     if ((USBx_OUTEP(i)->DOEPCTL & USB_OTG_DOEPCTL_EPENA) == USB_OTG_DOEPCTL_EPENA)
 413:Drivers/STM32F4xx_HAL_Driver/Src/stm32f4xx_ll_usb.c ****     {
 414:Drivers/STM32F4xx_HAL_Driver/Src/stm32f4xx_ll_usb.c ****       if (i == 0U)
 415:Drivers/STM32F4xx_HAL_Driver/Src/stm32f4xx_ll_usb.c ****       {
 416:Drivers/STM32F4xx_HAL_Driver/Src/stm32f4xx_ll_usb.c ****         USBx_OUTEP(i)->DOEPCTL = USB_OTG_DOEPCTL_SNAK;
 417:Drivers/STM32F4xx_HAL_Driver/Src/stm32f4xx_ll_usb.c ****       }
 418:Drivers/STM32F4xx_HAL_Driver/Src/stm32f4xx_ll_usb.c ****       else
 419:Drivers/STM32F4xx_HAL_Driver/Src/stm32f4xx_ll_usb.c ****       {
 420:Drivers/STM32F4xx_HAL_Driver/Src/stm32f4xx_ll_usb.c ****         USBx_OUTEP(i)->DOEPCTL = USB_OTG_DOEPCTL_EPDIS | USB_OTG_DOEPCTL_SNAK;
 421:Drivers/STM32F4xx_HAL_Driver/Src/stm32f4xx_ll_usb.c ****       }
 422:Drivers/STM32F4xx_HAL_Driver/Src/stm32f4xx_ll_usb.c ****     }
 423:Drivers/STM32F4xx_HAL_Driver/Src/stm32f4xx_ll_usb.c ****     else
 424:Drivers/STM32F4xx_HAL_Driver/Src/stm32f4xx_ll_usb.c ****     {
 425:Drivers/STM32F4xx_HAL_Driver/Src/stm32f4xx_ll_usb.c ****       USBx_OUTEP(i)->DOEPCTL = 0U;
 426:Drivers/STM32F4xx_HAL_Driver/Src/stm32f4xx_ll_usb.c ****     }
 427:Drivers/STM32F4xx_HAL_Driver/Src/stm32f4xx_ll_usb.c **** 
 428:Drivers/STM32F4xx_HAL_Driver/Src/stm32f4xx_ll_usb.c ****     USBx_OUTEP(i)->DOEPTSIZ = 0U;
 429:Drivers/STM32F4xx_HAL_Driver/Src/stm32f4xx_ll_usb.c ****     USBx_OUTEP(i)->DOEPINT  = 0xFB7FU;
ARM GAS  /tmp/ccoaixhI.s 			page 9


 430:Drivers/STM32F4xx_HAL_Driver/Src/stm32f4xx_ll_usb.c ****   }
 431:Drivers/STM32F4xx_HAL_Driver/Src/stm32f4xx_ll_usb.c **** 
 432:Drivers/STM32F4xx_HAL_Driver/Src/stm32f4xx_ll_usb.c ****   USBx_DEVICE->DIEPMSK &= ~(USB_OTG_DIEPMSK_TXFURM);
 433:Drivers/STM32F4xx_HAL_Driver/Src/stm32f4xx_ll_usb.c **** 
 434:Drivers/STM32F4xx_HAL_Driver/Src/stm32f4xx_ll_usb.c ****   /* Disable all interrupts. */
 435:Drivers/STM32F4xx_HAL_Driver/Src/stm32f4xx_ll_usb.c ****   USBx->GINTMSK = 0U;
 436:Drivers/STM32F4xx_HAL_Driver/Src/stm32f4xx_ll_usb.c **** 
 437:Drivers/STM32F4xx_HAL_Driver/Src/stm32f4xx_ll_usb.c ****   /* Clear any pending interrupts */
 438:Drivers/STM32F4xx_HAL_Driver/Src/stm32f4xx_ll_usb.c ****   USBx->GINTSTS = 0xBFFFFFFFU;
 439:Drivers/STM32F4xx_HAL_Driver/Src/stm32f4xx_ll_usb.c **** 
 440:Drivers/STM32F4xx_HAL_Driver/Src/stm32f4xx_ll_usb.c ****   /* Enable the common interrupts */
 441:Drivers/STM32F4xx_HAL_Driver/Src/stm32f4xx_ll_usb.c ****   if (cfg.dma_enable == 0U)
 442:Drivers/STM32F4xx_HAL_Driver/Src/stm32f4xx_ll_usb.c ****   {
 443:Drivers/STM32F4xx_HAL_Driver/Src/stm32f4xx_ll_usb.c ****     USBx->GINTMSK |= USB_OTG_GINTMSK_RXFLVLM;
 444:Drivers/STM32F4xx_HAL_Driver/Src/stm32f4xx_ll_usb.c ****   }
 445:Drivers/STM32F4xx_HAL_Driver/Src/stm32f4xx_ll_usb.c **** 
 446:Drivers/STM32F4xx_HAL_Driver/Src/stm32f4xx_ll_usb.c ****   /* Enable interrupts matching to the Device mode ONLY */
 447:Drivers/STM32F4xx_HAL_Driver/Src/stm32f4xx_ll_usb.c ****   USBx->GINTMSK |= USB_OTG_GINTMSK_USBSUSPM | USB_OTG_GINTMSK_USBRST |
 448:Drivers/STM32F4xx_HAL_Driver/Src/stm32f4xx_ll_usb.c ****                    USB_OTG_GINTMSK_ENUMDNEM | USB_OTG_GINTMSK_IEPINT |
 449:Drivers/STM32F4xx_HAL_Driver/Src/stm32f4xx_ll_usb.c ****                    USB_OTG_GINTMSK_OEPINT   | USB_OTG_GINTMSK_IISOIXFRM |
 450:Drivers/STM32F4xx_HAL_Driver/Src/stm32f4xx_ll_usb.c ****                    USB_OTG_GINTMSK_PXFRM_IISOOXFRM | USB_OTG_GINTMSK_WUIM;
 451:Drivers/STM32F4xx_HAL_Driver/Src/stm32f4xx_ll_usb.c **** 
 452:Drivers/STM32F4xx_HAL_Driver/Src/stm32f4xx_ll_usb.c ****   if (cfg.Sof_enable != 0U)
 453:Drivers/STM32F4xx_HAL_Driver/Src/stm32f4xx_ll_usb.c ****   {
 454:Drivers/STM32F4xx_HAL_Driver/Src/stm32f4xx_ll_usb.c ****     USBx->GINTMSK |= USB_OTG_GINTMSK_SOFM;
 455:Drivers/STM32F4xx_HAL_Driver/Src/stm32f4xx_ll_usb.c ****   }
 456:Drivers/STM32F4xx_HAL_Driver/Src/stm32f4xx_ll_usb.c **** 
 457:Drivers/STM32F4xx_HAL_Driver/Src/stm32f4xx_ll_usb.c ****   if (cfg.vbus_sensing_enable == 1U)
 458:Drivers/STM32F4xx_HAL_Driver/Src/stm32f4xx_ll_usb.c ****   {
 459:Drivers/STM32F4xx_HAL_Driver/Src/stm32f4xx_ll_usb.c ****     USBx->GINTMSK |= (USB_OTG_GINTMSK_SRQIM | USB_OTG_GINTMSK_OTGINT);
 460:Drivers/STM32F4xx_HAL_Driver/Src/stm32f4xx_ll_usb.c ****   }
 461:Drivers/STM32F4xx_HAL_Driver/Src/stm32f4xx_ll_usb.c **** 
 462:Drivers/STM32F4xx_HAL_Driver/Src/stm32f4xx_ll_usb.c ****   return ret;
 463:Drivers/STM32F4xx_HAL_Driver/Src/stm32f4xx_ll_usb.c **** }
 464:Drivers/STM32F4xx_HAL_Driver/Src/stm32f4xx_ll_usb.c **** 
 465:Drivers/STM32F4xx_HAL_Driver/Src/stm32f4xx_ll_usb.c **** /**
 466:Drivers/STM32F4xx_HAL_Driver/Src/stm32f4xx_ll_usb.c ****   * @brief  USB_FlushTxFifo Flush a Tx FIFO
 467:Drivers/STM32F4xx_HAL_Driver/Src/stm32f4xx_ll_usb.c ****   * @param  USBx  Selected device
 468:Drivers/STM32F4xx_HAL_Driver/Src/stm32f4xx_ll_usb.c ****   * @param  num  FIFO number
 469:Drivers/STM32F4xx_HAL_Driver/Src/stm32f4xx_ll_usb.c ****   *         This parameter can be a value from 1 to 15
 470:Drivers/STM32F4xx_HAL_Driver/Src/stm32f4xx_ll_usb.c ****             15 means Flush all Tx FIFOs
 471:Drivers/STM32F4xx_HAL_Driver/Src/stm32f4xx_ll_usb.c ****   * @retval HAL status
 472:Drivers/STM32F4xx_HAL_Driver/Src/stm32f4xx_ll_usb.c ****   */
 473:Drivers/STM32F4xx_HAL_Driver/Src/stm32f4xx_ll_usb.c **** HAL_StatusTypeDef USB_FlushTxFifo(USB_OTG_GlobalTypeDef *USBx, uint32_t num)
 474:Drivers/STM32F4xx_HAL_Driver/Src/stm32f4xx_ll_usb.c **** {
 475:Drivers/STM32F4xx_HAL_Driver/Src/stm32f4xx_ll_usb.c ****   __IO uint32_t count = 0U;
 476:Drivers/STM32F4xx_HAL_Driver/Src/stm32f4xx_ll_usb.c **** 
 477:Drivers/STM32F4xx_HAL_Driver/Src/stm32f4xx_ll_usb.c ****   /* Wait for AHB master IDLE state. */
 478:Drivers/STM32F4xx_HAL_Driver/Src/stm32f4xx_ll_usb.c ****   do
 479:Drivers/STM32F4xx_HAL_Driver/Src/stm32f4xx_ll_usb.c ****   {
 480:Drivers/STM32F4xx_HAL_Driver/Src/stm32f4xx_ll_usb.c ****     count++;
 481:Drivers/STM32F4xx_HAL_Driver/Src/stm32f4xx_ll_usb.c **** 
 482:Drivers/STM32F4xx_HAL_Driver/Src/stm32f4xx_ll_usb.c ****     if (count > HAL_USB_TIMEOUT)
 483:Drivers/STM32F4xx_HAL_Driver/Src/stm32f4xx_ll_usb.c ****     {
 484:Drivers/STM32F4xx_HAL_Driver/Src/stm32f4xx_ll_usb.c ****       return HAL_TIMEOUT;
 485:Drivers/STM32F4xx_HAL_Driver/Src/stm32f4xx_ll_usb.c ****     }
 486:Drivers/STM32F4xx_HAL_Driver/Src/stm32f4xx_ll_usb.c ****   } while ((USBx->GRSTCTL & USB_OTG_GRSTCTL_AHBIDL) == 0U);
ARM GAS  /tmp/ccoaixhI.s 			page 10


 487:Drivers/STM32F4xx_HAL_Driver/Src/stm32f4xx_ll_usb.c **** 
 488:Drivers/STM32F4xx_HAL_Driver/Src/stm32f4xx_ll_usb.c ****   /* Flush TX Fifo */
 489:Drivers/STM32F4xx_HAL_Driver/Src/stm32f4xx_ll_usb.c ****   count = 0U;
 490:Drivers/STM32F4xx_HAL_Driver/Src/stm32f4xx_ll_usb.c ****   USBx->GRSTCTL = (USB_OTG_GRSTCTL_TXFFLSH | (num << 6));
 491:Drivers/STM32F4xx_HAL_Driver/Src/stm32f4xx_ll_usb.c **** 
 492:Drivers/STM32F4xx_HAL_Driver/Src/stm32f4xx_ll_usb.c ****   do
 493:Drivers/STM32F4xx_HAL_Driver/Src/stm32f4xx_ll_usb.c ****   {
 494:Drivers/STM32F4xx_HAL_Driver/Src/stm32f4xx_ll_usb.c ****     count++;
 495:Drivers/STM32F4xx_HAL_Driver/Src/stm32f4xx_ll_usb.c **** 
 496:Drivers/STM32F4xx_HAL_Driver/Src/stm32f4xx_ll_usb.c ****     if (count > HAL_USB_TIMEOUT)
 497:Drivers/STM32F4xx_HAL_Driver/Src/stm32f4xx_ll_usb.c ****     {
 498:Drivers/STM32F4xx_HAL_Driver/Src/stm32f4xx_ll_usb.c ****       return HAL_TIMEOUT;
 499:Drivers/STM32F4xx_HAL_Driver/Src/stm32f4xx_ll_usb.c ****     }
 500:Drivers/STM32F4xx_HAL_Driver/Src/stm32f4xx_ll_usb.c ****   } while ((USBx->GRSTCTL & USB_OTG_GRSTCTL_TXFFLSH) == USB_OTG_GRSTCTL_TXFFLSH);
 501:Drivers/STM32F4xx_HAL_Driver/Src/stm32f4xx_ll_usb.c **** 
 502:Drivers/STM32F4xx_HAL_Driver/Src/stm32f4xx_ll_usb.c ****   return HAL_OK;
 503:Drivers/STM32F4xx_HAL_Driver/Src/stm32f4xx_ll_usb.c **** }
 504:Drivers/STM32F4xx_HAL_Driver/Src/stm32f4xx_ll_usb.c **** 
 505:Drivers/STM32F4xx_HAL_Driver/Src/stm32f4xx_ll_usb.c **** /**
 506:Drivers/STM32F4xx_HAL_Driver/Src/stm32f4xx_ll_usb.c ****   * @brief  USB_FlushRxFifo  Flush Rx FIFO
 507:Drivers/STM32F4xx_HAL_Driver/Src/stm32f4xx_ll_usb.c ****   * @param  USBx  Selected device
 508:Drivers/STM32F4xx_HAL_Driver/Src/stm32f4xx_ll_usb.c ****   * @retval HAL status
 509:Drivers/STM32F4xx_HAL_Driver/Src/stm32f4xx_ll_usb.c ****   */
 510:Drivers/STM32F4xx_HAL_Driver/Src/stm32f4xx_ll_usb.c **** HAL_StatusTypeDef USB_FlushRxFifo(USB_OTG_GlobalTypeDef *USBx)
 511:Drivers/STM32F4xx_HAL_Driver/Src/stm32f4xx_ll_usb.c **** {
 512:Drivers/STM32F4xx_HAL_Driver/Src/stm32f4xx_ll_usb.c ****   __IO uint32_t count = 0U;
 513:Drivers/STM32F4xx_HAL_Driver/Src/stm32f4xx_ll_usb.c **** 
 514:Drivers/STM32F4xx_HAL_Driver/Src/stm32f4xx_ll_usb.c ****   /* Wait for AHB master IDLE state. */
 515:Drivers/STM32F4xx_HAL_Driver/Src/stm32f4xx_ll_usb.c ****   do
 516:Drivers/STM32F4xx_HAL_Driver/Src/stm32f4xx_ll_usb.c ****   {
 517:Drivers/STM32F4xx_HAL_Driver/Src/stm32f4xx_ll_usb.c ****     count++;
 518:Drivers/STM32F4xx_HAL_Driver/Src/stm32f4xx_ll_usb.c **** 
 519:Drivers/STM32F4xx_HAL_Driver/Src/stm32f4xx_ll_usb.c ****     if (count > HAL_USB_TIMEOUT)
 520:Drivers/STM32F4xx_HAL_Driver/Src/stm32f4xx_ll_usb.c ****     {
 521:Drivers/STM32F4xx_HAL_Driver/Src/stm32f4xx_ll_usb.c ****       return HAL_TIMEOUT;
 522:Drivers/STM32F4xx_HAL_Driver/Src/stm32f4xx_ll_usb.c ****     }
 523:Drivers/STM32F4xx_HAL_Driver/Src/stm32f4xx_ll_usb.c ****   } while ((USBx->GRSTCTL & USB_OTG_GRSTCTL_AHBIDL) == 0U);
 524:Drivers/STM32F4xx_HAL_Driver/Src/stm32f4xx_ll_usb.c **** 
 525:Drivers/STM32F4xx_HAL_Driver/Src/stm32f4xx_ll_usb.c ****   /* Flush RX Fifo */
 526:Drivers/STM32F4xx_HAL_Driver/Src/stm32f4xx_ll_usb.c ****   count = 0U;
 527:Drivers/STM32F4xx_HAL_Driver/Src/stm32f4xx_ll_usb.c ****   USBx->GRSTCTL = USB_OTG_GRSTCTL_RXFFLSH;
 528:Drivers/STM32F4xx_HAL_Driver/Src/stm32f4xx_ll_usb.c **** 
 529:Drivers/STM32F4xx_HAL_Driver/Src/stm32f4xx_ll_usb.c ****   do
 530:Drivers/STM32F4xx_HAL_Driver/Src/stm32f4xx_ll_usb.c ****   {
 531:Drivers/STM32F4xx_HAL_Driver/Src/stm32f4xx_ll_usb.c ****     count++;
 532:Drivers/STM32F4xx_HAL_Driver/Src/stm32f4xx_ll_usb.c **** 
 533:Drivers/STM32F4xx_HAL_Driver/Src/stm32f4xx_ll_usb.c ****     if (count > HAL_USB_TIMEOUT)
 534:Drivers/STM32F4xx_HAL_Driver/Src/stm32f4xx_ll_usb.c ****     {
 535:Drivers/STM32F4xx_HAL_Driver/Src/stm32f4xx_ll_usb.c ****       return HAL_TIMEOUT;
 536:Drivers/STM32F4xx_HAL_Driver/Src/stm32f4xx_ll_usb.c ****     }
 537:Drivers/STM32F4xx_HAL_Driver/Src/stm32f4xx_ll_usb.c ****   } while ((USBx->GRSTCTL & USB_OTG_GRSTCTL_RXFFLSH) == USB_OTG_GRSTCTL_RXFFLSH);
 538:Drivers/STM32F4xx_HAL_Driver/Src/stm32f4xx_ll_usb.c **** 
 539:Drivers/STM32F4xx_HAL_Driver/Src/stm32f4xx_ll_usb.c ****   return HAL_OK;
 540:Drivers/STM32F4xx_HAL_Driver/Src/stm32f4xx_ll_usb.c **** }
 541:Drivers/STM32F4xx_HAL_Driver/Src/stm32f4xx_ll_usb.c **** 
 542:Drivers/STM32F4xx_HAL_Driver/Src/stm32f4xx_ll_usb.c **** /**
 543:Drivers/STM32F4xx_HAL_Driver/Src/stm32f4xx_ll_usb.c ****   * @brief  USB_SetDevSpeed  Initializes the DevSpd field of DCFG register
ARM GAS  /tmp/ccoaixhI.s 			page 11


 544:Drivers/STM32F4xx_HAL_Driver/Src/stm32f4xx_ll_usb.c ****   *         depending the PHY type and the enumeration speed of the device.
 545:Drivers/STM32F4xx_HAL_Driver/Src/stm32f4xx_ll_usb.c ****   * @param  USBx  Selected device
 546:Drivers/STM32F4xx_HAL_Driver/Src/stm32f4xx_ll_usb.c ****   * @param  speed  device speed
 547:Drivers/STM32F4xx_HAL_Driver/Src/stm32f4xx_ll_usb.c ****   *          This parameter can be one of these values:
 548:Drivers/STM32F4xx_HAL_Driver/Src/stm32f4xx_ll_usb.c ****   *            @arg USB_OTG_SPEED_HIGH: High speed mode
 549:Drivers/STM32F4xx_HAL_Driver/Src/stm32f4xx_ll_usb.c ****   *            @arg USB_OTG_SPEED_HIGH_IN_FULL: High speed core in Full Speed mode
 550:Drivers/STM32F4xx_HAL_Driver/Src/stm32f4xx_ll_usb.c ****   *            @arg USB_OTG_SPEED_FULL: Full speed mode
 551:Drivers/STM32F4xx_HAL_Driver/Src/stm32f4xx_ll_usb.c ****   * @retval  Hal status
 552:Drivers/STM32F4xx_HAL_Driver/Src/stm32f4xx_ll_usb.c ****   */
 553:Drivers/STM32F4xx_HAL_Driver/Src/stm32f4xx_ll_usb.c **** HAL_StatusTypeDef USB_SetDevSpeed(const USB_OTG_GlobalTypeDef *USBx, uint8_t speed)
 554:Drivers/STM32F4xx_HAL_Driver/Src/stm32f4xx_ll_usb.c **** {
 555:Drivers/STM32F4xx_HAL_Driver/Src/stm32f4xx_ll_usb.c ****   uint32_t USBx_BASE = (uint32_t)USBx;
 556:Drivers/STM32F4xx_HAL_Driver/Src/stm32f4xx_ll_usb.c **** 
 557:Drivers/STM32F4xx_HAL_Driver/Src/stm32f4xx_ll_usb.c ****   USBx_DEVICE->DCFG |= speed;
 558:Drivers/STM32F4xx_HAL_Driver/Src/stm32f4xx_ll_usb.c ****   return HAL_OK;
 559:Drivers/STM32F4xx_HAL_Driver/Src/stm32f4xx_ll_usb.c **** }
 560:Drivers/STM32F4xx_HAL_Driver/Src/stm32f4xx_ll_usb.c **** 
 561:Drivers/STM32F4xx_HAL_Driver/Src/stm32f4xx_ll_usb.c **** /**
 562:Drivers/STM32F4xx_HAL_Driver/Src/stm32f4xx_ll_usb.c ****   * @brief  USB_GetDevSpeed  Return the Dev Speed
 563:Drivers/STM32F4xx_HAL_Driver/Src/stm32f4xx_ll_usb.c ****   * @param  USBx  Selected device
 564:Drivers/STM32F4xx_HAL_Driver/Src/stm32f4xx_ll_usb.c ****   * @retval speed  device speed
 565:Drivers/STM32F4xx_HAL_Driver/Src/stm32f4xx_ll_usb.c ****   *          This parameter can be one of these values:
 566:Drivers/STM32F4xx_HAL_Driver/Src/stm32f4xx_ll_usb.c ****   *            @arg USBD_HS_SPEED: High speed mode
 567:Drivers/STM32F4xx_HAL_Driver/Src/stm32f4xx_ll_usb.c ****   *            @arg USBD_FS_SPEED: Full speed mode
 568:Drivers/STM32F4xx_HAL_Driver/Src/stm32f4xx_ll_usb.c ****   */
 569:Drivers/STM32F4xx_HAL_Driver/Src/stm32f4xx_ll_usb.c **** uint8_t USB_GetDevSpeed(const USB_OTG_GlobalTypeDef *USBx)
 570:Drivers/STM32F4xx_HAL_Driver/Src/stm32f4xx_ll_usb.c **** {
 571:Drivers/STM32F4xx_HAL_Driver/Src/stm32f4xx_ll_usb.c ****   uint32_t USBx_BASE = (uint32_t)USBx;
 572:Drivers/STM32F4xx_HAL_Driver/Src/stm32f4xx_ll_usb.c ****   uint8_t speed;
 573:Drivers/STM32F4xx_HAL_Driver/Src/stm32f4xx_ll_usb.c ****   uint32_t DevEnumSpeed = USBx_DEVICE->DSTS & USB_OTG_DSTS_ENUMSPD;
 574:Drivers/STM32F4xx_HAL_Driver/Src/stm32f4xx_ll_usb.c **** 
 575:Drivers/STM32F4xx_HAL_Driver/Src/stm32f4xx_ll_usb.c ****   if (DevEnumSpeed == DSTS_ENUMSPD_HS_PHY_30MHZ_OR_60MHZ)
 576:Drivers/STM32F4xx_HAL_Driver/Src/stm32f4xx_ll_usb.c ****   {
 577:Drivers/STM32F4xx_HAL_Driver/Src/stm32f4xx_ll_usb.c ****     speed = USBD_HS_SPEED;
 578:Drivers/STM32F4xx_HAL_Driver/Src/stm32f4xx_ll_usb.c ****   }
 579:Drivers/STM32F4xx_HAL_Driver/Src/stm32f4xx_ll_usb.c ****   else if ((DevEnumSpeed == DSTS_ENUMSPD_FS_PHY_30MHZ_OR_60MHZ) ||
 580:Drivers/STM32F4xx_HAL_Driver/Src/stm32f4xx_ll_usb.c ****            (DevEnumSpeed == DSTS_ENUMSPD_FS_PHY_48MHZ))
 581:Drivers/STM32F4xx_HAL_Driver/Src/stm32f4xx_ll_usb.c ****   {
 582:Drivers/STM32F4xx_HAL_Driver/Src/stm32f4xx_ll_usb.c ****     speed = USBD_FS_SPEED;
 583:Drivers/STM32F4xx_HAL_Driver/Src/stm32f4xx_ll_usb.c ****   }
 584:Drivers/STM32F4xx_HAL_Driver/Src/stm32f4xx_ll_usb.c ****   else
 585:Drivers/STM32F4xx_HAL_Driver/Src/stm32f4xx_ll_usb.c ****   {
 586:Drivers/STM32F4xx_HAL_Driver/Src/stm32f4xx_ll_usb.c ****     speed = 0xFU;
 587:Drivers/STM32F4xx_HAL_Driver/Src/stm32f4xx_ll_usb.c ****   }
 588:Drivers/STM32F4xx_HAL_Driver/Src/stm32f4xx_ll_usb.c **** 
 589:Drivers/STM32F4xx_HAL_Driver/Src/stm32f4xx_ll_usb.c ****   return speed;
 590:Drivers/STM32F4xx_HAL_Driver/Src/stm32f4xx_ll_usb.c **** }
 591:Drivers/STM32F4xx_HAL_Driver/Src/stm32f4xx_ll_usb.c **** 
 592:Drivers/STM32F4xx_HAL_Driver/Src/stm32f4xx_ll_usb.c **** /**
 593:Drivers/STM32F4xx_HAL_Driver/Src/stm32f4xx_ll_usb.c ****   * @brief  Activate and configure an endpoint
 594:Drivers/STM32F4xx_HAL_Driver/Src/stm32f4xx_ll_usb.c ****   * @param  USBx  Selected device
 595:Drivers/STM32F4xx_HAL_Driver/Src/stm32f4xx_ll_usb.c ****   * @param  ep pointer to endpoint structure
 596:Drivers/STM32F4xx_HAL_Driver/Src/stm32f4xx_ll_usb.c ****   * @retval HAL status
 597:Drivers/STM32F4xx_HAL_Driver/Src/stm32f4xx_ll_usb.c ****   */
 598:Drivers/STM32F4xx_HAL_Driver/Src/stm32f4xx_ll_usb.c **** HAL_StatusTypeDef USB_ActivateEndpoint(const USB_OTG_GlobalTypeDef *USBx, const USB_OTG_EPTypeDef *
 599:Drivers/STM32F4xx_HAL_Driver/Src/stm32f4xx_ll_usb.c **** {
 600:Drivers/STM32F4xx_HAL_Driver/Src/stm32f4xx_ll_usb.c ****   uint32_t USBx_BASE = (uint32_t)USBx;
ARM GAS  /tmp/ccoaixhI.s 			page 12


 601:Drivers/STM32F4xx_HAL_Driver/Src/stm32f4xx_ll_usb.c ****   uint32_t epnum = (uint32_t)ep->num;
 602:Drivers/STM32F4xx_HAL_Driver/Src/stm32f4xx_ll_usb.c **** 
 603:Drivers/STM32F4xx_HAL_Driver/Src/stm32f4xx_ll_usb.c ****   if (ep->is_in == 1U)
 604:Drivers/STM32F4xx_HAL_Driver/Src/stm32f4xx_ll_usb.c ****   {
 605:Drivers/STM32F4xx_HAL_Driver/Src/stm32f4xx_ll_usb.c ****     USBx_DEVICE->DAINTMSK |= USB_OTG_DAINTMSK_IEPM & (uint32_t)(1UL << (ep->num & EP_ADDR_MSK));
 606:Drivers/STM32F4xx_HAL_Driver/Src/stm32f4xx_ll_usb.c **** 
 607:Drivers/STM32F4xx_HAL_Driver/Src/stm32f4xx_ll_usb.c ****     if ((USBx_INEP(epnum)->DIEPCTL & USB_OTG_DIEPCTL_USBAEP) == 0U)
 608:Drivers/STM32F4xx_HAL_Driver/Src/stm32f4xx_ll_usb.c ****     {
 609:Drivers/STM32F4xx_HAL_Driver/Src/stm32f4xx_ll_usb.c ****       USBx_INEP(epnum)->DIEPCTL |= (ep->maxpacket & USB_OTG_DIEPCTL_MPSIZ) |
 610:Drivers/STM32F4xx_HAL_Driver/Src/stm32f4xx_ll_usb.c ****                                    ((uint32_t)ep->type << 18) | (epnum << 22) |
 611:Drivers/STM32F4xx_HAL_Driver/Src/stm32f4xx_ll_usb.c ****                                    USB_OTG_DIEPCTL_SD0PID_SEVNFRM |
 612:Drivers/STM32F4xx_HAL_Driver/Src/stm32f4xx_ll_usb.c ****                                    USB_OTG_DIEPCTL_USBAEP;
 613:Drivers/STM32F4xx_HAL_Driver/Src/stm32f4xx_ll_usb.c ****     }
 614:Drivers/STM32F4xx_HAL_Driver/Src/stm32f4xx_ll_usb.c ****   }
 615:Drivers/STM32F4xx_HAL_Driver/Src/stm32f4xx_ll_usb.c ****   else
 616:Drivers/STM32F4xx_HAL_Driver/Src/stm32f4xx_ll_usb.c ****   {
 617:Drivers/STM32F4xx_HAL_Driver/Src/stm32f4xx_ll_usb.c ****     USBx_DEVICE->DAINTMSK |= USB_OTG_DAINTMSK_OEPM & ((uint32_t)(1UL << (ep->num & EP_ADDR_MSK)) <<
 618:Drivers/STM32F4xx_HAL_Driver/Src/stm32f4xx_ll_usb.c **** 
 619:Drivers/STM32F4xx_HAL_Driver/Src/stm32f4xx_ll_usb.c ****     if (((USBx_OUTEP(epnum)->DOEPCTL) & USB_OTG_DOEPCTL_USBAEP) == 0U)
 620:Drivers/STM32F4xx_HAL_Driver/Src/stm32f4xx_ll_usb.c ****     {
 621:Drivers/STM32F4xx_HAL_Driver/Src/stm32f4xx_ll_usb.c ****       USBx_OUTEP(epnum)->DOEPCTL |= (ep->maxpacket & USB_OTG_DOEPCTL_MPSIZ) |
 622:Drivers/STM32F4xx_HAL_Driver/Src/stm32f4xx_ll_usb.c ****                                     ((uint32_t)ep->type << 18) |
 623:Drivers/STM32F4xx_HAL_Driver/Src/stm32f4xx_ll_usb.c ****                                     USB_OTG_DIEPCTL_SD0PID_SEVNFRM |
 624:Drivers/STM32F4xx_HAL_Driver/Src/stm32f4xx_ll_usb.c ****                                     USB_OTG_DOEPCTL_USBAEP;
 625:Drivers/STM32F4xx_HAL_Driver/Src/stm32f4xx_ll_usb.c ****     }
 626:Drivers/STM32F4xx_HAL_Driver/Src/stm32f4xx_ll_usb.c ****   }
 627:Drivers/STM32F4xx_HAL_Driver/Src/stm32f4xx_ll_usb.c ****   return HAL_OK;
 628:Drivers/STM32F4xx_HAL_Driver/Src/stm32f4xx_ll_usb.c **** }
 629:Drivers/STM32F4xx_HAL_Driver/Src/stm32f4xx_ll_usb.c **** 
 630:Drivers/STM32F4xx_HAL_Driver/Src/stm32f4xx_ll_usb.c **** /**
 631:Drivers/STM32F4xx_HAL_Driver/Src/stm32f4xx_ll_usb.c ****   * @brief  Activate and configure a dedicated endpoint
 632:Drivers/STM32F4xx_HAL_Driver/Src/stm32f4xx_ll_usb.c ****   * @param  USBx  Selected device
 633:Drivers/STM32F4xx_HAL_Driver/Src/stm32f4xx_ll_usb.c ****   * @param  ep pointer to endpoint structure
 634:Drivers/STM32F4xx_HAL_Driver/Src/stm32f4xx_ll_usb.c ****   * @retval HAL status
 635:Drivers/STM32F4xx_HAL_Driver/Src/stm32f4xx_ll_usb.c ****   */
 636:Drivers/STM32F4xx_HAL_Driver/Src/stm32f4xx_ll_usb.c **** HAL_StatusTypeDef USB_ActivateDedicatedEndpoint(const USB_OTG_GlobalTypeDef *USBx, const USB_OTG_EP
 637:Drivers/STM32F4xx_HAL_Driver/Src/stm32f4xx_ll_usb.c **** {
 638:Drivers/STM32F4xx_HAL_Driver/Src/stm32f4xx_ll_usb.c ****   uint32_t USBx_BASE = (uint32_t)USBx;
 639:Drivers/STM32F4xx_HAL_Driver/Src/stm32f4xx_ll_usb.c ****   uint32_t epnum = (uint32_t)ep->num;
 640:Drivers/STM32F4xx_HAL_Driver/Src/stm32f4xx_ll_usb.c **** 
 641:Drivers/STM32F4xx_HAL_Driver/Src/stm32f4xx_ll_usb.c ****   /* Read DEPCTLn register */
 642:Drivers/STM32F4xx_HAL_Driver/Src/stm32f4xx_ll_usb.c ****   if (ep->is_in == 1U)
 643:Drivers/STM32F4xx_HAL_Driver/Src/stm32f4xx_ll_usb.c ****   {
 644:Drivers/STM32F4xx_HAL_Driver/Src/stm32f4xx_ll_usb.c ****     if (((USBx_INEP(epnum)->DIEPCTL) & USB_OTG_DIEPCTL_USBAEP) == 0U)
 645:Drivers/STM32F4xx_HAL_Driver/Src/stm32f4xx_ll_usb.c ****     {
 646:Drivers/STM32F4xx_HAL_Driver/Src/stm32f4xx_ll_usb.c ****       USBx_INEP(epnum)->DIEPCTL |= (ep->maxpacket & USB_OTG_DIEPCTL_MPSIZ) |
 647:Drivers/STM32F4xx_HAL_Driver/Src/stm32f4xx_ll_usb.c ****                                    ((uint32_t)ep->type << 18) | (epnum << 22) |
 648:Drivers/STM32F4xx_HAL_Driver/Src/stm32f4xx_ll_usb.c ****                                    USB_OTG_DIEPCTL_SD0PID_SEVNFRM |
 649:Drivers/STM32F4xx_HAL_Driver/Src/stm32f4xx_ll_usb.c ****                                    USB_OTG_DIEPCTL_USBAEP;
 650:Drivers/STM32F4xx_HAL_Driver/Src/stm32f4xx_ll_usb.c ****     }
 651:Drivers/STM32F4xx_HAL_Driver/Src/stm32f4xx_ll_usb.c **** 
 652:Drivers/STM32F4xx_HAL_Driver/Src/stm32f4xx_ll_usb.c ****     USBx_DEVICE->DEACHMSK |= USB_OTG_DAINTMSK_IEPM & (uint32_t)(1UL << (ep->num & EP_ADDR_MSK));
 653:Drivers/STM32F4xx_HAL_Driver/Src/stm32f4xx_ll_usb.c ****   }
 654:Drivers/STM32F4xx_HAL_Driver/Src/stm32f4xx_ll_usb.c ****   else
 655:Drivers/STM32F4xx_HAL_Driver/Src/stm32f4xx_ll_usb.c ****   {
 656:Drivers/STM32F4xx_HAL_Driver/Src/stm32f4xx_ll_usb.c ****     if (((USBx_OUTEP(epnum)->DOEPCTL) & USB_OTG_DOEPCTL_USBAEP) == 0U)
 657:Drivers/STM32F4xx_HAL_Driver/Src/stm32f4xx_ll_usb.c ****     {
ARM GAS  /tmp/ccoaixhI.s 			page 13


 658:Drivers/STM32F4xx_HAL_Driver/Src/stm32f4xx_ll_usb.c ****       USBx_OUTEP(epnum)->DOEPCTL |= (ep->maxpacket & USB_OTG_DOEPCTL_MPSIZ) |
 659:Drivers/STM32F4xx_HAL_Driver/Src/stm32f4xx_ll_usb.c ****                                     ((uint32_t)ep->type << 18) | (epnum << 22) |
 660:Drivers/STM32F4xx_HAL_Driver/Src/stm32f4xx_ll_usb.c ****                                     USB_OTG_DOEPCTL_USBAEP;
 661:Drivers/STM32F4xx_HAL_Driver/Src/stm32f4xx_ll_usb.c ****     }
 662:Drivers/STM32F4xx_HAL_Driver/Src/stm32f4xx_ll_usb.c **** 
 663:Drivers/STM32F4xx_HAL_Driver/Src/stm32f4xx_ll_usb.c ****     USBx_DEVICE->DEACHMSK |= USB_OTG_DAINTMSK_OEPM & ((uint32_t)(1UL << (ep->num & EP_ADDR_MSK)) <<
 664:Drivers/STM32F4xx_HAL_Driver/Src/stm32f4xx_ll_usb.c ****   }
 665:Drivers/STM32F4xx_HAL_Driver/Src/stm32f4xx_ll_usb.c **** 
 666:Drivers/STM32F4xx_HAL_Driver/Src/stm32f4xx_ll_usb.c ****   return HAL_OK;
 667:Drivers/STM32F4xx_HAL_Driver/Src/stm32f4xx_ll_usb.c **** }
 668:Drivers/STM32F4xx_HAL_Driver/Src/stm32f4xx_ll_usb.c **** 
 669:Drivers/STM32F4xx_HAL_Driver/Src/stm32f4xx_ll_usb.c **** /**
 670:Drivers/STM32F4xx_HAL_Driver/Src/stm32f4xx_ll_usb.c ****   * @brief  De-activate and de-initialize an endpoint
 671:Drivers/STM32F4xx_HAL_Driver/Src/stm32f4xx_ll_usb.c ****   * @param  USBx  Selected device
 672:Drivers/STM32F4xx_HAL_Driver/Src/stm32f4xx_ll_usb.c ****   * @param  ep pointer to endpoint structure
 673:Drivers/STM32F4xx_HAL_Driver/Src/stm32f4xx_ll_usb.c ****   * @retval HAL status
 674:Drivers/STM32F4xx_HAL_Driver/Src/stm32f4xx_ll_usb.c ****   */
 675:Drivers/STM32F4xx_HAL_Driver/Src/stm32f4xx_ll_usb.c **** HAL_StatusTypeDef USB_DeactivateEndpoint(const USB_OTG_GlobalTypeDef *USBx, const USB_OTG_EPTypeDef
 676:Drivers/STM32F4xx_HAL_Driver/Src/stm32f4xx_ll_usb.c **** {
 677:Drivers/STM32F4xx_HAL_Driver/Src/stm32f4xx_ll_usb.c ****   uint32_t USBx_BASE = (uint32_t)USBx;
 678:Drivers/STM32F4xx_HAL_Driver/Src/stm32f4xx_ll_usb.c ****   uint32_t epnum = (uint32_t)ep->num;
 679:Drivers/STM32F4xx_HAL_Driver/Src/stm32f4xx_ll_usb.c **** 
 680:Drivers/STM32F4xx_HAL_Driver/Src/stm32f4xx_ll_usb.c ****   /* Read DEPCTLn register */
 681:Drivers/STM32F4xx_HAL_Driver/Src/stm32f4xx_ll_usb.c ****   if (ep->is_in == 1U)
 682:Drivers/STM32F4xx_HAL_Driver/Src/stm32f4xx_ll_usb.c ****   {
 683:Drivers/STM32F4xx_HAL_Driver/Src/stm32f4xx_ll_usb.c ****     if ((USBx_INEP(epnum)->DIEPCTL & USB_OTG_DIEPCTL_EPENA) == USB_OTG_DIEPCTL_EPENA)
 684:Drivers/STM32F4xx_HAL_Driver/Src/stm32f4xx_ll_usb.c ****     {
 685:Drivers/STM32F4xx_HAL_Driver/Src/stm32f4xx_ll_usb.c ****       USBx_INEP(epnum)->DIEPCTL |= USB_OTG_DIEPCTL_SNAK;
 686:Drivers/STM32F4xx_HAL_Driver/Src/stm32f4xx_ll_usb.c ****       USBx_INEP(epnum)->DIEPCTL |= USB_OTG_DIEPCTL_EPDIS;
 687:Drivers/STM32F4xx_HAL_Driver/Src/stm32f4xx_ll_usb.c ****     }
 688:Drivers/STM32F4xx_HAL_Driver/Src/stm32f4xx_ll_usb.c **** 
 689:Drivers/STM32F4xx_HAL_Driver/Src/stm32f4xx_ll_usb.c ****     USBx_DEVICE->DEACHMSK &= ~(USB_OTG_DAINTMSK_IEPM & (uint32_t)(1UL << (ep->num & EP_ADDR_MSK)));
 690:Drivers/STM32F4xx_HAL_Driver/Src/stm32f4xx_ll_usb.c ****     USBx_DEVICE->DAINTMSK &= ~(USB_OTG_DAINTMSK_IEPM & (uint32_t)(1UL << (ep->num & EP_ADDR_MSK)));
 691:Drivers/STM32F4xx_HAL_Driver/Src/stm32f4xx_ll_usb.c ****     USBx_INEP(epnum)->DIEPCTL &= ~(USB_OTG_DIEPCTL_USBAEP |
 692:Drivers/STM32F4xx_HAL_Driver/Src/stm32f4xx_ll_usb.c ****                                    USB_OTG_DIEPCTL_MPSIZ |
 693:Drivers/STM32F4xx_HAL_Driver/Src/stm32f4xx_ll_usb.c ****                                    USB_OTG_DIEPCTL_TXFNUM |
 694:Drivers/STM32F4xx_HAL_Driver/Src/stm32f4xx_ll_usb.c ****                                    USB_OTG_DIEPCTL_SD0PID_SEVNFRM |
 695:Drivers/STM32F4xx_HAL_Driver/Src/stm32f4xx_ll_usb.c ****                                    USB_OTG_DIEPCTL_EPTYP);
 696:Drivers/STM32F4xx_HAL_Driver/Src/stm32f4xx_ll_usb.c ****   }
 697:Drivers/STM32F4xx_HAL_Driver/Src/stm32f4xx_ll_usb.c ****   else
 698:Drivers/STM32F4xx_HAL_Driver/Src/stm32f4xx_ll_usb.c ****   {
 699:Drivers/STM32F4xx_HAL_Driver/Src/stm32f4xx_ll_usb.c ****     if ((USBx_OUTEP(epnum)->DOEPCTL & USB_OTG_DOEPCTL_EPENA) == USB_OTG_DOEPCTL_EPENA)
 700:Drivers/STM32F4xx_HAL_Driver/Src/stm32f4xx_ll_usb.c ****     {
 701:Drivers/STM32F4xx_HAL_Driver/Src/stm32f4xx_ll_usb.c ****       USBx_OUTEP(epnum)->DOEPCTL |= USB_OTG_DOEPCTL_SNAK;
 702:Drivers/STM32F4xx_HAL_Driver/Src/stm32f4xx_ll_usb.c ****       USBx_OUTEP(epnum)->DOEPCTL |= USB_OTG_DOEPCTL_EPDIS;
 703:Drivers/STM32F4xx_HAL_Driver/Src/stm32f4xx_ll_usb.c ****     }
 704:Drivers/STM32F4xx_HAL_Driver/Src/stm32f4xx_ll_usb.c **** 
 705:Drivers/STM32F4xx_HAL_Driver/Src/stm32f4xx_ll_usb.c ****     USBx_DEVICE->DEACHMSK &= ~(USB_OTG_DAINTMSK_OEPM & ((uint32_t)(1UL << (ep->num & EP_ADDR_MSK)) 
 706:Drivers/STM32F4xx_HAL_Driver/Src/stm32f4xx_ll_usb.c ****     USBx_DEVICE->DAINTMSK &= ~(USB_OTG_DAINTMSK_OEPM & ((uint32_t)(1UL << (ep->num & EP_ADDR_MSK)) 
 707:Drivers/STM32F4xx_HAL_Driver/Src/stm32f4xx_ll_usb.c ****     USBx_OUTEP(epnum)->DOEPCTL &= ~(USB_OTG_DOEPCTL_USBAEP |
 708:Drivers/STM32F4xx_HAL_Driver/Src/stm32f4xx_ll_usb.c ****                                     USB_OTG_DOEPCTL_MPSIZ |
 709:Drivers/STM32F4xx_HAL_Driver/Src/stm32f4xx_ll_usb.c ****                                     USB_OTG_DOEPCTL_SD0PID_SEVNFRM |
 710:Drivers/STM32F4xx_HAL_Driver/Src/stm32f4xx_ll_usb.c ****                                     USB_OTG_DOEPCTL_EPTYP);
 711:Drivers/STM32F4xx_HAL_Driver/Src/stm32f4xx_ll_usb.c ****   }
 712:Drivers/STM32F4xx_HAL_Driver/Src/stm32f4xx_ll_usb.c **** 
 713:Drivers/STM32F4xx_HAL_Driver/Src/stm32f4xx_ll_usb.c ****   return HAL_OK;
 714:Drivers/STM32F4xx_HAL_Driver/Src/stm32f4xx_ll_usb.c **** }
ARM GAS  /tmp/ccoaixhI.s 			page 14


 715:Drivers/STM32F4xx_HAL_Driver/Src/stm32f4xx_ll_usb.c **** 
 716:Drivers/STM32F4xx_HAL_Driver/Src/stm32f4xx_ll_usb.c **** /**
 717:Drivers/STM32F4xx_HAL_Driver/Src/stm32f4xx_ll_usb.c ****   * @brief  De-activate and de-initialize a dedicated endpoint
 718:Drivers/STM32F4xx_HAL_Driver/Src/stm32f4xx_ll_usb.c ****   * @param  USBx  Selected device
 719:Drivers/STM32F4xx_HAL_Driver/Src/stm32f4xx_ll_usb.c ****   * @param  ep pointer to endpoint structure
 720:Drivers/STM32F4xx_HAL_Driver/Src/stm32f4xx_ll_usb.c ****   * @retval HAL status
 721:Drivers/STM32F4xx_HAL_Driver/Src/stm32f4xx_ll_usb.c ****   */
 722:Drivers/STM32F4xx_HAL_Driver/Src/stm32f4xx_ll_usb.c **** HAL_StatusTypeDef USB_DeactivateDedicatedEndpoint(const USB_OTG_GlobalTypeDef *USBx, const USB_OTG_
 723:Drivers/STM32F4xx_HAL_Driver/Src/stm32f4xx_ll_usb.c **** {
 724:Drivers/STM32F4xx_HAL_Driver/Src/stm32f4xx_ll_usb.c ****   uint32_t USBx_BASE = (uint32_t)USBx;
 725:Drivers/STM32F4xx_HAL_Driver/Src/stm32f4xx_ll_usb.c ****   uint32_t epnum = (uint32_t)ep->num;
 726:Drivers/STM32F4xx_HAL_Driver/Src/stm32f4xx_ll_usb.c **** 
 727:Drivers/STM32F4xx_HAL_Driver/Src/stm32f4xx_ll_usb.c ****   /* Read DEPCTLn register */
 728:Drivers/STM32F4xx_HAL_Driver/Src/stm32f4xx_ll_usb.c ****   if (ep->is_in == 1U)
 729:Drivers/STM32F4xx_HAL_Driver/Src/stm32f4xx_ll_usb.c ****   {
 730:Drivers/STM32F4xx_HAL_Driver/Src/stm32f4xx_ll_usb.c ****     if ((USBx_INEP(epnum)->DIEPCTL & USB_OTG_DIEPCTL_EPENA) == USB_OTG_DIEPCTL_EPENA)
 731:Drivers/STM32F4xx_HAL_Driver/Src/stm32f4xx_ll_usb.c ****     {
 732:Drivers/STM32F4xx_HAL_Driver/Src/stm32f4xx_ll_usb.c ****       USBx_INEP(epnum)->DIEPCTL  |= USB_OTG_DIEPCTL_SNAK;
 733:Drivers/STM32F4xx_HAL_Driver/Src/stm32f4xx_ll_usb.c ****       USBx_INEP(epnum)->DIEPCTL  |= USB_OTG_DIEPCTL_EPDIS;
 734:Drivers/STM32F4xx_HAL_Driver/Src/stm32f4xx_ll_usb.c ****     }
 735:Drivers/STM32F4xx_HAL_Driver/Src/stm32f4xx_ll_usb.c **** 
 736:Drivers/STM32F4xx_HAL_Driver/Src/stm32f4xx_ll_usb.c ****     USBx_INEP(epnum)->DIEPCTL &= ~ USB_OTG_DIEPCTL_USBAEP;
 737:Drivers/STM32F4xx_HAL_Driver/Src/stm32f4xx_ll_usb.c ****     USBx_DEVICE->DAINTMSK &= ~(USB_OTG_DAINTMSK_IEPM & (uint32_t)(1UL << (ep->num & EP_ADDR_MSK)));
 738:Drivers/STM32F4xx_HAL_Driver/Src/stm32f4xx_ll_usb.c ****   }
 739:Drivers/STM32F4xx_HAL_Driver/Src/stm32f4xx_ll_usb.c ****   else
 740:Drivers/STM32F4xx_HAL_Driver/Src/stm32f4xx_ll_usb.c ****   {
 741:Drivers/STM32F4xx_HAL_Driver/Src/stm32f4xx_ll_usb.c ****     if ((USBx_OUTEP(epnum)->DOEPCTL & USB_OTG_DOEPCTL_EPENA) == USB_OTG_DOEPCTL_EPENA)
 742:Drivers/STM32F4xx_HAL_Driver/Src/stm32f4xx_ll_usb.c ****     {
 743:Drivers/STM32F4xx_HAL_Driver/Src/stm32f4xx_ll_usb.c ****       USBx_OUTEP(epnum)->DOEPCTL  |= USB_OTG_DOEPCTL_SNAK;
 744:Drivers/STM32F4xx_HAL_Driver/Src/stm32f4xx_ll_usb.c ****       USBx_OUTEP(epnum)->DOEPCTL  |= USB_OTG_DOEPCTL_EPDIS;
 745:Drivers/STM32F4xx_HAL_Driver/Src/stm32f4xx_ll_usb.c ****     }
 746:Drivers/STM32F4xx_HAL_Driver/Src/stm32f4xx_ll_usb.c **** 
 747:Drivers/STM32F4xx_HAL_Driver/Src/stm32f4xx_ll_usb.c ****     USBx_OUTEP(epnum)->DOEPCTL &= ~USB_OTG_DOEPCTL_USBAEP;
 748:Drivers/STM32F4xx_HAL_Driver/Src/stm32f4xx_ll_usb.c ****     USBx_DEVICE->DAINTMSK &= ~(USB_OTG_DAINTMSK_OEPM & ((uint32_t)(1UL << (ep->num & EP_ADDR_MSK)) 
 749:Drivers/STM32F4xx_HAL_Driver/Src/stm32f4xx_ll_usb.c ****   }
 750:Drivers/STM32F4xx_HAL_Driver/Src/stm32f4xx_ll_usb.c **** 
 751:Drivers/STM32F4xx_HAL_Driver/Src/stm32f4xx_ll_usb.c ****   return HAL_OK;
 752:Drivers/STM32F4xx_HAL_Driver/Src/stm32f4xx_ll_usb.c **** }
 753:Drivers/STM32F4xx_HAL_Driver/Src/stm32f4xx_ll_usb.c **** 
 754:Drivers/STM32F4xx_HAL_Driver/Src/stm32f4xx_ll_usb.c **** /**
 755:Drivers/STM32F4xx_HAL_Driver/Src/stm32f4xx_ll_usb.c ****   * @brief  USB_EPStartXfer : setup and starts a transfer over an EP
 756:Drivers/STM32F4xx_HAL_Driver/Src/stm32f4xx_ll_usb.c ****   * @param  USBx  Selected device
 757:Drivers/STM32F4xx_HAL_Driver/Src/stm32f4xx_ll_usb.c ****   * @param  ep pointer to endpoint structure
 758:Drivers/STM32F4xx_HAL_Driver/Src/stm32f4xx_ll_usb.c ****   * @param  dma USB dma enabled or disabled
 759:Drivers/STM32F4xx_HAL_Driver/Src/stm32f4xx_ll_usb.c ****   *          This parameter can be one of these values:
 760:Drivers/STM32F4xx_HAL_Driver/Src/stm32f4xx_ll_usb.c ****   *           0 : DMA feature not used
 761:Drivers/STM32F4xx_HAL_Driver/Src/stm32f4xx_ll_usb.c ****   *           1 : DMA feature used
 762:Drivers/STM32F4xx_HAL_Driver/Src/stm32f4xx_ll_usb.c ****   * @retval HAL status
 763:Drivers/STM32F4xx_HAL_Driver/Src/stm32f4xx_ll_usb.c ****   */
 764:Drivers/STM32F4xx_HAL_Driver/Src/stm32f4xx_ll_usb.c **** HAL_StatusTypeDef USB_EPStartXfer(USB_OTG_GlobalTypeDef *USBx, USB_OTG_EPTypeDef *ep, uint8_t dma)
 765:Drivers/STM32F4xx_HAL_Driver/Src/stm32f4xx_ll_usb.c **** {
 766:Drivers/STM32F4xx_HAL_Driver/Src/stm32f4xx_ll_usb.c ****   uint32_t USBx_BASE = (uint32_t)USBx;
 767:Drivers/STM32F4xx_HAL_Driver/Src/stm32f4xx_ll_usb.c ****   uint32_t epnum = (uint32_t)ep->num;
 768:Drivers/STM32F4xx_HAL_Driver/Src/stm32f4xx_ll_usb.c ****   uint16_t pktcnt;
 769:Drivers/STM32F4xx_HAL_Driver/Src/stm32f4xx_ll_usb.c **** 
 770:Drivers/STM32F4xx_HAL_Driver/Src/stm32f4xx_ll_usb.c ****   /* IN endpoint */
 771:Drivers/STM32F4xx_HAL_Driver/Src/stm32f4xx_ll_usb.c ****   if (ep->is_in == 1U)
ARM GAS  /tmp/ccoaixhI.s 			page 15


 772:Drivers/STM32F4xx_HAL_Driver/Src/stm32f4xx_ll_usb.c ****   {
 773:Drivers/STM32F4xx_HAL_Driver/Src/stm32f4xx_ll_usb.c ****     /* Zero Length Packet? */
 774:Drivers/STM32F4xx_HAL_Driver/Src/stm32f4xx_ll_usb.c ****     if (ep->xfer_len == 0U)
 775:Drivers/STM32F4xx_HAL_Driver/Src/stm32f4xx_ll_usb.c ****     {
 776:Drivers/STM32F4xx_HAL_Driver/Src/stm32f4xx_ll_usb.c ****       USBx_INEP(epnum)->DIEPTSIZ &= ~(USB_OTG_DIEPTSIZ_PKTCNT);
 777:Drivers/STM32F4xx_HAL_Driver/Src/stm32f4xx_ll_usb.c ****       USBx_INEP(epnum)->DIEPTSIZ |= (USB_OTG_DIEPTSIZ_PKTCNT & (1U << 19));
 778:Drivers/STM32F4xx_HAL_Driver/Src/stm32f4xx_ll_usb.c ****       USBx_INEP(epnum)->DIEPTSIZ &= ~(USB_OTG_DIEPTSIZ_XFRSIZ);
 779:Drivers/STM32F4xx_HAL_Driver/Src/stm32f4xx_ll_usb.c ****     }
 780:Drivers/STM32F4xx_HAL_Driver/Src/stm32f4xx_ll_usb.c ****     else
 781:Drivers/STM32F4xx_HAL_Driver/Src/stm32f4xx_ll_usb.c ****     {
 782:Drivers/STM32F4xx_HAL_Driver/Src/stm32f4xx_ll_usb.c ****       /* Program the transfer size and packet count
 783:Drivers/STM32F4xx_HAL_Driver/Src/stm32f4xx_ll_usb.c ****       * as follows: xfersize = N * maxpacket +
 784:Drivers/STM32F4xx_HAL_Driver/Src/stm32f4xx_ll_usb.c ****       * short_packet pktcnt = N + (short_packet
 785:Drivers/STM32F4xx_HAL_Driver/Src/stm32f4xx_ll_usb.c ****       * exist ? 1 : 0)
 786:Drivers/STM32F4xx_HAL_Driver/Src/stm32f4xx_ll_usb.c ****       */
 787:Drivers/STM32F4xx_HAL_Driver/Src/stm32f4xx_ll_usb.c ****       USBx_INEP(epnum)->DIEPTSIZ &= ~(USB_OTG_DIEPTSIZ_XFRSIZ);
 788:Drivers/STM32F4xx_HAL_Driver/Src/stm32f4xx_ll_usb.c ****       USBx_INEP(epnum)->DIEPTSIZ &= ~(USB_OTG_DIEPTSIZ_PKTCNT);
 789:Drivers/STM32F4xx_HAL_Driver/Src/stm32f4xx_ll_usb.c **** 
 790:Drivers/STM32F4xx_HAL_Driver/Src/stm32f4xx_ll_usb.c ****       if (epnum == 0U)
 791:Drivers/STM32F4xx_HAL_Driver/Src/stm32f4xx_ll_usb.c ****       {
 792:Drivers/STM32F4xx_HAL_Driver/Src/stm32f4xx_ll_usb.c ****         if (ep->xfer_len > ep->maxpacket)
 793:Drivers/STM32F4xx_HAL_Driver/Src/stm32f4xx_ll_usb.c ****         {
 794:Drivers/STM32F4xx_HAL_Driver/Src/stm32f4xx_ll_usb.c ****           ep->xfer_len = ep->maxpacket;
 795:Drivers/STM32F4xx_HAL_Driver/Src/stm32f4xx_ll_usb.c ****         }
 796:Drivers/STM32F4xx_HAL_Driver/Src/stm32f4xx_ll_usb.c **** 
 797:Drivers/STM32F4xx_HAL_Driver/Src/stm32f4xx_ll_usb.c ****         USBx_INEP(epnum)->DIEPTSIZ |= (USB_OTG_DIEPTSIZ_PKTCNT & (1U << 19));
 798:Drivers/STM32F4xx_HAL_Driver/Src/stm32f4xx_ll_usb.c ****       }
 799:Drivers/STM32F4xx_HAL_Driver/Src/stm32f4xx_ll_usb.c ****       else
 800:Drivers/STM32F4xx_HAL_Driver/Src/stm32f4xx_ll_usb.c ****       {
 801:Drivers/STM32F4xx_HAL_Driver/Src/stm32f4xx_ll_usb.c ****         pktcnt = (uint16_t)((ep->xfer_len + ep->maxpacket - 1U) / ep->maxpacket);
 802:Drivers/STM32F4xx_HAL_Driver/Src/stm32f4xx_ll_usb.c ****         USBx_INEP(epnum)->DIEPTSIZ |= (USB_OTG_DIEPTSIZ_PKTCNT & ((uint32_t)pktcnt << 19));
 803:Drivers/STM32F4xx_HAL_Driver/Src/stm32f4xx_ll_usb.c **** 
 804:Drivers/STM32F4xx_HAL_Driver/Src/stm32f4xx_ll_usb.c ****         if (ep->type == EP_TYPE_ISOC)
 805:Drivers/STM32F4xx_HAL_Driver/Src/stm32f4xx_ll_usb.c ****         {
 806:Drivers/STM32F4xx_HAL_Driver/Src/stm32f4xx_ll_usb.c ****           USBx_INEP(epnum)->DIEPTSIZ &= ~(USB_OTG_DIEPTSIZ_MULCNT);
 807:Drivers/STM32F4xx_HAL_Driver/Src/stm32f4xx_ll_usb.c ****           USBx_INEP(epnum)->DIEPTSIZ |= (USB_OTG_DIEPTSIZ_MULCNT & ((uint32_t)pktcnt << 29));
 808:Drivers/STM32F4xx_HAL_Driver/Src/stm32f4xx_ll_usb.c ****         }
 809:Drivers/STM32F4xx_HAL_Driver/Src/stm32f4xx_ll_usb.c ****       }
 810:Drivers/STM32F4xx_HAL_Driver/Src/stm32f4xx_ll_usb.c **** 
 811:Drivers/STM32F4xx_HAL_Driver/Src/stm32f4xx_ll_usb.c ****       USBx_INEP(epnum)->DIEPTSIZ |= (USB_OTG_DIEPTSIZ_XFRSIZ & ep->xfer_len);
 812:Drivers/STM32F4xx_HAL_Driver/Src/stm32f4xx_ll_usb.c ****     }
 813:Drivers/STM32F4xx_HAL_Driver/Src/stm32f4xx_ll_usb.c **** 
 814:Drivers/STM32F4xx_HAL_Driver/Src/stm32f4xx_ll_usb.c ****     if (dma == 1U)
 815:Drivers/STM32F4xx_HAL_Driver/Src/stm32f4xx_ll_usb.c ****     {
 816:Drivers/STM32F4xx_HAL_Driver/Src/stm32f4xx_ll_usb.c ****       if ((uint32_t)ep->dma_addr != 0U)
 817:Drivers/STM32F4xx_HAL_Driver/Src/stm32f4xx_ll_usb.c ****       {
 818:Drivers/STM32F4xx_HAL_Driver/Src/stm32f4xx_ll_usb.c ****         USBx_INEP(epnum)->DIEPDMA = (uint32_t)(ep->dma_addr);
 819:Drivers/STM32F4xx_HAL_Driver/Src/stm32f4xx_ll_usb.c ****       }
 820:Drivers/STM32F4xx_HAL_Driver/Src/stm32f4xx_ll_usb.c **** 
 821:Drivers/STM32F4xx_HAL_Driver/Src/stm32f4xx_ll_usb.c ****       if (ep->type == EP_TYPE_ISOC)
 822:Drivers/STM32F4xx_HAL_Driver/Src/stm32f4xx_ll_usb.c ****       {
 823:Drivers/STM32F4xx_HAL_Driver/Src/stm32f4xx_ll_usb.c ****         if ((USBx_DEVICE->DSTS & (1U << 8)) == 0U)
 824:Drivers/STM32F4xx_HAL_Driver/Src/stm32f4xx_ll_usb.c ****         {
 825:Drivers/STM32F4xx_HAL_Driver/Src/stm32f4xx_ll_usb.c ****           USBx_INEP(epnum)->DIEPCTL |= USB_OTG_DIEPCTL_SODDFRM;
 826:Drivers/STM32F4xx_HAL_Driver/Src/stm32f4xx_ll_usb.c ****         }
 827:Drivers/STM32F4xx_HAL_Driver/Src/stm32f4xx_ll_usb.c ****         else
 828:Drivers/STM32F4xx_HAL_Driver/Src/stm32f4xx_ll_usb.c ****         {
ARM GAS  /tmp/ccoaixhI.s 			page 16


 829:Drivers/STM32F4xx_HAL_Driver/Src/stm32f4xx_ll_usb.c ****           USBx_INEP(epnum)->DIEPCTL |= USB_OTG_DIEPCTL_SD0PID_SEVNFRM;
 830:Drivers/STM32F4xx_HAL_Driver/Src/stm32f4xx_ll_usb.c ****         }
 831:Drivers/STM32F4xx_HAL_Driver/Src/stm32f4xx_ll_usb.c ****       }
 832:Drivers/STM32F4xx_HAL_Driver/Src/stm32f4xx_ll_usb.c **** 
 833:Drivers/STM32F4xx_HAL_Driver/Src/stm32f4xx_ll_usb.c ****       /* EP enable, IN data in FIFO */
 834:Drivers/STM32F4xx_HAL_Driver/Src/stm32f4xx_ll_usb.c ****       USBx_INEP(epnum)->DIEPCTL |= (USB_OTG_DIEPCTL_CNAK | USB_OTG_DIEPCTL_EPENA);
 835:Drivers/STM32F4xx_HAL_Driver/Src/stm32f4xx_ll_usb.c ****     }
 836:Drivers/STM32F4xx_HAL_Driver/Src/stm32f4xx_ll_usb.c ****     else
 837:Drivers/STM32F4xx_HAL_Driver/Src/stm32f4xx_ll_usb.c ****     {
 838:Drivers/STM32F4xx_HAL_Driver/Src/stm32f4xx_ll_usb.c ****       /* EP enable, IN data in FIFO */
 839:Drivers/STM32F4xx_HAL_Driver/Src/stm32f4xx_ll_usb.c ****       USBx_INEP(epnum)->DIEPCTL |= (USB_OTG_DIEPCTL_CNAK | USB_OTG_DIEPCTL_EPENA);
 840:Drivers/STM32F4xx_HAL_Driver/Src/stm32f4xx_ll_usb.c **** 
 841:Drivers/STM32F4xx_HAL_Driver/Src/stm32f4xx_ll_usb.c ****       if (ep->type != EP_TYPE_ISOC)
 842:Drivers/STM32F4xx_HAL_Driver/Src/stm32f4xx_ll_usb.c ****       {
 843:Drivers/STM32F4xx_HAL_Driver/Src/stm32f4xx_ll_usb.c ****         /* Enable the Tx FIFO Empty Interrupt for this EP */
 844:Drivers/STM32F4xx_HAL_Driver/Src/stm32f4xx_ll_usb.c ****         if (ep->xfer_len > 0U)
 845:Drivers/STM32F4xx_HAL_Driver/Src/stm32f4xx_ll_usb.c ****         {
 846:Drivers/STM32F4xx_HAL_Driver/Src/stm32f4xx_ll_usb.c ****           USBx_DEVICE->DIEPEMPMSK |= 1UL << (ep->num & EP_ADDR_MSK);
 847:Drivers/STM32F4xx_HAL_Driver/Src/stm32f4xx_ll_usb.c ****         }
 848:Drivers/STM32F4xx_HAL_Driver/Src/stm32f4xx_ll_usb.c ****       }
 849:Drivers/STM32F4xx_HAL_Driver/Src/stm32f4xx_ll_usb.c ****       else
 850:Drivers/STM32F4xx_HAL_Driver/Src/stm32f4xx_ll_usb.c ****       {
 851:Drivers/STM32F4xx_HAL_Driver/Src/stm32f4xx_ll_usb.c ****         if ((USBx_DEVICE->DSTS & (1U << 8)) == 0U)
 852:Drivers/STM32F4xx_HAL_Driver/Src/stm32f4xx_ll_usb.c ****         {
 853:Drivers/STM32F4xx_HAL_Driver/Src/stm32f4xx_ll_usb.c ****           USBx_INEP(epnum)->DIEPCTL |= USB_OTG_DIEPCTL_SODDFRM;
 854:Drivers/STM32F4xx_HAL_Driver/Src/stm32f4xx_ll_usb.c ****         }
 855:Drivers/STM32F4xx_HAL_Driver/Src/stm32f4xx_ll_usb.c ****         else
 856:Drivers/STM32F4xx_HAL_Driver/Src/stm32f4xx_ll_usb.c ****         {
 857:Drivers/STM32F4xx_HAL_Driver/Src/stm32f4xx_ll_usb.c ****           USBx_INEP(epnum)->DIEPCTL |= USB_OTG_DIEPCTL_SD0PID_SEVNFRM;
 858:Drivers/STM32F4xx_HAL_Driver/Src/stm32f4xx_ll_usb.c ****         }
 859:Drivers/STM32F4xx_HAL_Driver/Src/stm32f4xx_ll_usb.c **** 
 860:Drivers/STM32F4xx_HAL_Driver/Src/stm32f4xx_ll_usb.c ****         (void)USB_WritePacket(USBx, ep->xfer_buff, ep->num, (uint16_t)ep->xfer_len, dma);
 861:Drivers/STM32F4xx_HAL_Driver/Src/stm32f4xx_ll_usb.c ****       }
 862:Drivers/STM32F4xx_HAL_Driver/Src/stm32f4xx_ll_usb.c ****     }
 863:Drivers/STM32F4xx_HAL_Driver/Src/stm32f4xx_ll_usb.c ****   }
 864:Drivers/STM32F4xx_HAL_Driver/Src/stm32f4xx_ll_usb.c ****   else /* OUT endpoint */
 865:Drivers/STM32F4xx_HAL_Driver/Src/stm32f4xx_ll_usb.c ****   {
 866:Drivers/STM32F4xx_HAL_Driver/Src/stm32f4xx_ll_usb.c ****     /* Program the transfer size and packet count as follows:
 867:Drivers/STM32F4xx_HAL_Driver/Src/stm32f4xx_ll_usb.c ****     * pktcnt = N
 868:Drivers/STM32F4xx_HAL_Driver/Src/stm32f4xx_ll_usb.c ****     * xfersize = N * maxpacket
 869:Drivers/STM32F4xx_HAL_Driver/Src/stm32f4xx_ll_usb.c ****     */
 870:Drivers/STM32F4xx_HAL_Driver/Src/stm32f4xx_ll_usb.c ****     USBx_OUTEP(epnum)->DOEPTSIZ &= ~(USB_OTG_DOEPTSIZ_XFRSIZ);
 871:Drivers/STM32F4xx_HAL_Driver/Src/stm32f4xx_ll_usb.c ****     USBx_OUTEP(epnum)->DOEPTSIZ &= ~(USB_OTG_DOEPTSIZ_PKTCNT);
 872:Drivers/STM32F4xx_HAL_Driver/Src/stm32f4xx_ll_usb.c **** 
 873:Drivers/STM32F4xx_HAL_Driver/Src/stm32f4xx_ll_usb.c ****     if (epnum == 0U)
 874:Drivers/STM32F4xx_HAL_Driver/Src/stm32f4xx_ll_usb.c ****     {
 875:Drivers/STM32F4xx_HAL_Driver/Src/stm32f4xx_ll_usb.c ****       if (ep->xfer_len > 0U)
 876:Drivers/STM32F4xx_HAL_Driver/Src/stm32f4xx_ll_usb.c ****       {
 877:Drivers/STM32F4xx_HAL_Driver/Src/stm32f4xx_ll_usb.c ****         ep->xfer_len = ep->maxpacket;
 878:Drivers/STM32F4xx_HAL_Driver/Src/stm32f4xx_ll_usb.c ****       }
 879:Drivers/STM32F4xx_HAL_Driver/Src/stm32f4xx_ll_usb.c **** 
 880:Drivers/STM32F4xx_HAL_Driver/Src/stm32f4xx_ll_usb.c ****       /* Store transfer size, for EP0 this is equal to endpoint max packet size */
 881:Drivers/STM32F4xx_HAL_Driver/Src/stm32f4xx_ll_usb.c ****       ep->xfer_size = ep->maxpacket;
 882:Drivers/STM32F4xx_HAL_Driver/Src/stm32f4xx_ll_usb.c **** 
 883:Drivers/STM32F4xx_HAL_Driver/Src/stm32f4xx_ll_usb.c ****       USBx_OUTEP(epnum)->DOEPTSIZ |= (USB_OTG_DOEPTSIZ_XFRSIZ & ep->xfer_size);
 884:Drivers/STM32F4xx_HAL_Driver/Src/stm32f4xx_ll_usb.c ****       USBx_OUTEP(epnum)->DOEPTSIZ |= (USB_OTG_DOEPTSIZ_PKTCNT & (1U << 19));
 885:Drivers/STM32F4xx_HAL_Driver/Src/stm32f4xx_ll_usb.c ****     }
ARM GAS  /tmp/ccoaixhI.s 			page 17


 886:Drivers/STM32F4xx_HAL_Driver/Src/stm32f4xx_ll_usb.c ****     else
 887:Drivers/STM32F4xx_HAL_Driver/Src/stm32f4xx_ll_usb.c ****     {
 888:Drivers/STM32F4xx_HAL_Driver/Src/stm32f4xx_ll_usb.c ****       if (ep->xfer_len == 0U)
 889:Drivers/STM32F4xx_HAL_Driver/Src/stm32f4xx_ll_usb.c ****       {
 890:Drivers/STM32F4xx_HAL_Driver/Src/stm32f4xx_ll_usb.c ****         USBx_OUTEP(epnum)->DOEPTSIZ |= (USB_OTG_DOEPTSIZ_XFRSIZ & ep->maxpacket);
 891:Drivers/STM32F4xx_HAL_Driver/Src/stm32f4xx_ll_usb.c ****         USBx_OUTEP(epnum)->DOEPTSIZ |= (USB_OTG_DOEPTSIZ_PKTCNT & (1U << 19));
 892:Drivers/STM32F4xx_HAL_Driver/Src/stm32f4xx_ll_usb.c ****       }
 893:Drivers/STM32F4xx_HAL_Driver/Src/stm32f4xx_ll_usb.c ****       else
 894:Drivers/STM32F4xx_HAL_Driver/Src/stm32f4xx_ll_usb.c ****       {
 895:Drivers/STM32F4xx_HAL_Driver/Src/stm32f4xx_ll_usb.c ****         pktcnt = (uint16_t)((ep->xfer_len + ep->maxpacket - 1U) / ep->maxpacket);
 896:Drivers/STM32F4xx_HAL_Driver/Src/stm32f4xx_ll_usb.c ****         ep->xfer_size = ep->maxpacket * pktcnt;
 897:Drivers/STM32F4xx_HAL_Driver/Src/stm32f4xx_ll_usb.c **** 
 898:Drivers/STM32F4xx_HAL_Driver/Src/stm32f4xx_ll_usb.c ****         USBx_OUTEP(epnum)->DOEPTSIZ |= USB_OTG_DOEPTSIZ_PKTCNT & ((uint32_t)pktcnt << 19);
 899:Drivers/STM32F4xx_HAL_Driver/Src/stm32f4xx_ll_usb.c ****         USBx_OUTEP(epnum)->DOEPTSIZ |= USB_OTG_DOEPTSIZ_XFRSIZ & ep->xfer_size;
 900:Drivers/STM32F4xx_HAL_Driver/Src/stm32f4xx_ll_usb.c ****       }
 901:Drivers/STM32F4xx_HAL_Driver/Src/stm32f4xx_ll_usb.c ****     }
 902:Drivers/STM32F4xx_HAL_Driver/Src/stm32f4xx_ll_usb.c **** 
 903:Drivers/STM32F4xx_HAL_Driver/Src/stm32f4xx_ll_usb.c ****     if (dma == 1U)
 904:Drivers/STM32F4xx_HAL_Driver/Src/stm32f4xx_ll_usb.c ****     {
 905:Drivers/STM32F4xx_HAL_Driver/Src/stm32f4xx_ll_usb.c ****       if ((uint32_t)ep->xfer_buff != 0U)
 906:Drivers/STM32F4xx_HAL_Driver/Src/stm32f4xx_ll_usb.c ****       {
 907:Drivers/STM32F4xx_HAL_Driver/Src/stm32f4xx_ll_usb.c ****         USBx_OUTEP(epnum)->DOEPDMA = (uint32_t)(ep->xfer_buff);
 908:Drivers/STM32F4xx_HAL_Driver/Src/stm32f4xx_ll_usb.c ****       }
 909:Drivers/STM32F4xx_HAL_Driver/Src/stm32f4xx_ll_usb.c ****     }
 910:Drivers/STM32F4xx_HAL_Driver/Src/stm32f4xx_ll_usb.c **** 
 911:Drivers/STM32F4xx_HAL_Driver/Src/stm32f4xx_ll_usb.c ****     if (ep->type == EP_TYPE_ISOC)
 912:Drivers/STM32F4xx_HAL_Driver/Src/stm32f4xx_ll_usb.c ****     {
 913:Drivers/STM32F4xx_HAL_Driver/Src/stm32f4xx_ll_usb.c ****       if ((USBx_DEVICE->DSTS & (1U << 8)) == 0U)
 914:Drivers/STM32F4xx_HAL_Driver/Src/stm32f4xx_ll_usb.c ****       {
 915:Drivers/STM32F4xx_HAL_Driver/Src/stm32f4xx_ll_usb.c ****         USBx_OUTEP(epnum)->DOEPCTL |= USB_OTG_DOEPCTL_SODDFRM;
 916:Drivers/STM32F4xx_HAL_Driver/Src/stm32f4xx_ll_usb.c ****       }
 917:Drivers/STM32F4xx_HAL_Driver/Src/stm32f4xx_ll_usb.c ****       else
 918:Drivers/STM32F4xx_HAL_Driver/Src/stm32f4xx_ll_usb.c ****       {
 919:Drivers/STM32F4xx_HAL_Driver/Src/stm32f4xx_ll_usb.c ****         USBx_OUTEP(epnum)->DOEPCTL |= USB_OTG_DOEPCTL_SD0PID_SEVNFRM;
 920:Drivers/STM32F4xx_HAL_Driver/Src/stm32f4xx_ll_usb.c ****       }
 921:Drivers/STM32F4xx_HAL_Driver/Src/stm32f4xx_ll_usb.c ****     }
 922:Drivers/STM32F4xx_HAL_Driver/Src/stm32f4xx_ll_usb.c ****     /* EP enable */
 923:Drivers/STM32F4xx_HAL_Driver/Src/stm32f4xx_ll_usb.c ****     USBx_OUTEP(epnum)->DOEPCTL |= (USB_OTG_DOEPCTL_CNAK | USB_OTG_DOEPCTL_EPENA);
 924:Drivers/STM32F4xx_HAL_Driver/Src/stm32f4xx_ll_usb.c ****   }
 925:Drivers/STM32F4xx_HAL_Driver/Src/stm32f4xx_ll_usb.c **** 
 926:Drivers/STM32F4xx_HAL_Driver/Src/stm32f4xx_ll_usb.c ****   return HAL_OK;
 927:Drivers/STM32F4xx_HAL_Driver/Src/stm32f4xx_ll_usb.c **** }
 928:Drivers/STM32F4xx_HAL_Driver/Src/stm32f4xx_ll_usb.c **** 
 929:Drivers/STM32F4xx_HAL_Driver/Src/stm32f4xx_ll_usb.c **** 
 930:Drivers/STM32F4xx_HAL_Driver/Src/stm32f4xx_ll_usb.c **** /**
 931:Drivers/STM32F4xx_HAL_Driver/Src/stm32f4xx_ll_usb.c ****    * @brief  USB_EPStoptXfer  Stop transfer on an EP
 932:Drivers/STM32F4xx_HAL_Driver/Src/stm32f4xx_ll_usb.c ****    * @param  USBx  usb device instance
 933:Drivers/STM32F4xx_HAL_Driver/Src/stm32f4xx_ll_usb.c ****    * @param  ep pointer to endpoint structure
 934:Drivers/STM32F4xx_HAL_Driver/Src/stm32f4xx_ll_usb.c ****    * @retval HAL status
 935:Drivers/STM32F4xx_HAL_Driver/Src/stm32f4xx_ll_usb.c ****    */
 936:Drivers/STM32F4xx_HAL_Driver/Src/stm32f4xx_ll_usb.c **** HAL_StatusTypeDef USB_EPStopXfer(const USB_OTG_GlobalTypeDef *USBx, USB_OTG_EPTypeDef *ep)
 937:Drivers/STM32F4xx_HAL_Driver/Src/stm32f4xx_ll_usb.c **** {
 938:Drivers/STM32F4xx_HAL_Driver/Src/stm32f4xx_ll_usb.c ****   __IO uint32_t count = 0U;
 939:Drivers/STM32F4xx_HAL_Driver/Src/stm32f4xx_ll_usb.c ****   HAL_StatusTypeDef ret = HAL_OK;
 940:Drivers/STM32F4xx_HAL_Driver/Src/stm32f4xx_ll_usb.c ****   uint32_t USBx_BASE = (uint32_t)USBx;
 941:Drivers/STM32F4xx_HAL_Driver/Src/stm32f4xx_ll_usb.c **** 
 942:Drivers/STM32F4xx_HAL_Driver/Src/stm32f4xx_ll_usb.c ****   /* IN endpoint */
ARM GAS  /tmp/ccoaixhI.s 			page 18


 943:Drivers/STM32F4xx_HAL_Driver/Src/stm32f4xx_ll_usb.c ****   if (ep->is_in == 1U)
 944:Drivers/STM32F4xx_HAL_Driver/Src/stm32f4xx_ll_usb.c ****   {
 945:Drivers/STM32F4xx_HAL_Driver/Src/stm32f4xx_ll_usb.c ****     /* EP enable, IN data in FIFO */
 946:Drivers/STM32F4xx_HAL_Driver/Src/stm32f4xx_ll_usb.c ****     if (((USBx_INEP(ep->num)->DIEPCTL) & USB_OTG_DIEPCTL_EPENA) == USB_OTG_DIEPCTL_EPENA)
 947:Drivers/STM32F4xx_HAL_Driver/Src/stm32f4xx_ll_usb.c ****     {
 948:Drivers/STM32F4xx_HAL_Driver/Src/stm32f4xx_ll_usb.c ****       USBx_INEP(ep->num)->DIEPCTL |= (USB_OTG_DIEPCTL_SNAK);
 949:Drivers/STM32F4xx_HAL_Driver/Src/stm32f4xx_ll_usb.c ****       USBx_INEP(ep->num)->DIEPCTL |= (USB_OTG_DIEPCTL_EPDIS);
 950:Drivers/STM32F4xx_HAL_Driver/Src/stm32f4xx_ll_usb.c **** 
 951:Drivers/STM32F4xx_HAL_Driver/Src/stm32f4xx_ll_usb.c ****       do
 952:Drivers/STM32F4xx_HAL_Driver/Src/stm32f4xx_ll_usb.c ****       {
 953:Drivers/STM32F4xx_HAL_Driver/Src/stm32f4xx_ll_usb.c ****         count++;
 954:Drivers/STM32F4xx_HAL_Driver/Src/stm32f4xx_ll_usb.c **** 
 955:Drivers/STM32F4xx_HAL_Driver/Src/stm32f4xx_ll_usb.c ****         if (count > 10000U)
 956:Drivers/STM32F4xx_HAL_Driver/Src/stm32f4xx_ll_usb.c ****         {
 957:Drivers/STM32F4xx_HAL_Driver/Src/stm32f4xx_ll_usb.c ****           ret = HAL_ERROR;
 958:Drivers/STM32F4xx_HAL_Driver/Src/stm32f4xx_ll_usb.c ****           break;
 959:Drivers/STM32F4xx_HAL_Driver/Src/stm32f4xx_ll_usb.c ****         }
 960:Drivers/STM32F4xx_HAL_Driver/Src/stm32f4xx_ll_usb.c ****       } while (((USBx_INEP(ep->num)->DIEPCTL) & USB_OTG_DIEPCTL_EPENA) ==  USB_OTG_DIEPCTL_EPENA);
 961:Drivers/STM32F4xx_HAL_Driver/Src/stm32f4xx_ll_usb.c ****     }
 962:Drivers/STM32F4xx_HAL_Driver/Src/stm32f4xx_ll_usb.c ****   }
 963:Drivers/STM32F4xx_HAL_Driver/Src/stm32f4xx_ll_usb.c ****   else /* OUT endpoint */
 964:Drivers/STM32F4xx_HAL_Driver/Src/stm32f4xx_ll_usb.c ****   {
 965:Drivers/STM32F4xx_HAL_Driver/Src/stm32f4xx_ll_usb.c ****     if (((USBx_OUTEP(ep->num)->DOEPCTL) & USB_OTG_DOEPCTL_EPENA) == USB_OTG_DOEPCTL_EPENA)
 966:Drivers/STM32F4xx_HAL_Driver/Src/stm32f4xx_ll_usb.c ****     {
 967:Drivers/STM32F4xx_HAL_Driver/Src/stm32f4xx_ll_usb.c ****       USBx_OUTEP(ep->num)->DOEPCTL |= (USB_OTG_DOEPCTL_SNAK);
 968:Drivers/STM32F4xx_HAL_Driver/Src/stm32f4xx_ll_usb.c ****       USBx_OUTEP(ep->num)->DOEPCTL |= (USB_OTG_DOEPCTL_EPDIS);
 969:Drivers/STM32F4xx_HAL_Driver/Src/stm32f4xx_ll_usb.c **** 
 970:Drivers/STM32F4xx_HAL_Driver/Src/stm32f4xx_ll_usb.c ****       do
 971:Drivers/STM32F4xx_HAL_Driver/Src/stm32f4xx_ll_usb.c ****       {
 972:Drivers/STM32F4xx_HAL_Driver/Src/stm32f4xx_ll_usb.c ****         count++;
 973:Drivers/STM32F4xx_HAL_Driver/Src/stm32f4xx_ll_usb.c **** 
 974:Drivers/STM32F4xx_HAL_Driver/Src/stm32f4xx_ll_usb.c ****         if (count > 10000U)
 975:Drivers/STM32F4xx_HAL_Driver/Src/stm32f4xx_ll_usb.c ****         {
 976:Drivers/STM32F4xx_HAL_Driver/Src/stm32f4xx_ll_usb.c ****           ret = HAL_ERROR;
 977:Drivers/STM32F4xx_HAL_Driver/Src/stm32f4xx_ll_usb.c ****           break;
 978:Drivers/STM32F4xx_HAL_Driver/Src/stm32f4xx_ll_usb.c ****         }
 979:Drivers/STM32F4xx_HAL_Driver/Src/stm32f4xx_ll_usb.c ****       } while (((USBx_OUTEP(ep->num)->DOEPCTL) & USB_OTG_DOEPCTL_EPENA) ==  USB_OTG_DOEPCTL_EPENA);
 980:Drivers/STM32F4xx_HAL_Driver/Src/stm32f4xx_ll_usb.c ****     }
 981:Drivers/STM32F4xx_HAL_Driver/Src/stm32f4xx_ll_usb.c ****   }
 982:Drivers/STM32F4xx_HAL_Driver/Src/stm32f4xx_ll_usb.c **** 
 983:Drivers/STM32F4xx_HAL_Driver/Src/stm32f4xx_ll_usb.c ****   return ret;
 984:Drivers/STM32F4xx_HAL_Driver/Src/stm32f4xx_ll_usb.c **** }
 985:Drivers/STM32F4xx_HAL_Driver/Src/stm32f4xx_ll_usb.c **** 
 986:Drivers/STM32F4xx_HAL_Driver/Src/stm32f4xx_ll_usb.c **** 
 987:Drivers/STM32F4xx_HAL_Driver/Src/stm32f4xx_ll_usb.c **** /**
 988:Drivers/STM32F4xx_HAL_Driver/Src/stm32f4xx_ll_usb.c ****   * @brief  USB_WritePacket : Writes a packet into the Tx FIFO associated
 989:Drivers/STM32F4xx_HAL_Driver/Src/stm32f4xx_ll_usb.c ****   *         with the EP/channel
 990:Drivers/STM32F4xx_HAL_Driver/Src/stm32f4xx_ll_usb.c ****   * @param  USBx  Selected device
 991:Drivers/STM32F4xx_HAL_Driver/Src/stm32f4xx_ll_usb.c ****   * @param  src   pointer to source buffer
 992:Drivers/STM32F4xx_HAL_Driver/Src/stm32f4xx_ll_usb.c ****   * @param  ch_ep_num  endpoint or host channel number
 993:Drivers/STM32F4xx_HAL_Driver/Src/stm32f4xx_ll_usb.c ****   * @param  len  Number of bytes to write
 994:Drivers/STM32F4xx_HAL_Driver/Src/stm32f4xx_ll_usb.c ****   * @param  dma USB dma enabled or disabled
 995:Drivers/STM32F4xx_HAL_Driver/Src/stm32f4xx_ll_usb.c ****   *          This parameter can be one of these values:
 996:Drivers/STM32F4xx_HAL_Driver/Src/stm32f4xx_ll_usb.c ****   *           0 : DMA feature not used
 997:Drivers/STM32F4xx_HAL_Driver/Src/stm32f4xx_ll_usb.c ****   *           1 : DMA feature used
 998:Drivers/STM32F4xx_HAL_Driver/Src/stm32f4xx_ll_usb.c ****   * @retval HAL status
 999:Drivers/STM32F4xx_HAL_Driver/Src/stm32f4xx_ll_usb.c ****   */
ARM GAS  /tmp/ccoaixhI.s 			page 19


1000:Drivers/STM32F4xx_HAL_Driver/Src/stm32f4xx_ll_usb.c **** HAL_StatusTypeDef USB_WritePacket(const USB_OTG_GlobalTypeDef *USBx, uint8_t *src,
1001:Drivers/STM32F4xx_HAL_Driver/Src/stm32f4xx_ll_usb.c ****                                   uint8_t ch_ep_num, uint16_t len, uint8_t dma)
1002:Drivers/STM32F4xx_HAL_Driver/Src/stm32f4xx_ll_usb.c **** {
1003:Drivers/STM32F4xx_HAL_Driver/Src/stm32f4xx_ll_usb.c ****   uint32_t USBx_BASE = (uint32_t)USBx;
1004:Drivers/STM32F4xx_HAL_Driver/Src/stm32f4xx_ll_usb.c ****   uint8_t *pSrc = src;
1005:Drivers/STM32F4xx_HAL_Driver/Src/stm32f4xx_ll_usb.c ****   uint32_t count32b;
1006:Drivers/STM32F4xx_HAL_Driver/Src/stm32f4xx_ll_usb.c ****   uint32_t i;
1007:Drivers/STM32F4xx_HAL_Driver/Src/stm32f4xx_ll_usb.c **** 
1008:Drivers/STM32F4xx_HAL_Driver/Src/stm32f4xx_ll_usb.c ****   if (dma == 0U)
1009:Drivers/STM32F4xx_HAL_Driver/Src/stm32f4xx_ll_usb.c ****   {
1010:Drivers/STM32F4xx_HAL_Driver/Src/stm32f4xx_ll_usb.c ****     count32b = ((uint32_t)len + 3U) / 4U;
1011:Drivers/STM32F4xx_HAL_Driver/Src/stm32f4xx_ll_usb.c ****     for (i = 0U; i < count32b; i++)
1012:Drivers/STM32F4xx_HAL_Driver/Src/stm32f4xx_ll_usb.c ****     {
1013:Drivers/STM32F4xx_HAL_Driver/Src/stm32f4xx_ll_usb.c ****       USBx_DFIFO((uint32_t)ch_ep_num) = __UNALIGNED_UINT32_READ(pSrc);
1014:Drivers/STM32F4xx_HAL_Driver/Src/stm32f4xx_ll_usb.c ****       pSrc++;
1015:Drivers/STM32F4xx_HAL_Driver/Src/stm32f4xx_ll_usb.c ****       pSrc++;
1016:Drivers/STM32F4xx_HAL_Driver/Src/stm32f4xx_ll_usb.c ****       pSrc++;
1017:Drivers/STM32F4xx_HAL_Driver/Src/stm32f4xx_ll_usb.c ****       pSrc++;
1018:Drivers/STM32F4xx_HAL_Driver/Src/stm32f4xx_ll_usb.c ****     }
1019:Drivers/STM32F4xx_HAL_Driver/Src/stm32f4xx_ll_usb.c ****   }
1020:Drivers/STM32F4xx_HAL_Driver/Src/stm32f4xx_ll_usb.c **** 
1021:Drivers/STM32F4xx_HAL_Driver/Src/stm32f4xx_ll_usb.c ****   return HAL_OK;
1022:Drivers/STM32F4xx_HAL_Driver/Src/stm32f4xx_ll_usb.c **** }
1023:Drivers/STM32F4xx_HAL_Driver/Src/stm32f4xx_ll_usb.c **** 
1024:Drivers/STM32F4xx_HAL_Driver/Src/stm32f4xx_ll_usb.c **** /**
1025:Drivers/STM32F4xx_HAL_Driver/Src/stm32f4xx_ll_usb.c ****   * @brief  USB_ReadPacket : read a packet from the RX FIFO
1026:Drivers/STM32F4xx_HAL_Driver/Src/stm32f4xx_ll_usb.c ****   * @param  USBx  Selected device
1027:Drivers/STM32F4xx_HAL_Driver/Src/stm32f4xx_ll_usb.c ****   * @param  dest  source pointer
1028:Drivers/STM32F4xx_HAL_Driver/Src/stm32f4xx_ll_usb.c ****   * @param  len  Number of bytes to read
1029:Drivers/STM32F4xx_HAL_Driver/Src/stm32f4xx_ll_usb.c ****   * @retval pointer to destination buffer
1030:Drivers/STM32F4xx_HAL_Driver/Src/stm32f4xx_ll_usb.c ****   */
1031:Drivers/STM32F4xx_HAL_Driver/Src/stm32f4xx_ll_usb.c **** void *USB_ReadPacket(const USB_OTG_GlobalTypeDef *USBx, uint8_t *dest, uint16_t len)
1032:Drivers/STM32F4xx_HAL_Driver/Src/stm32f4xx_ll_usb.c **** {
1033:Drivers/STM32F4xx_HAL_Driver/Src/stm32f4xx_ll_usb.c ****   uint32_t USBx_BASE = (uint32_t)USBx;
1034:Drivers/STM32F4xx_HAL_Driver/Src/stm32f4xx_ll_usb.c ****   uint8_t *pDest = dest;
1035:Drivers/STM32F4xx_HAL_Driver/Src/stm32f4xx_ll_usb.c ****   uint32_t pData;
1036:Drivers/STM32F4xx_HAL_Driver/Src/stm32f4xx_ll_usb.c ****   uint32_t i;
1037:Drivers/STM32F4xx_HAL_Driver/Src/stm32f4xx_ll_usb.c ****   uint32_t count32b = (uint32_t)len >> 2U;
1038:Drivers/STM32F4xx_HAL_Driver/Src/stm32f4xx_ll_usb.c ****   uint16_t remaining_bytes = len % 4U;
1039:Drivers/STM32F4xx_HAL_Driver/Src/stm32f4xx_ll_usb.c **** 
1040:Drivers/STM32F4xx_HAL_Driver/Src/stm32f4xx_ll_usb.c ****   for (i = 0U; i < count32b; i++)
1041:Drivers/STM32F4xx_HAL_Driver/Src/stm32f4xx_ll_usb.c ****   {
1042:Drivers/STM32F4xx_HAL_Driver/Src/stm32f4xx_ll_usb.c ****     __UNALIGNED_UINT32_WRITE(pDest, USBx_DFIFO(0U));
1043:Drivers/STM32F4xx_HAL_Driver/Src/stm32f4xx_ll_usb.c ****     pDest++;
1044:Drivers/STM32F4xx_HAL_Driver/Src/stm32f4xx_ll_usb.c ****     pDest++;
1045:Drivers/STM32F4xx_HAL_Driver/Src/stm32f4xx_ll_usb.c ****     pDest++;
1046:Drivers/STM32F4xx_HAL_Driver/Src/stm32f4xx_ll_usb.c ****     pDest++;
1047:Drivers/STM32F4xx_HAL_Driver/Src/stm32f4xx_ll_usb.c ****   }
1048:Drivers/STM32F4xx_HAL_Driver/Src/stm32f4xx_ll_usb.c **** 
1049:Drivers/STM32F4xx_HAL_Driver/Src/stm32f4xx_ll_usb.c ****   /* When Number of data is not word aligned, read the remaining byte */
1050:Drivers/STM32F4xx_HAL_Driver/Src/stm32f4xx_ll_usb.c ****   if (remaining_bytes != 0U)
1051:Drivers/STM32F4xx_HAL_Driver/Src/stm32f4xx_ll_usb.c ****   {
1052:Drivers/STM32F4xx_HAL_Driver/Src/stm32f4xx_ll_usb.c ****     i = 0U;
1053:Drivers/STM32F4xx_HAL_Driver/Src/stm32f4xx_ll_usb.c ****     __UNALIGNED_UINT32_WRITE(&pData, USBx_DFIFO(0U));
1054:Drivers/STM32F4xx_HAL_Driver/Src/stm32f4xx_ll_usb.c **** 
1055:Drivers/STM32F4xx_HAL_Driver/Src/stm32f4xx_ll_usb.c ****     do
1056:Drivers/STM32F4xx_HAL_Driver/Src/stm32f4xx_ll_usb.c ****     {
ARM GAS  /tmp/ccoaixhI.s 			page 20


1057:Drivers/STM32F4xx_HAL_Driver/Src/stm32f4xx_ll_usb.c ****       *(uint8_t *)pDest = (uint8_t)(pData >> (8U * (uint8_t)(i)));
1058:Drivers/STM32F4xx_HAL_Driver/Src/stm32f4xx_ll_usb.c ****       i++;
1059:Drivers/STM32F4xx_HAL_Driver/Src/stm32f4xx_ll_usb.c ****       pDest++;
1060:Drivers/STM32F4xx_HAL_Driver/Src/stm32f4xx_ll_usb.c ****       remaining_bytes--;
1061:Drivers/STM32F4xx_HAL_Driver/Src/stm32f4xx_ll_usb.c ****     } while (remaining_bytes != 0U);
1062:Drivers/STM32F4xx_HAL_Driver/Src/stm32f4xx_ll_usb.c ****   }
1063:Drivers/STM32F4xx_HAL_Driver/Src/stm32f4xx_ll_usb.c **** 
1064:Drivers/STM32F4xx_HAL_Driver/Src/stm32f4xx_ll_usb.c ****   return ((void *)pDest);
1065:Drivers/STM32F4xx_HAL_Driver/Src/stm32f4xx_ll_usb.c **** }
1066:Drivers/STM32F4xx_HAL_Driver/Src/stm32f4xx_ll_usb.c **** 
1067:Drivers/STM32F4xx_HAL_Driver/Src/stm32f4xx_ll_usb.c **** /**
1068:Drivers/STM32F4xx_HAL_Driver/Src/stm32f4xx_ll_usb.c ****   * @brief  USB_EPSetStall : set a stall condition over an EP
1069:Drivers/STM32F4xx_HAL_Driver/Src/stm32f4xx_ll_usb.c ****   * @param  USBx  Selected device
1070:Drivers/STM32F4xx_HAL_Driver/Src/stm32f4xx_ll_usb.c ****   * @param  ep pointer to endpoint structure
1071:Drivers/STM32F4xx_HAL_Driver/Src/stm32f4xx_ll_usb.c ****   * @retval HAL status
1072:Drivers/STM32F4xx_HAL_Driver/Src/stm32f4xx_ll_usb.c ****   */
1073:Drivers/STM32F4xx_HAL_Driver/Src/stm32f4xx_ll_usb.c **** HAL_StatusTypeDef USB_EPSetStall(const USB_OTG_GlobalTypeDef *USBx, const USB_OTG_EPTypeDef *ep)
1074:Drivers/STM32F4xx_HAL_Driver/Src/stm32f4xx_ll_usb.c **** {
1075:Drivers/STM32F4xx_HAL_Driver/Src/stm32f4xx_ll_usb.c ****   uint32_t USBx_BASE = (uint32_t)USBx;
1076:Drivers/STM32F4xx_HAL_Driver/Src/stm32f4xx_ll_usb.c ****   uint32_t epnum = (uint32_t)ep->num;
1077:Drivers/STM32F4xx_HAL_Driver/Src/stm32f4xx_ll_usb.c **** 
1078:Drivers/STM32F4xx_HAL_Driver/Src/stm32f4xx_ll_usb.c ****   if (ep->is_in == 1U)
1079:Drivers/STM32F4xx_HAL_Driver/Src/stm32f4xx_ll_usb.c ****   {
1080:Drivers/STM32F4xx_HAL_Driver/Src/stm32f4xx_ll_usb.c ****     if (((USBx_INEP(epnum)->DIEPCTL & USB_OTG_DIEPCTL_EPENA) == 0U) && (epnum != 0U))
1081:Drivers/STM32F4xx_HAL_Driver/Src/stm32f4xx_ll_usb.c ****     {
1082:Drivers/STM32F4xx_HAL_Driver/Src/stm32f4xx_ll_usb.c ****       USBx_INEP(epnum)->DIEPCTL &= ~(USB_OTG_DIEPCTL_EPDIS);
1083:Drivers/STM32F4xx_HAL_Driver/Src/stm32f4xx_ll_usb.c ****     }
1084:Drivers/STM32F4xx_HAL_Driver/Src/stm32f4xx_ll_usb.c ****     USBx_INEP(epnum)->DIEPCTL |= USB_OTG_DIEPCTL_STALL;
1085:Drivers/STM32F4xx_HAL_Driver/Src/stm32f4xx_ll_usb.c ****   }
1086:Drivers/STM32F4xx_HAL_Driver/Src/stm32f4xx_ll_usb.c ****   else
1087:Drivers/STM32F4xx_HAL_Driver/Src/stm32f4xx_ll_usb.c ****   {
1088:Drivers/STM32F4xx_HAL_Driver/Src/stm32f4xx_ll_usb.c ****     if (((USBx_OUTEP(epnum)->DOEPCTL & USB_OTG_DOEPCTL_EPENA) == 0U) && (epnum != 0U))
1089:Drivers/STM32F4xx_HAL_Driver/Src/stm32f4xx_ll_usb.c ****     {
1090:Drivers/STM32F4xx_HAL_Driver/Src/stm32f4xx_ll_usb.c ****       USBx_OUTEP(epnum)->DOEPCTL &= ~(USB_OTG_DOEPCTL_EPDIS);
1091:Drivers/STM32F4xx_HAL_Driver/Src/stm32f4xx_ll_usb.c ****     }
1092:Drivers/STM32F4xx_HAL_Driver/Src/stm32f4xx_ll_usb.c ****     USBx_OUTEP(epnum)->DOEPCTL |= USB_OTG_DOEPCTL_STALL;
1093:Drivers/STM32F4xx_HAL_Driver/Src/stm32f4xx_ll_usb.c ****   }
1094:Drivers/STM32F4xx_HAL_Driver/Src/stm32f4xx_ll_usb.c **** 
1095:Drivers/STM32F4xx_HAL_Driver/Src/stm32f4xx_ll_usb.c ****   return HAL_OK;
1096:Drivers/STM32F4xx_HAL_Driver/Src/stm32f4xx_ll_usb.c **** }
1097:Drivers/STM32F4xx_HAL_Driver/Src/stm32f4xx_ll_usb.c **** 
1098:Drivers/STM32F4xx_HAL_Driver/Src/stm32f4xx_ll_usb.c **** /**
1099:Drivers/STM32F4xx_HAL_Driver/Src/stm32f4xx_ll_usb.c ****   * @brief  USB_EPClearStall : Clear a stall condition over an EP
1100:Drivers/STM32F4xx_HAL_Driver/Src/stm32f4xx_ll_usb.c ****   * @param  USBx  Selected device
1101:Drivers/STM32F4xx_HAL_Driver/Src/stm32f4xx_ll_usb.c ****   * @param  ep pointer to endpoint structure
1102:Drivers/STM32F4xx_HAL_Driver/Src/stm32f4xx_ll_usb.c ****   * @retval HAL status
1103:Drivers/STM32F4xx_HAL_Driver/Src/stm32f4xx_ll_usb.c ****   */
1104:Drivers/STM32F4xx_HAL_Driver/Src/stm32f4xx_ll_usb.c **** HAL_StatusTypeDef USB_EPClearStall(const USB_OTG_GlobalTypeDef *USBx, const USB_OTG_EPTypeDef *ep)
1105:Drivers/STM32F4xx_HAL_Driver/Src/stm32f4xx_ll_usb.c **** {
1106:Drivers/STM32F4xx_HAL_Driver/Src/stm32f4xx_ll_usb.c ****   uint32_t USBx_BASE = (uint32_t)USBx;
1107:Drivers/STM32F4xx_HAL_Driver/Src/stm32f4xx_ll_usb.c ****   uint32_t epnum = (uint32_t)ep->num;
1108:Drivers/STM32F4xx_HAL_Driver/Src/stm32f4xx_ll_usb.c **** 
1109:Drivers/STM32F4xx_HAL_Driver/Src/stm32f4xx_ll_usb.c ****   if (ep->is_in == 1U)
1110:Drivers/STM32F4xx_HAL_Driver/Src/stm32f4xx_ll_usb.c ****   {
1111:Drivers/STM32F4xx_HAL_Driver/Src/stm32f4xx_ll_usb.c ****     USBx_INEP(epnum)->DIEPCTL &= ~USB_OTG_DIEPCTL_STALL;
1112:Drivers/STM32F4xx_HAL_Driver/Src/stm32f4xx_ll_usb.c ****     if ((ep->type == EP_TYPE_INTR) || (ep->type == EP_TYPE_BULK))
1113:Drivers/STM32F4xx_HAL_Driver/Src/stm32f4xx_ll_usb.c ****     {
ARM GAS  /tmp/ccoaixhI.s 			page 21


1114:Drivers/STM32F4xx_HAL_Driver/Src/stm32f4xx_ll_usb.c ****       USBx_INEP(epnum)->DIEPCTL |= USB_OTG_DIEPCTL_SD0PID_SEVNFRM; /* DATA0 */
1115:Drivers/STM32F4xx_HAL_Driver/Src/stm32f4xx_ll_usb.c ****     }
1116:Drivers/STM32F4xx_HAL_Driver/Src/stm32f4xx_ll_usb.c ****   }
1117:Drivers/STM32F4xx_HAL_Driver/Src/stm32f4xx_ll_usb.c ****   else
1118:Drivers/STM32F4xx_HAL_Driver/Src/stm32f4xx_ll_usb.c ****   {
1119:Drivers/STM32F4xx_HAL_Driver/Src/stm32f4xx_ll_usb.c ****     USBx_OUTEP(epnum)->DOEPCTL &= ~USB_OTG_DOEPCTL_STALL;
1120:Drivers/STM32F4xx_HAL_Driver/Src/stm32f4xx_ll_usb.c ****     if ((ep->type == EP_TYPE_INTR) || (ep->type == EP_TYPE_BULK))
1121:Drivers/STM32F4xx_HAL_Driver/Src/stm32f4xx_ll_usb.c ****     {
1122:Drivers/STM32F4xx_HAL_Driver/Src/stm32f4xx_ll_usb.c ****       USBx_OUTEP(epnum)->DOEPCTL |= USB_OTG_DOEPCTL_SD0PID_SEVNFRM; /* DATA0 */
1123:Drivers/STM32F4xx_HAL_Driver/Src/stm32f4xx_ll_usb.c ****     }
1124:Drivers/STM32F4xx_HAL_Driver/Src/stm32f4xx_ll_usb.c ****   }
1125:Drivers/STM32F4xx_HAL_Driver/Src/stm32f4xx_ll_usb.c ****   return HAL_OK;
1126:Drivers/STM32F4xx_HAL_Driver/Src/stm32f4xx_ll_usb.c **** }
1127:Drivers/STM32F4xx_HAL_Driver/Src/stm32f4xx_ll_usb.c **** 
1128:Drivers/STM32F4xx_HAL_Driver/Src/stm32f4xx_ll_usb.c **** /**
1129:Drivers/STM32F4xx_HAL_Driver/Src/stm32f4xx_ll_usb.c ****   * @brief  USB_StopDevice : Stop the usb device mode
1130:Drivers/STM32F4xx_HAL_Driver/Src/stm32f4xx_ll_usb.c ****   * @param  USBx  Selected device
1131:Drivers/STM32F4xx_HAL_Driver/Src/stm32f4xx_ll_usb.c ****   * @retval HAL status
1132:Drivers/STM32F4xx_HAL_Driver/Src/stm32f4xx_ll_usb.c ****   */
1133:Drivers/STM32F4xx_HAL_Driver/Src/stm32f4xx_ll_usb.c **** HAL_StatusTypeDef USB_StopDevice(USB_OTG_GlobalTypeDef *USBx)
1134:Drivers/STM32F4xx_HAL_Driver/Src/stm32f4xx_ll_usb.c **** {
1135:Drivers/STM32F4xx_HAL_Driver/Src/stm32f4xx_ll_usb.c ****   HAL_StatusTypeDef ret;
1136:Drivers/STM32F4xx_HAL_Driver/Src/stm32f4xx_ll_usb.c ****   uint32_t USBx_BASE = (uint32_t)USBx;
1137:Drivers/STM32F4xx_HAL_Driver/Src/stm32f4xx_ll_usb.c ****   uint32_t i;
1138:Drivers/STM32F4xx_HAL_Driver/Src/stm32f4xx_ll_usb.c **** 
1139:Drivers/STM32F4xx_HAL_Driver/Src/stm32f4xx_ll_usb.c ****   /* Clear Pending interrupt */
1140:Drivers/STM32F4xx_HAL_Driver/Src/stm32f4xx_ll_usb.c ****   for (i = 0U; i < 15U; i++)
1141:Drivers/STM32F4xx_HAL_Driver/Src/stm32f4xx_ll_usb.c ****   {
1142:Drivers/STM32F4xx_HAL_Driver/Src/stm32f4xx_ll_usb.c ****     USBx_INEP(i)->DIEPINT = 0xFB7FU;
1143:Drivers/STM32F4xx_HAL_Driver/Src/stm32f4xx_ll_usb.c ****     USBx_OUTEP(i)->DOEPINT = 0xFB7FU;
1144:Drivers/STM32F4xx_HAL_Driver/Src/stm32f4xx_ll_usb.c ****   }
1145:Drivers/STM32F4xx_HAL_Driver/Src/stm32f4xx_ll_usb.c **** 
1146:Drivers/STM32F4xx_HAL_Driver/Src/stm32f4xx_ll_usb.c ****   /* Clear interrupt masks */
1147:Drivers/STM32F4xx_HAL_Driver/Src/stm32f4xx_ll_usb.c ****   USBx_DEVICE->DIEPMSK  = 0U;
1148:Drivers/STM32F4xx_HAL_Driver/Src/stm32f4xx_ll_usb.c ****   USBx_DEVICE->DOEPMSK  = 0U;
1149:Drivers/STM32F4xx_HAL_Driver/Src/stm32f4xx_ll_usb.c ****   USBx_DEVICE->DAINTMSK = 0U;
1150:Drivers/STM32F4xx_HAL_Driver/Src/stm32f4xx_ll_usb.c **** 
1151:Drivers/STM32F4xx_HAL_Driver/Src/stm32f4xx_ll_usb.c ****   /* Flush the FIFO */
1152:Drivers/STM32F4xx_HAL_Driver/Src/stm32f4xx_ll_usb.c ****   ret = USB_FlushRxFifo(USBx);
1153:Drivers/STM32F4xx_HAL_Driver/Src/stm32f4xx_ll_usb.c ****   if (ret != HAL_OK)
1154:Drivers/STM32F4xx_HAL_Driver/Src/stm32f4xx_ll_usb.c ****   {
1155:Drivers/STM32F4xx_HAL_Driver/Src/stm32f4xx_ll_usb.c ****     return ret;
1156:Drivers/STM32F4xx_HAL_Driver/Src/stm32f4xx_ll_usb.c ****   }
1157:Drivers/STM32F4xx_HAL_Driver/Src/stm32f4xx_ll_usb.c **** 
1158:Drivers/STM32F4xx_HAL_Driver/Src/stm32f4xx_ll_usb.c ****   ret = USB_FlushTxFifo(USBx,  0x10U);
1159:Drivers/STM32F4xx_HAL_Driver/Src/stm32f4xx_ll_usb.c ****   if (ret != HAL_OK)
1160:Drivers/STM32F4xx_HAL_Driver/Src/stm32f4xx_ll_usb.c ****   {
1161:Drivers/STM32F4xx_HAL_Driver/Src/stm32f4xx_ll_usb.c ****     return ret;
1162:Drivers/STM32F4xx_HAL_Driver/Src/stm32f4xx_ll_usb.c ****   }
1163:Drivers/STM32F4xx_HAL_Driver/Src/stm32f4xx_ll_usb.c **** 
1164:Drivers/STM32F4xx_HAL_Driver/Src/stm32f4xx_ll_usb.c ****   return ret;
1165:Drivers/STM32F4xx_HAL_Driver/Src/stm32f4xx_ll_usb.c **** }
1166:Drivers/STM32F4xx_HAL_Driver/Src/stm32f4xx_ll_usb.c **** 
1167:Drivers/STM32F4xx_HAL_Driver/Src/stm32f4xx_ll_usb.c **** /**
1168:Drivers/STM32F4xx_HAL_Driver/Src/stm32f4xx_ll_usb.c ****   * @brief  USB_SetDevAddress : Stop the usb device mode
1169:Drivers/STM32F4xx_HAL_Driver/Src/stm32f4xx_ll_usb.c ****   * @param  USBx  Selected device
1170:Drivers/STM32F4xx_HAL_Driver/Src/stm32f4xx_ll_usb.c ****   * @param  address  new device address to be assigned
ARM GAS  /tmp/ccoaixhI.s 			page 22


1171:Drivers/STM32F4xx_HAL_Driver/Src/stm32f4xx_ll_usb.c ****   *          This parameter can be a value from 0 to 255
1172:Drivers/STM32F4xx_HAL_Driver/Src/stm32f4xx_ll_usb.c ****   * @retval HAL status
1173:Drivers/STM32F4xx_HAL_Driver/Src/stm32f4xx_ll_usb.c ****   */
1174:Drivers/STM32F4xx_HAL_Driver/Src/stm32f4xx_ll_usb.c **** HAL_StatusTypeDef USB_SetDevAddress(const USB_OTG_GlobalTypeDef *USBx, uint8_t address)
1175:Drivers/STM32F4xx_HAL_Driver/Src/stm32f4xx_ll_usb.c **** {
1176:Drivers/STM32F4xx_HAL_Driver/Src/stm32f4xx_ll_usb.c ****   uint32_t USBx_BASE = (uint32_t)USBx;
1177:Drivers/STM32F4xx_HAL_Driver/Src/stm32f4xx_ll_usb.c **** 
1178:Drivers/STM32F4xx_HAL_Driver/Src/stm32f4xx_ll_usb.c ****   USBx_DEVICE->DCFG &= ~(USB_OTG_DCFG_DAD);
1179:Drivers/STM32F4xx_HAL_Driver/Src/stm32f4xx_ll_usb.c ****   USBx_DEVICE->DCFG |= ((uint32_t)address << 4) & USB_OTG_DCFG_DAD;
1180:Drivers/STM32F4xx_HAL_Driver/Src/stm32f4xx_ll_usb.c **** 
1181:Drivers/STM32F4xx_HAL_Driver/Src/stm32f4xx_ll_usb.c ****   return HAL_OK;
1182:Drivers/STM32F4xx_HAL_Driver/Src/stm32f4xx_ll_usb.c **** }
1183:Drivers/STM32F4xx_HAL_Driver/Src/stm32f4xx_ll_usb.c **** 
1184:Drivers/STM32F4xx_HAL_Driver/Src/stm32f4xx_ll_usb.c **** /**
1185:Drivers/STM32F4xx_HAL_Driver/Src/stm32f4xx_ll_usb.c ****   * @brief  USB_DevConnect : Connect the USB device by enabling Rpu
1186:Drivers/STM32F4xx_HAL_Driver/Src/stm32f4xx_ll_usb.c ****   * @param  USBx  Selected device
1187:Drivers/STM32F4xx_HAL_Driver/Src/stm32f4xx_ll_usb.c ****   * @retval HAL status
1188:Drivers/STM32F4xx_HAL_Driver/Src/stm32f4xx_ll_usb.c ****   */
1189:Drivers/STM32F4xx_HAL_Driver/Src/stm32f4xx_ll_usb.c **** HAL_StatusTypeDef USB_DevConnect(const USB_OTG_GlobalTypeDef *USBx)
1190:Drivers/STM32F4xx_HAL_Driver/Src/stm32f4xx_ll_usb.c **** {
1191:Drivers/STM32F4xx_HAL_Driver/Src/stm32f4xx_ll_usb.c ****   uint32_t USBx_BASE = (uint32_t)USBx;
1192:Drivers/STM32F4xx_HAL_Driver/Src/stm32f4xx_ll_usb.c **** 
1193:Drivers/STM32F4xx_HAL_Driver/Src/stm32f4xx_ll_usb.c ****   /* In case phy is stopped, ensure to ungate and restore the phy CLK */
1194:Drivers/STM32F4xx_HAL_Driver/Src/stm32f4xx_ll_usb.c ****   USBx_PCGCCTL &= ~(USB_OTG_PCGCCTL_STOPCLK | USB_OTG_PCGCCTL_GATECLK);
1195:Drivers/STM32F4xx_HAL_Driver/Src/stm32f4xx_ll_usb.c **** 
1196:Drivers/STM32F4xx_HAL_Driver/Src/stm32f4xx_ll_usb.c ****   USBx_DEVICE->DCTL &= ~USB_OTG_DCTL_SDIS;
1197:Drivers/STM32F4xx_HAL_Driver/Src/stm32f4xx_ll_usb.c **** 
1198:Drivers/STM32F4xx_HAL_Driver/Src/stm32f4xx_ll_usb.c ****   return HAL_OK;
1199:Drivers/STM32F4xx_HAL_Driver/Src/stm32f4xx_ll_usb.c **** }
1200:Drivers/STM32F4xx_HAL_Driver/Src/stm32f4xx_ll_usb.c **** 
1201:Drivers/STM32F4xx_HAL_Driver/Src/stm32f4xx_ll_usb.c **** /**
1202:Drivers/STM32F4xx_HAL_Driver/Src/stm32f4xx_ll_usb.c ****   * @brief  USB_DevDisconnect : Disconnect the USB device by disabling Rpu
1203:Drivers/STM32F4xx_HAL_Driver/Src/stm32f4xx_ll_usb.c ****   * @param  USBx  Selected device
1204:Drivers/STM32F4xx_HAL_Driver/Src/stm32f4xx_ll_usb.c ****   * @retval HAL status
1205:Drivers/STM32F4xx_HAL_Driver/Src/stm32f4xx_ll_usb.c ****   */
1206:Drivers/STM32F4xx_HAL_Driver/Src/stm32f4xx_ll_usb.c **** HAL_StatusTypeDef USB_DevDisconnect(const USB_OTG_GlobalTypeDef *USBx)
1207:Drivers/STM32F4xx_HAL_Driver/Src/stm32f4xx_ll_usb.c **** {
1208:Drivers/STM32F4xx_HAL_Driver/Src/stm32f4xx_ll_usb.c ****   uint32_t USBx_BASE = (uint32_t)USBx;
1209:Drivers/STM32F4xx_HAL_Driver/Src/stm32f4xx_ll_usb.c **** 
1210:Drivers/STM32F4xx_HAL_Driver/Src/stm32f4xx_ll_usb.c ****   /* In case phy is stopped, ensure to ungate and restore the phy CLK */
1211:Drivers/STM32F4xx_HAL_Driver/Src/stm32f4xx_ll_usb.c ****   USBx_PCGCCTL &= ~(USB_OTG_PCGCCTL_STOPCLK | USB_OTG_PCGCCTL_GATECLK);
1212:Drivers/STM32F4xx_HAL_Driver/Src/stm32f4xx_ll_usb.c **** 
1213:Drivers/STM32F4xx_HAL_Driver/Src/stm32f4xx_ll_usb.c ****   USBx_DEVICE->DCTL |= USB_OTG_DCTL_SDIS;
1214:Drivers/STM32F4xx_HAL_Driver/Src/stm32f4xx_ll_usb.c **** 
1215:Drivers/STM32F4xx_HAL_Driver/Src/stm32f4xx_ll_usb.c ****   return HAL_OK;
1216:Drivers/STM32F4xx_HAL_Driver/Src/stm32f4xx_ll_usb.c **** }
1217:Drivers/STM32F4xx_HAL_Driver/Src/stm32f4xx_ll_usb.c **** 
1218:Drivers/STM32F4xx_HAL_Driver/Src/stm32f4xx_ll_usb.c **** /**
1219:Drivers/STM32F4xx_HAL_Driver/Src/stm32f4xx_ll_usb.c ****   * @brief  USB_ReadInterrupts: return the global USB interrupt status
1220:Drivers/STM32F4xx_HAL_Driver/Src/stm32f4xx_ll_usb.c ****   * @param  USBx  Selected device
1221:Drivers/STM32F4xx_HAL_Driver/Src/stm32f4xx_ll_usb.c ****   * @retval USB Global Interrupt status
1222:Drivers/STM32F4xx_HAL_Driver/Src/stm32f4xx_ll_usb.c ****   */
1223:Drivers/STM32F4xx_HAL_Driver/Src/stm32f4xx_ll_usb.c **** uint32_t USB_ReadInterrupts(USB_OTG_GlobalTypeDef const *USBx)
1224:Drivers/STM32F4xx_HAL_Driver/Src/stm32f4xx_ll_usb.c **** {
1225:Drivers/STM32F4xx_HAL_Driver/Src/stm32f4xx_ll_usb.c ****   uint32_t tmpreg;
1226:Drivers/STM32F4xx_HAL_Driver/Src/stm32f4xx_ll_usb.c **** 
1227:Drivers/STM32F4xx_HAL_Driver/Src/stm32f4xx_ll_usb.c ****   tmpreg = USBx->GINTSTS;
ARM GAS  /tmp/ccoaixhI.s 			page 23


1228:Drivers/STM32F4xx_HAL_Driver/Src/stm32f4xx_ll_usb.c ****   tmpreg &= USBx->GINTMSK;
1229:Drivers/STM32F4xx_HAL_Driver/Src/stm32f4xx_ll_usb.c **** 
1230:Drivers/STM32F4xx_HAL_Driver/Src/stm32f4xx_ll_usb.c ****   return tmpreg;
1231:Drivers/STM32F4xx_HAL_Driver/Src/stm32f4xx_ll_usb.c **** }
1232:Drivers/STM32F4xx_HAL_Driver/Src/stm32f4xx_ll_usb.c **** 
1233:Drivers/STM32F4xx_HAL_Driver/Src/stm32f4xx_ll_usb.c **** /**
1234:Drivers/STM32F4xx_HAL_Driver/Src/stm32f4xx_ll_usb.c ****   * @brief  USB_ReadChInterrupts: return USB channel interrupt status
1235:Drivers/STM32F4xx_HAL_Driver/Src/stm32f4xx_ll_usb.c ****   * @param  USBx  Selected device
1236:Drivers/STM32F4xx_HAL_Driver/Src/stm32f4xx_ll_usb.c ****   * @param  chnum Channel number
1237:Drivers/STM32F4xx_HAL_Driver/Src/stm32f4xx_ll_usb.c ****   * @retval USB Channel Interrupt status
1238:Drivers/STM32F4xx_HAL_Driver/Src/stm32f4xx_ll_usb.c ****   */
1239:Drivers/STM32F4xx_HAL_Driver/Src/stm32f4xx_ll_usb.c **** uint32_t USB_ReadChInterrupts(const USB_OTG_GlobalTypeDef *USBx, uint8_t chnum)
1240:Drivers/STM32F4xx_HAL_Driver/Src/stm32f4xx_ll_usb.c **** {
1241:Drivers/STM32F4xx_HAL_Driver/Src/stm32f4xx_ll_usb.c ****   uint32_t USBx_BASE = (uint32_t)USBx;
1242:Drivers/STM32F4xx_HAL_Driver/Src/stm32f4xx_ll_usb.c ****   uint32_t tmpreg;
1243:Drivers/STM32F4xx_HAL_Driver/Src/stm32f4xx_ll_usb.c **** 
1244:Drivers/STM32F4xx_HAL_Driver/Src/stm32f4xx_ll_usb.c ****   tmpreg = USBx_HC(chnum)->HCINT;
1245:Drivers/STM32F4xx_HAL_Driver/Src/stm32f4xx_ll_usb.c ****   tmpreg &= USBx_HC(chnum)->HCINTMSK;
1246:Drivers/STM32F4xx_HAL_Driver/Src/stm32f4xx_ll_usb.c **** 
1247:Drivers/STM32F4xx_HAL_Driver/Src/stm32f4xx_ll_usb.c ****   return tmpreg;
1248:Drivers/STM32F4xx_HAL_Driver/Src/stm32f4xx_ll_usb.c **** }
1249:Drivers/STM32F4xx_HAL_Driver/Src/stm32f4xx_ll_usb.c **** 
1250:Drivers/STM32F4xx_HAL_Driver/Src/stm32f4xx_ll_usb.c **** /**
1251:Drivers/STM32F4xx_HAL_Driver/Src/stm32f4xx_ll_usb.c ****   * @brief  USB_ReadDevAllOutEpInterrupt: return the USB device OUT endpoints interrupt status
1252:Drivers/STM32F4xx_HAL_Driver/Src/stm32f4xx_ll_usb.c ****   * @param  USBx  Selected device
1253:Drivers/STM32F4xx_HAL_Driver/Src/stm32f4xx_ll_usb.c ****   * @retval USB Device OUT EP interrupt status
1254:Drivers/STM32F4xx_HAL_Driver/Src/stm32f4xx_ll_usb.c ****   */
1255:Drivers/STM32F4xx_HAL_Driver/Src/stm32f4xx_ll_usb.c **** uint32_t USB_ReadDevAllOutEpInterrupt(const USB_OTG_GlobalTypeDef *USBx)
1256:Drivers/STM32F4xx_HAL_Driver/Src/stm32f4xx_ll_usb.c **** {
1257:Drivers/STM32F4xx_HAL_Driver/Src/stm32f4xx_ll_usb.c ****   uint32_t USBx_BASE = (uint32_t)USBx;
1258:Drivers/STM32F4xx_HAL_Driver/Src/stm32f4xx_ll_usb.c ****   uint32_t tmpreg;
1259:Drivers/STM32F4xx_HAL_Driver/Src/stm32f4xx_ll_usb.c **** 
1260:Drivers/STM32F4xx_HAL_Driver/Src/stm32f4xx_ll_usb.c ****   tmpreg  = USBx_DEVICE->DAINT;
1261:Drivers/STM32F4xx_HAL_Driver/Src/stm32f4xx_ll_usb.c ****   tmpreg &= USBx_DEVICE->DAINTMSK;
1262:Drivers/STM32F4xx_HAL_Driver/Src/stm32f4xx_ll_usb.c **** 
1263:Drivers/STM32F4xx_HAL_Driver/Src/stm32f4xx_ll_usb.c ****   return ((tmpreg & 0xffff0000U) >> 16);
1264:Drivers/STM32F4xx_HAL_Driver/Src/stm32f4xx_ll_usb.c **** }
1265:Drivers/STM32F4xx_HAL_Driver/Src/stm32f4xx_ll_usb.c **** 
1266:Drivers/STM32F4xx_HAL_Driver/Src/stm32f4xx_ll_usb.c **** /**
1267:Drivers/STM32F4xx_HAL_Driver/Src/stm32f4xx_ll_usb.c ****   * @brief  USB_ReadDevAllInEpInterrupt: return the USB device IN endpoints interrupt status
1268:Drivers/STM32F4xx_HAL_Driver/Src/stm32f4xx_ll_usb.c ****   * @param  USBx  Selected device
1269:Drivers/STM32F4xx_HAL_Driver/Src/stm32f4xx_ll_usb.c ****   * @retval USB Device IN EP interrupt status
1270:Drivers/STM32F4xx_HAL_Driver/Src/stm32f4xx_ll_usb.c ****   */
1271:Drivers/STM32F4xx_HAL_Driver/Src/stm32f4xx_ll_usb.c **** uint32_t USB_ReadDevAllInEpInterrupt(const USB_OTG_GlobalTypeDef *USBx)
1272:Drivers/STM32F4xx_HAL_Driver/Src/stm32f4xx_ll_usb.c **** {
1273:Drivers/STM32F4xx_HAL_Driver/Src/stm32f4xx_ll_usb.c ****   uint32_t USBx_BASE = (uint32_t)USBx;
1274:Drivers/STM32F4xx_HAL_Driver/Src/stm32f4xx_ll_usb.c ****   uint32_t tmpreg;
1275:Drivers/STM32F4xx_HAL_Driver/Src/stm32f4xx_ll_usb.c **** 
1276:Drivers/STM32F4xx_HAL_Driver/Src/stm32f4xx_ll_usb.c ****   tmpreg  = USBx_DEVICE->DAINT;
1277:Drivers/STM32F4xx_HAL_Driver/Src/stm32f4xx_ll_usb.c ****   tmpreg &= USBx_DEVICE->DAINTMSK;
1278:Drivers/STM32F4xx_HAL_Driver/Src/stm32f4xx_ll_usb.c **** 
1279:Drivers/STM32F4xx_HAL_Driver/Src/stm32f4xx_ll_usb.c ****   return ((tmpreg & 0xFFFFU));
1280:Drivers/STM32F4xx_HAL_Driver/Src/stm32f4xx_ll_usb.c **** }
1281:Drivers/STM32F4xx_HAL_Driver/Src/stm32f4xx_ll_usb.c **** 
1282:Drivers/STM32F4xx_HAL_Driver/Src/stm32f4xx_ll_usb.c **** /**
1283:Drivers/STM32F4xx_HAL_Driver/Src/stm32f4xx_ll_usb.c ****   * @brief  Returns Device OUT EP Interrupt register
1284:Drivers/STM32F4xx_HAL_Driver/Src/stm32f4xx_ll_usb.c ****   * @param  USBx  Selected device
ARM GAS  /tmp/ccoaixhI.s 			page 24


1285:Drivers/STM32F4xx_HAL_Driver/Src/stm32f4xx_ll_usb.c ****   * @param  epnum  endpoint number
1286:Drivers/STM32F4xx_HAL_Driver/Src/stm32f4xx_ll_usb.c ****   *          This parameter can be a value from 0 to 15
1287:Drivers/STM32F4xx_HAL_Driver/Src/stm32f4xx_ll_usb.c ****   * @retval Device OUT EP Interrupt register
1288:Drivers/STM32F4xx_HAL_Driver/Src/stm32f4xx_ll_usb.c ****   */
1289:Drivers/STM32F4xx_HAL_Driver/Src/stm32f4xx_ll_usb.c **** uint32_t USB_ReadDevOutEPInterrupt(const USB_OTG_GlobalTypeDef *USBx, uint8_t epnum)
1290:Drivers/STM32F4xx_HAL_Driver/Src/stm32f4xx_ll_usb.c **** {
1291:Drivers/STM32F4xx_HAL_Driver/Src/stm32f4xx_ll_usb.c ****   uint32_t USBx_BASE = (uint32_t)USBx;
1292:Drivers/STM32F4xx_HAL_Driver/Src/stm32f4xx_ll_usb.c ****   uint32_t tmpreg;
1293:Drivers/STM32F4xx_HAL_Driver/Src/stm32f4xx_ll_usb.c **** 
1294:Drivers/STM32F4xx_HAL_Driver/Src/stm32f4xx_ll_usb.c ****   tmpreg  = USBx_OUTEP((uint32_t)epnum)->DOEPINT;
1295:Drivers/STM32F4xx_HAL_Driver/Src/stm32f4xx_ll_usb.c ****   tmpreg &= USBx_DEVICE->DOEPMSK;
1296:Drivers/STM32F4xx_HAL_Driver/Src/stm32f4xx_ll_usb.c **** 
1297:Drivers/STM32F4xx_HAL_Driver/Src/stm32f4xx_ll_usb.c ****   return tmpreg;
1298:Drivers/STM32F4xx_HAL_Driver/Src/stm32f4xx_ll_usb.c **** }
1299:Drivers/STM32F4xx_HAL_Driver/Src/stm32f4xx_ll_usb.c **** 
1300:Drivers/STM32F4xx_HAL_Driver/Src/stm32f4xx_ll_usb.c **** /**
1301:Drivers/STM32F4xx_HAL_Driver/Src/stm32f4xx_ll_usb.c ****   * @brief  Returns Device IN EP Interrupt register
1302:Drivers/STM32F4xx_HAL_Driver/Src/stm32f4xx_ll_usb.c ****   * @param  USBx  Selected device
1303:Drivers/STM32F4xx_HAL_Driver/Src/stm32f4xx_ll_usb.c ****   * @param  epnum  endpoint number
1304:Drivers/STM32F4xx_HAL_Driver/Src/stm32f4xx_ll_usb.c ****   *          This parameter can be a value from 0 to 15
1305:Drivers/STM32F4xx_HAL_Driver/Src/stm32f4xx_ll_usb.c ****   * @retval Device IN EP Interrupt register
1306:Drivers/STM32F4xx_HAL_Driver/Src/stm32f4xx_ll_usb.c ****   */
1307:Drivers/STM32F4xx_HAL_Driver/Src/stm32f4xx_ll_usb.c **** uint32_t USB_ReadDevInEPInterrupt(const USB_OTG_GlobalTypeDef *USBx, uint8_t epnum)
1308:Drivers/STM32F4xx_HAL_Driver/Src/stm32f4xx_ll_usb.c **** {
1309:Drivers/STM32F4xx_HAL_Driver/Src/stm32f4xx_ll_usb.c ****   uint32_t USBx_BASE = (uint32_t)USBx;
1310:Drivers/STM32F4xx_HAL_Driver/Src/stm32f4xx_ll_usb.c ****   uint32_t tmpreg;
1311:Drivers/STM32F4xx_HAL_Driver/Src/stm32f4xx_ll_usb.c ****   uint32_t msk;
1312:Drivers/STM32F4xx_HAL_Driver/Src/stm32f4xx_ll_usb.c ****   uint32_t emp;
1313:Drivers/STM32F4xx_HAL_Driver/Src/stm32f4xx_ll_usb.c **** 
1314:Drivers/STM32F4xx_HAL_Driver/Src/stm32f4xx_ll_usb.c ****   msk = USBx_DEVICE->DIEPMSK;
1315:Drivers/STM32F4xx_HAL_Driver/Src/stm32f4xx_ll_usb.c ****   emp = USBx_DEVICE->DIEPEMPMSK;
1316:Drivers/STM32F4xx_HAL_Driver/Src/stm32f4xx_ll_usb.c ****   msk |= ((emp >> (epnum & EP_ADDR_MSK)) & 0x1U) << 7;
1317:Drivers/STM32F4xx_HAL_Driver/Src/stm32f4xx_ll_usb.c ****   tmpreg = USBx_INEP((uint32_t)epnum)->DIEPINT & msk;
1318:Drivers/STM32F4xx_HAL_Driver/Src/stm32f4xx_ll_usb.c **** 
1319:Drivers/STM32F4xx_HAL_Driver/Src/stm32f4xx_ll_usb.c ****   return tmpreg;
1320:Drivers/STM32F4xx_HAL_Driver/Src/stm32f4xx_ll_usb.c **** }
1321:Drivers/STM32F4xx_HAL_Driver/Src/stm32f4xx_ll_usb.c **** 
1322:Drivers/STM32F4xx_HAL_Driver/Src/stm32f4xx_ll_usb.c **** /**
1323:Drivers/STM32F4xx_HAL_Driver/Src/stm32f4xx_ll_usb.c ****   * @brief  USB_ClearInterrupts: clear a USB interrupt
1324:Drivers/STM32F4xx_HAL_Driver/Src/stm32f4xx_ll_usb.c ****   * @param  USBx  Selected device
1325:Drivers/STM32F4xx_HAL_Driver/Src/stm32f4xx_ll_usb.c ****   * @param  interrupt  flag
1326:Drivers/STM32F4xx_HAL_Driver/Src/stm32f4xx_ll_usb.c ****   * @retval None
1327:Drivers/STM32F4xx_HAL_Driver/Src/stm32f4xx_ll_usb.c ****   */
1328:Drivers/STM32F4xx_HAL_Driver/Src/stm32f4xx_ll_usb.c **** void  USB_ClearInterrupts(USB_OTG_GlobalTypeDef *USBx, uint32_t interrupt)
1329:Drivers/STM32F4xx_HAL_Driver/Src/stm32f4xx_ll_usb.c **** {
1330:Drivers/STM32F4xx_HAL_Driver/Src/stm32f4xx_ll_usb.c ****   USBx->GINTSTS &= interrupt;
1331:Drivers/STM32F4xx_HAL_Driver/Src/stm32f4xx_ll_usb.c **** }
1332:Drivers/STM32F4xx_HAL_Driver/Src/stm32f4xx_ll_usb.c **** 
1333:Drivers/STM32F4xx_HAL_Driver/Src/stm32f4xx_ll_usb.c **** /**
1334:Drivers/STM32F4xx_HAL_Driver/Src/stm32f4xx_ll_usb.c ****   * @brief  Returns USB core mode
1335:Drivers/STM32F4xx_HAL_Driver/Src/stm32f4xx_ll_usb.c ****   * @param  USBx  Selected device
1336:Drivers/STM32F4xx_HAL_Driver/Src/stm32f4xx_ll_usb.c ****   * @retval return core mode : Host or Device
1337:Drivers/STM32F4xx_HAL_Driver/Src/stm32f4xx_ll_usb.c ****   *          This parameter can be one of these values:
1338:Drivers/STM32F4xx_HAL_Driver/Src/stm32f4xx_ll_usb.c ****   *           1 : Host
1339:Drivers/STM32F4xx_HAL_Driver/Src/stm32f4xx_ll_usb.c ****   *           0 : Device
1340:Drivers/STM32F4xx_HAL_Driver/Src/stm32f4xx_ll_usb.c ****   */
1341:Drivers/STM32F4xx_HAL_Driver/Src/stm32f4xx_ll_usb.c **** uint32_t USB_GetMode(const USB_OTG_GlobalTypeDef *USBx)
ARM GAS  /tmp/ccoaixhI.s 			page 25


1342:Drivers/STM32F4xx_HAL_Driver/Src/stm32f4xx_ll_usb.c **** {
1343:Drivers/STM32F4xx_HAL_Driver/Src/stm32f4xx_ll_usb.c ****   return ((USBx->GINTSTS) & 0x1U);
1344:Drivers/STM32F4xx_HAL_Driver/Src/stm32f4xx_ll_usb.c **** }
1345:Drivers/STM32F4xx_HAL_Driver/Src/stm32f4xx_ll_usb.c **** 
1346:Drivers/STM32F4xx_HAL_Driver/Src/stm32f4xx_ll_usb.c **** /**
1347:Drivers/STM32F4xx_HAL_Driver/Src/stm32f4xx_ll_usb.c ****   * @brief  Activate EP0 for Setup transactions
1348:Drivers/STM32F4xx_HAL_Driver/Src/stm32f4xx_ll_usb.c ****   * @param  USBx  Selected device
1349:Drivers/STM32F4xx_HAL_Driver/Src/stm32f4xx_ll_usb.c ****   * @retval HAL status
1350:Drivers/STM32F4xx_HAL_Driver/Src/stm32f4xx_ll_usb.c ****   */
1351:Drivers/STM32F4xx_HAL_Driver/Src/stm32f4xx_ll_usb.c **** HAL_StatusTypeDef USB_ActivateSetup(const USB_OTG_GlobalTypeDef *USBx)
1352:Drivers/STM32F4xx_HAL_Driver/Src/stm32f4xx_ll_usb.c **** {
1353:Drivers/STM32F4xx_HAL_Driver/Src/stm32f4xx_ll_usb.c ****   uint32_t USBx_BASE = (uint32_t)USBx;
1354:Drivers/STM32F4xx_HAL_Driver/Src/stm32f4xx_ll_usb.c **** 
1355:Drivers/STM32F4xx_HAL_Driver/Src/stm32f4xx_ll_usb.c ****   /* Set the MPS of the IN EP0 to 64 bytes */
1356:Drivers/STM32F4xx_HAL_Driver/Src/stm32f4xx_ll_usb.c ****   USBx_INEP(0U)->DIEPCTL &= ~USB_OTG_DIEPCTL_MPSIZ;
1357:Drivers/STM32F4xx_HAL_Driver/Src/stm32f4xx_ll_usb.c **** 
1358:Drivers/STM32F4xx_HAL_Driver/Src/stm32f4xx_ll_usb.c ****   USBx_DEVICE->DCTL |= USB_OTG_DCTL_CGINAK;
1359:Drivers/STM32F4xx_HAL_Driver/Src/stm32f4xx_ll_usb.c **** 
1360:Drivers/STM32F4xx_HAL_Driver/Src/stm32f4xx_ll_usb.c ****   return HAL_OK;
1361:Drivers/STM32F4xx_HAL_Driver/Src/stm32f4xx_ll_usb.c **** }
1362:Drivers/STM32F4xx_HAL_Driver/Src/stm32f4xx_ll_usb.c **** 
1363:Drivers/STM32F4xx_HAL_Driver/Src/stm32f4xx_ll_usb.c **** /**
1364:Drivers/STM32F4xx_HAL_Driver/Src/stm32f4xx_ll_usb.c ****   * @brief  Prepare the EP0 to start the first control setup
1365:Drivers/STM32F4xx_HAL_Driver/Src/stm32f4xx_ll_usb.c ****   * @param  USBx  Selected device
1366:Drivers/STM32F4xx_HAL_Driver/Src/stm32f4xx_ll_usb.c ****   * @param  dma USB dma enabled or disabled
1367:Drivers/STM32F4xx_HAL_Driver/Src/stm32f4xx_ll_usb.c ****   *          This parameter can be one of these values:
1368:Drivers/STM32F4xx_HAL_Driver/Src/stm32f4xx_ll_usb.c ****   *           0 : DMA feature not used
1369:Drivers/STM32F4xx_HAL_Driver/Src/stm32f4xx_ll_usb.c ****   *           1 : DMA feature used
1370:Drivers/STM32F4xx_HAL_Driver/Src/stm32f4xx_ll_usb.c ****   * @param  psetup  pointer to setup packet
1371:Drivers/STM32F4xx_HAL_Driver/Src/stm32f4xx_ll_usb.c ****   * @retval HAL status
1372:Drivers/STM32F4xx_HAL_Driver/Src/stm32f4xx_ll_usb.c ****   */
1373:Drivers/STM32F4xx_HAL_Driver/Src/stm32f4xx_ll_usb.c **** HAL_StatusTypeDef USB_EP0_OutStart(const USB_OTG_GlobalTypeDef *USBx, uint8_t dma, const uint8_t *p
1374:Drivers/STM32F4xx_HAL_Driver/Src/stm32f4xx_ll_usb.c **** {
1375:Drivers/STM32F4xx_HAL_Driver/Src/stm32f4xx_ll_usb.c ****   uint32_t USBx_BASE = (uint32_t)USBx;
1376:Drivers/STM32F4xx_HAL_Driver/Src/stm32f4xx_ll_usb.c ****   uint32_t gSNPSiD = *(__IO const uint32_t *)(&USBx->CID + 0x1U);
1377:Drivers/STM32F4xx_HAL_Driver/Src/stm32f4xx_ll_usb.c **** 
1378:Drivers/STM32F4xx_HAL_Driver/Src/stm32f4xx_ll_usb.c ****   if (gSNPSiD > USB_OTG_CORE_ID_300A)
1379:Drivers/STM32F4xx_HAL_Driver/Src/stm32f4xx_ll_usb.c ****   {
1380:Drivers/STM32F4xx_HAL_Driver/Src/stm32f4xx_ll_usb.c ****     if ((USBx_OUTEP(0U)->DOEPCTL & USB_OTG_DOEPCTL_EPENA) == USB_OTG_DOEPCTL_EPENA)
1381:Drivers/STM32F4xx_HAL_Driver/Src/stm32f4xx_ll_usb.c ****     {
1382:Drivers/STM32F4xx_HAL_Driver/Src/stm32f4xx_ll_usb.c ****       return HAL_OK;
1383:Drivers/STM32F4xx_HAL_Driver/Src/stm32f4xx_ll_usb.c ****     }
1384:Drivers/STM32F4xx_HAL_Driver/Src/stm32f4xx_ll_usb.c ****   }
1385:Drivers/STM32F4xx_HAL_Driver/Src/stm32f4xx_ll_usb.c **** 
1386:Drivers/STM32F4xx_HAL_Driver/Src/stm32f4xx_ll_usb.c ****   USBx_OUTEP(0U)->DOEPTSIZ = 0U;
1387:Drivers/STM32F4xx_HAL_Driver/Src/stm32f4xx_ll_usb.c ****   USBx_OUTEP(0U)->DOEPTSIZ |= (USB_OTG_DOEPTSIZ_PKTCNT & (1U << 19));
1388:Drivers/STM32F4xx_HAL_Driver/Src/stm32f4xx_ll_usb.c ****   USBx_OUTEP(0U)->DOEPTSIZ |= (3U * 8U);
1389:Drivers/STM32F4xx_HAL_Driver/Src/stm32f4xx_ll_usb.c ****   USBx_OUTEP(0U)->DOEPTSIZ |=  USB_OTG_DOEPTSIZ_STUPCNT;
1390:Drivers/STM32F4xx_HAL_Driver/Src/stm32f4xx_ll_usb.c **** 
1391:Drivers/STM32F4xx_HAL_Driver/Src/stm32f4xx_ll_usb.c ****   if (dma == 1U)
1392:Drivers/STM32F4xx_HAL_Driver/Src/stm32f4xx_ll_usb.c ****   {
1393:Drivers/STM32F4xx_HAL_Driver/Src/stm32f4xx_ll_usb.c ****     USBx_OUTEP(0U)->DOEPDMA = (uint32_t)psetup;
1394:Drivers/STM32F4xx_HAL_Driver/Src/stm32f4xx_ll_usb.c ****     /* EP enable */
1395:Drivers/STM32F4xx_HAL_Driver/Src/stm32f4xx_ll_usb.c ****     USBx_OUTEP(0U)->DOEPCTL |= USB_OTG_DOEPCTL_EPENA | USB_OTG_DOEPCTL_USBAEP;
1396:Drivers/STM32F4xx_HAL_Driver/Src/stm32f4xx_ll_usb.c ****   }
1397:Drivers/STM32F4xx_HAL_Driver/Src/stm32f4xx_ll_usb.c **** 
1398:Drivers/STM32F4xx_HAL_Driver/Src/stm32f4xx_ll_usb.c ****   return HAL_OK;
ARM GAS  /tmp/ccoaixhI.s 			page 26


1399:Drivers/STM32F4xx_HAL_Driver/Src/stm32f4xx_ll_usb.c **** }
1400:Drivers/STM32F4xx_HAL_Driver/Src/stm32f4xx_ll_usb.c **** 
1401:Drivers/STM32F4xx_HAL_Driver/Src/stm32f4xx_ll_usb.c **** /**
1402:Drivers/STM32F4xx_HAL_Driver/Src/stm32f4xx_ll_usb.c ****   * @brief  Reset the USB Core (needed after USB clock settings change)
1403:Drivers/STM32F4xx_HAL_Driver/Src/stm32f4xx_ll_usb.c ****   * @param  USBx  Selected device
1404:Drivers/STM32F4xx_HAL_Driver/Src/stm32f4xx_ll_usb.c ****   * @retval HAL status
1405:Drivers/STM32F4xx_HAL_Driver/Src/stm32f4xx_ll_usb.c ****   */
1406:Drivers/STM32F4xx_HAL_Driver/Src/stm32f4xx_ll_usb.c **** static HAL_StatusTypeDef USB_CoreReset(USB_OTG_GlobalTypeDef *USBx)
1407:Drivers/STM32F4xx_HAL_Driver/Src/stm32f4xx_ll_usb.c **** {
  29              		.loc 1 1407 1 view -0
  30              		.cfi_startproc
  31              		@ args = 0, pretend = 0, frame = 8
  32              		@ frame_needed = 0, uses_anonymous_args = 0
  33              		@ link register save eliminated.
  34              		.loc 1 1407 1 is_stmt 0 view .LVU1
  35 0000 82B0     		sub	sp, sp, #8
  36              	.LCFI0:
  37              		.cfi_def_cfa_offset 8
1408:Drivers/STM32F4xx_HAL_Driver/Src/stm32f4xx_ll_usb.c ****   __IO uint32_t count = 0U;
  38              		.loc 1 1408 3 is_stmt 1 view .LVU2
  39              		.loc 1 1408 17 is_stmt 0 view .LVU3
  40 0002 0023     		movs	r3, #0
  41 0004 0193     		str	r3, [sp, #4]
  42              	.L3:
1409:Drivers/STM32F4xx_HAL_Driver/Src/stm32f4xx_ll_usb.c **** 
1410:Drivers/STM32F4xx_HAL_Driver/Src/stm32f4xx_ll_usb.c ****   /* Wait for AHB master IDLE state. */
1411:Drivers/STM32F4xx_HAL_Driver/Src/stm32f4xx_ll_usb.c ****   do
  43              		.loc 1 1411 3 is_stmt 1 view .LVU4
1412:Drivers/STM32F4xx_HAL_Driver/Src/stm32f4xx_ll_usb.c ****   {
1413:Drivers/STM32F4xx_HAL_Driver/Src/stm32f4xx_ll_usb.c ****     count++;
  44              		.loc 1 1413 5 view .LVU5
  45              		.loc 1 1413 10 is_stmt 0 view .LVU6
  46 0006 019B     		ldr	r3, [sp, #4]
  47 0008 0133     		adds	r3, r3, #1
  48 000a 0193     		str	r3, [sp, #4]
1414:Drivers/STM32F4xx_HAL_Driver/Src/stm32f4xx_ll_usb.c **** 
1415:Drivers/STM32F4xx_HAL_Driver/Src/stm32f4xx_ll_usb.c ****     if (count > HAL_USB_TIMEOUT)
  49              		.loc 1 1415 5 is_stmt 1 view .LVU7
  50              		.loc 1 1415 15 is_stmt 0 view .LVU8
  51 000c 019B     		ldr	r3, [sp, #4]
  52              		.loc 1 1415 8 view .LVU9
  53 000e B3F1706F 		cmp	r3, #251658240
  54 0012 1CD8     		bhi	.L7
1416:Drivers/STM32F4xx_HAL_Driver/Src/stm32f4xx_ll_usb.c ****     {
1417:Drivers/STM32F4xx_HAL_Driver/Src/stm32f4xx_ll_usb.c ****       return HAL_TIMEOUT;
1418:Drivers/STM32F4xx_HAL_Driver/Src/stm32f4xx_ll_usb.c ****     }
1419:Drivers/STM32F4xx_HAL_Driver/Src/stm32f4xx_ll_usb.c ****   } while ((USBx->GRSTCTL & USB_OTG_GRSTCTL_AHBIDL) == 0U);
  55              		.loc 1 1419 53 is_stmt 1 view .LVU10
  56              		.loc 1 1419 17 is_stmt 0 view .LVU11
  57 0014 0369     		ldr	r3, [r0, #16]
  58              		.loc 1 1419 53 view .LVU12
  59 0016 002B     		cmp	r3, #0
  60 0018 F5DA     		bge	.L3
1420:Drivers/STM32F4xx_HAL_Driver/Src/stm32f4xx_ll_usb.c **** 
1421:Drivers/STM32F4xx_HAL_Driver/Src/stm32f4xx_ll_usb.c ****   count = 10U;
  61              		.loc 1 1421 3 is_stmt 1 view .LVU13
  62              		.loc 1 1421 9 is_stmt 0 view .LVU14
ARM GAS  /tmp/ccoaixhI.s 			page 27


  63 001a 0A23     		movs	r3, #10
  64 001c 0193     		str	r3, [sp, #4]
1422:Drivers/STM32F4xx_HAL_Driver/Src/stm32f4xx_ll_usb.c **** 
1423:Drivers/STM32F4xx_HAL_Driver/Src/stm32f4xx_ll_usb.c ****   /* few cycles before setting core reset */
1424:Drivers/STM32F4xx_HAL_Driver/Src/stm32f4xx_ll_usb.c ****   while (count > 0U)
  65              		.loc 1 1424 3 is_stmt 1 view .LVU15
  66              		.loc 1 1424 9 is_stmt 0 view .LVU16
  67 001e 02E0     		b	.L4
  68              	.L5:
1425:Drivers/STM32F4xx_HAL_Driver/Src/stm32f4xx_ll_usb.c ****   {
1426:Drivers/STM32F4xx_HAL_Driver/Src/stm32f4xx_ll_usb.c ****     count--;
  69              		.loc 1 1426 5 is_stmt 1 view .LVU17
  70              		.loc 1 1426 10 is_stmt 0 view .LVU18
  71 0020 019B     		ldr	r3, [sp, #4]
  72 0022 013B     		subs	r3, r3, #1
  73 0024 0193     		str	r3, [sp, #4]
  74              	.L4:
1424:Drivers/STM32F4xx_HAL_Driver/Src/stm32f4xx_ll_usb.c ****   {
  75              		.loc 1 1424 16 is_stmt 1 view .LVU19
  76 0026 019B     		ldr	r3, [sp, #4]
  77 0028 002B     		cmp	r3, #0
  78 002a F9D1     		bne	.L5
1427:Drivers/STM32F4xx_HAL_Driver/Src/stm32f4xx_ll_usb.c ****   }
1428:Drivers/STM32F4xx_HAL_Driver/Src/stm32f4xx_ll_usb.c **** 
1429:Drivers/STM32F4xx_HAL_Driver/Src/stm32f4xx_ll_usb.c ****   /* Core Soft Reset */
1430:Drivers/STM32F4xx_HAL_Driver/Src/stm32f4xx_ll_usb.c ****   USBx->GRSTCTL |= USB_OTG_GRSTCTL_CSRST;
  79              		.loc 1 1430 3 view .LVU20
  80              		.loc 1 1430 7 is_stmt 0 view .LVU21
  81 002c 0369     		ldr	r3, [r0, #16]
  82              		.loc 1 1430 17 view .LVU22
  83 002e 43F00103 		orr	r3, r3, #1
  84 0032 0361     		str	r3, [r0, #16]
  85              	.L6:
1431:Drivers/STM32F4xx_HAL_Driver/Src/stm32f4xx_ll_usb.c **** 
1432:Drivers/STM32F4xx_HAL_Driver/Src/stm32f4xx_ll_usb.c ****   do
  86              		.loc 1 1432 3 is_stmt 1 view .LVU23
1433:Drivers/STM32F4xx_HAL_Driver/Src/stm32f4xx_ll_usb.c ****   {
1434:Drivers/STM32F4xx_HAL_Driver/Src/stm32f4xx_ll_usb.c ****     count++;
  87              		.loc 1 1434 5 view .LVU24
  88              		.loc 1 1434 10 is_stmt 0 view .LVU25
  89 0034 019B     		ldr	r3, [sp, #4]
  90 0036 0133     		adds	r3, r3, #1
  91 0038 0193     		str	r3, [sp, #4]
1435:Drivers/STM32F4xx_HAL_Driver/Src/stm32f4xx_ll_usb.c **** 
1436:Drivers/STM32F4xx_HAL_Driver/Src/stm32f4xx_ll_usb.c ****     if (count > HAL_USB_TIMEOUT)
  92              		.loc 1 1436 5 is_stmt 1 view .LVU26
  93              		.loc 1 1436 15 is_stmt 0 view .LVU27
  94 003a 019B     		ldr	r3, [sp, #4]
  95              		.loc 1 1436 8 view .LVU28
  96 003c B3F1706F 		cmp	r3, #251658240
  97 0040 08D8     		bhi	.L8
1437:Drivers/STM32F4xx_HAL_Driver/Src/stm32f4xx_ll_usb.c ****     {
1438:Drivers/STM32F4xx_HAL_Driver/Src/stm32f4xx_ll_usb.c ****       return HAL_TIMEOUT;
1439:Drivers/STM32F4xx_HAL_Driver/Src/stm32f4xx_ll_usb.c ****     }
1440:Drivers/STM32F4xx_HAL_Driver/Src/stm32f4xx_ll_usb.c ****   } while ((USBx->GRSTCTL & USB_OTG_GRSTCTL_CSRST) == USB_OTG_GRSTCTL_CSRST);
  98              		.loc 1 1440 52 is_stmt 1 view .LVU29
  99              		.loc 1 1440 17 is_stmt 0 view .LVU30
ARM GAS  /tmp/ccoaixhI.s 			page 28


 100 0042 0369     		ldr	r3, [r0, #16]
 101              		.loc 1 1440 52 view .LVU31
 102 0044 13F0010F 		tst	r3, #1
 103 0048 F4D1     		bne	.L6
1441:Drivers/STM32F4xx_HAL_Driver/Src/stm32f4xx_ll_usb.c **** 
1442:Drivers/STM32F4xx_HAL_Driver/Src/stm32f4xx_ll_usb.c ****   return HAL_OK;
 104              		.loc 1 1442 10 view .LVU32
 105 004a 0020     		movs	r0, #0
 106              	.LVL1:
 107              		.loc 1 1442 10 view .LVU33
 108 004c 00E0     		b	.L2
 109              	.LVL2:
 110              	.L7:
1417:Drivers/STM32F4xx_HAL_Driver/Src/stm32f4xx_ll_usb.c ****     }
 111              		.loc 1 1417 14 view .LVU34
 112 004e 0320     		movs	r0, #3
 113              	.LVL3:
 114              	.L2:
1443:Drivers/STM32F4xx_HAL_Driver/Src/stm32f4xx_ll_usb.c **** }
 115              		.loc 1 1443 1 view .LVU35
 116 0050 02B0     		add	sp, sp, #8
 117              	.LCFI1:
 118              		.cfi_remember_state
 119              		.cfi_def_cfa_offset 0
 120              		@ sp needed
 121 0052 7047     		bx	lr
 122              	.LVL4:
 123              	.L8:
 124              	.LCFI2:
 125              		.cfi_restore_state
1438:Drivers/STM32F4xx_HAL_Driver/Src/stm32f4xx_ll_usb.c ****     }
 126              		.loc 1 1438 14 view .LVU36
 127 0054 0320     		movs	r0, #3
 128              	.LVL5:
1438:Drivers/STM32F4xx_HAL_Driver/Src/stm32f4xx_ll_usb.c ****     }
 129              		.loc 1 1438 14 view .LVU37
 130 0056 FBE7     		b	.L2
 131              		.cfi_endproc
 132              	.LFE254:
 134              		.section	.text.USB_CoreInit,"ax",%progbits
 135              		.align	1
 136              		.global	USB_CoreInit
 137              		.syntax unified
 138              		.thumb
 139              		.thumb_func
 141              	USB_CoreInit:
 142              	.LVL6:
 143              	.LFB220:
  84:Drivers/STM32F4xx_HAL_Driver/Src/stm32f4xx_ll_usb.c ****   HAL_StatusTypeDef ret;
 144              		.loc 1 84 1 is_stmt 1 view -0
 145              		.cfi_startproc
 146              		@ args = 20, pretend = 16, frame = 0
 147              		@ frame_needed = 0, uses_anonymous_args = 0
  84:Drivers/STM32F4xx_HAL_Driver/Src/stm32f4xx_ll_usb.c ****   HAL_StatusTypeDef ret;
 148              		.loc 1 84 1 is_stmt 0 view .LVU39
 149 0000 84B0     		sub	sp, sp, #16
 150              	.LCFI3:
ARM GAS  /tmp/ccoaixhI.s 			page 29


 151              		.cfi_def_cfa_offset 16
 152 0002 10B5     		push	{r4, lr}
 153              	.LCFI4:
 154              		.cfi_def_cfa_offset 24
 155              		.cfi_offset 4, -24
 156              		.cfi_offset 14, -20
 157 0004 0446     		mov	r4, r0
 158 0006 03A8     		add	r0, sp, #12
 159              	.LVL7:
  84:Drivers/STM32F4xx_HAL_Driver/Src/stm32f4xx_ll_usb.c ****   HAL_StatusTypeDef ret;
 160              		.loc 1 84 1 view .LVU40
 161 0008 80E80E00 		stm	r0, {r1, r2, r3}
  85:Drivers/STM32F4xx_HAL_Driver/Src/stm32f4xx_ll_usb.c ****   if (cfg.phy_itface == USB_OTG_ULPI_PHY)
 162              		.loc 1 85 3 is_stmt 1 view .LVU41
  86:Drivers/STM32F4xx_HAL_Driver/Src/stm32f4xx_ll_usb.c ****   {
 163              		.loc 1 86 3 view .LVU42
  86:Drivers/STM32F4xx_HAL_Driver/Src/stm32f4xx_ll_usb.c ****   {
 164              		.loc 1 86 10 is_stmt 0 view .LVU43
 165 000c 9DF81130 		ldrb	r3, [sp, #17]	@ zero_extendqisi2
  86:Drivers/STM32F4xx_HAL_Driver/Src/stm32f4xx_ll_usb.c ****   {
 166              		.loc 1 86 6 view .LVU44
 167 0010 012B     		cmp	r3, #1
 168 0012 21D1     		bne	.L11
  88:Drivers/STM32F4xx_HAL_Driver/Src/stm32f4xx_ll_usb.c **** 
 169              		.loc 1 88 5 is_stmt 1 view .LVU45
  88:Drivers/STM32F4xx_HAL_Driver/Src/stm32f4xx_ll_usb.c **** 
 170              		.loc 1 88 9 is_stmt 0 view .LVU46
 171 0014 A36B     		ldr	r3, [r4, #56]
  88:Drivers/STM32F4xx_HAL_Driver/Src/stm32f4xx_ll_usb.c **** 
 172              		.loc 1 88 17 view .LVU47
 173 0016 23F48033 		bic	r3, r3, #65536
 174 001a A363     		str	r3, [r4, #56]
  91:Drivers/STM32F4xx_HAL_Driver/Src/stm32f4xx_ll_usb.c **** 
 175              		.loc 1 91 5 is_stmt 1 view .LVU48
  91:Drivers/STM32F4xx_HAL_Driver/Src/stm32f4xx_ll_usb.c **** 
 176              		.loc 1 91 9 is_stmt 0 view .LVU49
 177 001c E368     		ldr	r3, [r4, #12]
  91:Drivers/STM32F4xx_HAL_Driver/Src/stm32f4xx_ll_usb.c **** 
 178              		.loc 1 91 19 view .LVU50
 179 001e 23F48403 		bic	r3, r3, #4325376
 180 0022 23F04003 		bic	r3, r3, #64
 181 0026 E360     		str	r3, [r4, #12]
  94:Drivers/STM32F4xx_HAL_Driver/Src/stm32f4xx_ll_usb.c ****     if (cfg.use_external_vbus == 1U)
 182              		.loc 1 94 5 is_stmt 1 view .LVU51
  94:Drivers/STM32F4xx_HAL_Driver/Src/stm32f4xx_ll_usb.c ****     if (cfg.use_external_vbus == 1U)
 183              		.loc 1 94 9 is_stmt 0 view .LVU52
 184 0028 E368     		ldr	r3, [r4, #12]
  94:Drivers/STM32F4xx_HAL_Driver/Src/stm32f4xx_ll_usb.c ****     if (cfg.use_external_vbus == 1U)
 185              		.loc 1 94 19 view .LVU53
 186 002a 23F44013 		bic	r3, r3, #3145728
 187 002e E360     		str	r3, [r4, #12]
  95:Drivers/STM32F4xx_HAL_Driver/Src/stm32f4xx_ll_usb.c ****     {
 188              		.loc 1 95 5 is_stmt 1 view .LVU54
  95:Drivers/STM32F4xx_HAL_Driver/Src/stm32f4xx_ll_usb.c ****     {
 189              		.loc 1 95 12 is_stmt 0 view .LVU55
 190 0030 9DF81830 		ldrb	r3, [sp, #24]	@ zero_extendqisi2
  95:Drivers/STM32F4xx_HAL_Driver/Src/stm32f4xx_ll_usb.c ****     {
ARM GAS  /tmp/ccoaixhI.s 			page 30


 191              		.loc 1 95 8 view .LVU56
 192 0034 012B     		cmp	r3, #1
 193 0036 0AD0     		beq	.L17
 194              	.L12:
 101:Drivers/STM32F4xx_HAL_Driver/Src/stm32f4xx_ll_usb.c ****   }
 195              		.loc 1 101 5 is_stmt 1 view .LVU57
 101:Drivers/STM32F4xx_HAL_Driver/Src/stm32f4xx_ll_usb.c ****   }
 196              		.loc 1 101 11 is_stmt 0 view .LVU58
 197 0038 2046     		mov	r0, r4
 198 003a FFF7FEFF 		bl	USB_CoreReset
 199              	.LVL8:
 200              	.L13:
 123:Drivers/STM32F4xx_HAL_Driver/Src/stm32f4xx_ll_usb.c ****   {
 201              		.loc 1 123 3 is_stmt 1 view .LVU59
 123:Drivers/STM32F4xx_HAL_Driver/Src/stm32f4xx_ll_usb.c ****   {
 202              		.loc 1 123 10 is_stmt 0 view .LVU60
 203 003e 9DF80E30 		ldrb	r3, [sp, #14]	@ zero_extendqisi2
 123:Drivers/STM32F4xx_HAL_Driver/Src/stm32f4xx_ll_usb.c ****   {
 204              		.loc 1 123 6 view .LVU61
 205 0042 012B     		cmp	r3, #1
 206 0044 1CD0     		beq	.L18
 207              	.L15:
 129:Drivers/STM32F4xx_HAL_Driver/Src/stm32f4xx_ll_usb.c **** }
 208              		.loc 1 129 3 is_stmt 1 view .LVU62
 130:Drivers/STM32F4xx_HAL_Driver/Src/stm32f4xx_ll_usb.c **** 
 209              		.loc 1 130 1 is_stmt 0 view .LVU63
 210 0046 BDE81040 		pop	{r4, lr}
 211              	.LCFI5:
 212              		.cfi_remember_state
 213              		.cfi_restore 14
 214              		.cfi_restore 4
 215              		.cfi_def_cfa_offset 16
 216              	.LVL9:
 130:Drivers/STM32F4xx_HAL_Driver/Src/stm32f4xx_ll_usb.c **** 
 217              		.loc 1 130 1 view .LVU64
 218 004a 04B0     		add	sp, sp, #16
 219              	.LCFI6:
 220              		.cfi_def_cfa_offset 0
 221 004c 7047     		bx	lr
 222              	.LVL10:
 223              	.L17:
 224              	.LCFI7:
 225              		.cfi_restore_state
  97:Drivers/STM32F4xx_HAL_Driver/Src/stm32f4xx_ll_usb.c ****     }
 226              		.loc 1 97 7 is_stmt 1 view .LVU65
  97:Drivers/STM32F4xx_HAL_Driver/Src/stm32f4xx_ll_usb.c ****     }
 227              		.loc 1 97 11 is_stmt 0 view .LVU66
 228 004e E368     		ldr	r3, [r4, #12]
  97:Drivers/STM32F4xx_HAL_Driver/Src/stm32f4xx_ll_usb.c ****     }
 229              		.loc 1 97 21 view .LVU67
 230 0050 43F48013 		orr	r3, r3, #1048576
 231 0054 E360     		str	r3, [r4, #12]
 232 0056 EFE7     		b	.L12
 233              	.L11:
 106:Drivers/STM32F4xx_HAL_Driver/Src/stm32f4xx_ll_usb.c **** 
 234              		.loc 1 106 5 is_stmt 1 view .LVU68
 106:Drivers/STM32F4xx_HAL_Driver/Src/stm32f4xx_ll_usb.c **** 
ARM GAS  /tmp/ccoaixhI.s 			page 31


 235              		.loc 1 106 9 is_stmt 0 view .LVU69
 236 0058 E368     		ldr	r3, [r4, #12]
 106:Drivers/STM32F4xx_HAL_Driver/Src/stm32f4xx_ll_usb.c **** 
 237              		.loc 1 106 19 view .LVU70
 238 005a 43F04003 		orr	r3, r3, #64
 239 005e E360     		str	r3, [r4, #12]
 109:Drivers/STM32F4xx_HAL_Driver/Src/stm32f4xx_ll_usb.c **** 
 240              		.loc 1 109 5 is_stmt 1 view .LVU71
 109:Drivers/STM32F4xx_HAL_Driver/Src/stm32f4xx_ll_usb.c **** 
 241              		.loc 1 109 11 is_stmt 0 view .LVU72
 242 0060 2046     		mov	r0, r4
 243 0062 FFF7FEFF 		bl	USB_CoreReset
 244              	.LVL11:
 111:Drivers/STM32F4xx_HAL_Driver/Src/stm32f4xx_ll_usb.c ****     {
 245              		.loc 1 111 5 is_stmt 1 view .LVU73
 111:Drivers/STM32F4xx_HAL_Driver/Src/stm32f4xx_ll_usb.c ****     {
 246              		.loc 1 111 12 is_stmt 0 view .LVU74
 247 0066 9DF81530 		ldrb	r3, [sp, #21]	@ zero_extendqisi2
 111:Drivers/STM32F4xx_HAL_Driver/Src/stm32f4xx_ll_usb.c ****     {
 248              		.loc 1 111 8 view .LVU75
 249 006a 23B9     		cbnz	r3, .L14
 114:Drivers/STM32F4xx_HAL_Driver/Src/stm32f4xx_ll_usb.c ****     }
 250              		.loc 1 114 7 is_stmt 1 view .LVU76
 114:Drivers/STM32F4xx_HAL_Driver/Src/stm32f4xx_ll_usb.c ****     }
 251              		.loc 1 114 11 is_stmt 0 view .LVU77
 252 006c A36B     		ldr	r3, [r4, #56]
 114:Drivers/STM32F4xx_HAL_Driver/Src/stm32f4xx_ll_usb.c ****     }
 253              		.loc 1 114 19 view .LVU78
 254 006e 43F48033 		orr	r3, r3, #65536
 255 0072 A363     		str	r3, [r4, #56]
 256 0074 E3E7     		b	.L13
 257              	.L14:
 119:Drivers/STM32F4xx_HAL_Driver/Src/stm32f4xx_ll_usb.c ****     }
 258              		.loc 1 119 7 is_stmt 1 view .LVU79
 119:Drivers/STM32F4xx_HAL_Driver/Src/stm32f4xx_ll_usb.c ****     }
 259              		.loc 1 119 11 is_stmt 0 view .LVU80
 260 0076 A36B     		ldr	r3, [r4, #56]
 119:Drivers/STM32F4xx_HAL_Driver/Src/stm32f4xx_ll_usb.c ****     }
 261              		.loc 1 119 19 view .LVU81
 262 0078 23F48033 		bic	r3, r3, #65536
 263 007c A363     		str	r3, [r4, #56]
 264 007e DEE7     		b	.L13
 265              	.L18:
 125:Drivers/STM32F4xx_HAL_Driver/Src/stm32f4xx_ll_usb.c ****     USBx->GAHBCFG |= USB_OTG_GAHBCFG_DMAEN;
 266              		.loc 1 125 5 is_stmt 1 view .LVU82
 125:Drivers/STM32F4xx_HAL_Driver/Src/stm32f4xx_ll_usb.c ****     USBx->GAHBCFG |= USB_OTG_GAHBCFG_DMAEN;
 267              		.loc 1 125 9 is_stmt 0 view .LVU83
 268 0080 A368     		ldr	r3, [r4, #8]
 125:Drivers/STM32F4xx_HAL_Driver/Src/stm32f4xx_ll_usb.c ****     USBx->GAHBCFG |= USB_OTG_GAHBCFG_DMAEN;
 269              		.loc 1 125 19 view .LVU84
 270 0082 43F00603 		orr	r3, r3, #6
 271 0086 A360     		str	r3, [r4, #8]
 126:Drivers/STM32F4xx_HAL_Driver/Src/stm32f4xx_ll_usb.c ****   }
 272              		.loc 1 126 5 is_stmt 1 view .LVU85
 126:Drivers/STM32F4xx_HAL_Driver/Src/stm32f4xx_ll_usb.c ****   }
 273              		.loc 1 126 9 is_stmt 0 view .LVU86
 274 0088 A368     		ldr	r3, [r4, #8]
ARM GAS  /tmp/ccoaixhI.s 			page 32


 126:Drivers/STM32F4xx_HAL_Driver/Src/stm32f4xx_ll_usb.c ****   }
 275              		.loc 1 126 19 view .LVU87
 276 008a 43F02003 		orr	r3, r3, #32
 277 008e A360     		str	r3, [r4, #8]
 278 0090 D9E7     		b	.L15
 279              		.cfi_endproc
 280              	.LFE220:
 282              		.section	.text.USB_SetTurnaroundTime,"ax",%progbits
 283              		.align	1
 284              		.global	USB_SetTurnaroundTime
 285              		.syntax unified
 286              		.thumb
 287              		.thumb_func
 289              	USB_SetTurnaroundTime:
 290              	.LVL12:
 291              	.LFB221:
 141:Drivers/STM32F4xx_HAL_Driver/Src/stm32f4xx_ll_usb.c ****   uint32_t UsbTrd;
 292              		.loc 1 141 1 is_stmt 1 view -0
 293              		.cfi_startproc
 294              		@ args = 0, pretend = 0, frame = 0
 295              		@ frame_needed = 0, uses_anonymous_args = 0
 296              		@ link register save eliminated.
 142:Drivers/STM32F4xx_HAL_Driver/Src/stm32f4xx_ll_usb.c **** 
 297              		.loc 1 142 3 view .LVU89
 148:Drivers/STM32F4xx_HAL_Driver/Src/stm32f4xx_ll_usb.c ****   {
 298              		.loc 1 148 3 view .LVU90
 148:Drivers/STM32F4xx_HAL_Driver/Src/stm32f4xx_ll_usb.c ****   {
 299              		.loc 1 148 6 is_stmt 0 view .LVU91
 300 0000 022A     		cmp	r2, #2
 301 0002 0AD0     		beq	.L31
 203:Drivers/STM32F4xx_HAL_Driver/Src/stm32f4xx_ll_usb.c ****   }
 302              		.loc 1 203 12 view .LVU92
 303 0004 0922     		movs	r2, #9
 304              	.LVL13:
 305              	.L20:
 210:Drivers/STM32F4xx_HAL_Driver/Src/stm32f4xx_ll_usb.c ****   USBx->GUSBCFG |= (uint32_t)((UsbTrd << 10) & USB_OTG_GUSBCFG_TRDT);
 306              		.loc 1 210 3 is_stmt 1 view .LVU93
 210:Drivers/STM32F4xx_HAL_Driver/Src/stm32f4xx_ll_usb.c ****   USBx->GUSBCFG |= (uint32_t)((UsbTrd << 10) & USB_OTG_GUSBCFG_TRDT);
 307              		.loc 1 210 7 is_stmt 0 view .LVU94
 308 0006 C368     		ldr	r3, [r0, #12]
 210:Drivers/STM32F4xx_HAL_Driver/Src/stm32f4xx_ll_usb.c ****   USBx->GUSBCFG |= (uint32_t)((UsbTrd << 10) & USB_OTG_GUSBCFG_TRDT);
 309              		.loc 1 210 17 view .LVU95
 310 0008 23F47053 		bic	r3, r3, #15360
 311 000c C360     		str	r3, [r0, #12]
 211:Drivers/STM32F4xx_HAL_Driver/Src/stm32f4xx_ll_usb.c **** 
 312              		.loc 1 211 3 is_stmt 1 view .LVU96
 211:Drivers/STM32F4xx_HAL_Driver/Src/stm32f4xx_ll_usb.c **** 
 313              		.loc 1 211 7 is_stmt 0 view .LVU97
 314 000e C368     		ldr	r3, [r0, #12]
 211:Drivers/STM32F4xx_HAL_Driver/Src/stm32f4xx_ll_usb.c **** 
 315              		.loc 1 211 17 view .LVU98
 316 0010 43EA8223 		orr	r3, r3, r2, lsl #10
 317 0014 C360     		str	r3, [r0, #12]
 213:Drivers/STM32F4xx_HAL_Driver/Src/stm32f4xx_ll_usb.c **** }
 318              		.loc 1 213 3 is_stmt 1 view .LVU99
 214:Drivers/STM32F4xx_HAL_Driver/Src/stm32f4xx_ll_usb.c **** 
 319              		.loc 1 214 1 is_stmt 0 view .LVU100
ARM GAS  /tmp/ccoaixhI.s 			page 33


 320 0016 0020     		movs	r0, #0
 321              	.LVL14:
 214:Drivers/STM32F4xx_HAL_Driver/Src/stm32f4xx_ll_usb.c **** 
 322              		.loc 1 214 1 view .LVU101
 323 0018 7047     		bx	lr
 324              	.LVL15:
 325              	.L31:
 150:Drivers/STM32F4xx_HAL_Driver/Src/stm32f4xx_ll_usb.c ****     {
 326              		.loc 1 150 5 is_stmt 1 view .LVU102
 150:Drivers/STM32F4xx_HAL_Driver/Src/stm32f4xx_ll_usb.c ****     {
 327              		.loc 1 150 29 is_stmt 0 view .LVU103
 328 001a 234B     		ldr	r3, .L32
 329 001c 0B44     		add	r3, r3, r1
 150:Drivers/STM32F4xx_HAL_Driver/Src/stm32f4xx_ll_usb.c ****     {
 330              		.loc 1 150 8 view .LVU104
 331 001e 234A     		ldr	r2, .L32+4
 332              	.LVL16:
 150:Drivers/STM32F4xx_HAL_Driver/Src/stm32f4xx_ll_usb.c ****     {
 333              		.loc 1 150 8 view .LVU105
 334 0020 9342     		cmp	r3, r2
 335 0022 2FD9     		bls	.L22
 155:Drivers/STM32F4xx_HAL_Driver/Src/stm32f4xx_ll_usb.c ****     {
 336              		.loc 1 155 10 is_stmt 1 view .LVU106
 155:Drivers/STM32F4xx_HAL_Driver/Src/stm32f4xx_ll_usb.c ****     {
 337              		.loc 1 155 34 is_stmt 0 view .LVU107
 338 0024 224B     		ldr	r3, .L32+8
 339 0026 0B44     		add	r3, r3, r1
 155:Drivers/STM32F4xx_HAL_Driver/Src/stm32f4xx_ll_usb.c ****     {
 340              		.loc 1 155 13 view .LVU108
 341 0028 224A     		ldr	r2, .L32+12
 342 002a 9342     		cmp	r3, r2
 343 002c 2CD9     		bls	.L23
 160:Drivers/STM32F4xx_HAL_Driver/Src/stm32f4xx_ll_usb.c ****     {
 344              		.loc 1 160 10 is_stmt 1 view .LVU109
 160:Drivers/STM32F4xx_HAL_Driver/Src/stm32f4xx_ll_usb.c ****     {
 345              		.loc 1 160 34 is_stmt 0 view .LVU110
 346 002e A1F57403 		sub	r3, r1, #15990784
 347 0032 A3F51053 		sub	r3, r3, #9216
 160:Drivers/STM32F4xx_HAL_Driver/Src/stm32f4xx_ll_usb.c ****     {
 348              		.loc 1 160 13 view .LVU111
 349 0036 204A     		ldr	r2, .L32+16
 350 0038 9342     		cmp	r3, r2
 351 003a 27D9     		bls	.L24
 165:Drivers/STM32F4xx_HAL_Driver/Src/stm32f4xx_ll_usb.c ****     {
 352              		.loc 1 165 10 is_stmt 1 view .LVU112
 165:Drivers/STM32F4xx_HAL_Driver/Src/stm32f4xx_ll_usb.c ****     {
 353              		.loc 1 165 34 is_stmt 0 view .LVU113
 354 003c A1F18373 		sub	r3, r1, #17170432
 355 0040 A3F5E743 		sub	r3, r3, #29568
 165:Drivers/STM32F4xx_HAL_Driver/Src/stm32f4xx_ll_usb.c ****     {
 356              		.loc 1 165 13 view .LVU114
 357 0044 1D4A     		ldr	r2, .L32+20
 358 0046 9342     		cmp	r3, r2
 359 0048 22D3     		bcc	.L25
 170:Drivers/STM32F4xx_HAL_Driver/Src/stm32f4xx_ll_usb.c ****     {
 360              		.loc 1 170 10 is_stmt 1 view .LVU115
 170:Drivers/STM32F4xx_HAL_Driver/Src/stm32f4xx_ll_usb.c ****     {
ARM GAS  /tmp/ccoaixhI.s 			page 34


 361              		.loc 1 170 34 is_stmt 0 view .LVU116
 362 004a 1D4B     		ldr	r3, .L32+24
 363 004c 0B44     		add	r3, r3, r1
 170:Drivers/STM32F4xx_HAL_Driver/Src/stm32f4xx_ll_usb.c ****     {
 364              		.loc 1 170 13 view .LVU117
 365 004e 1D4A     		ldr	r2, .L32+28
 366 0050 9342     		cmp	r3, r2
 367 0052 1FD9     		bls	.L26
 175:Drivers/STM32F4xx_HAL_Driver/Src/stm32f4xx_ll_usb.c ****     {
 368              		.loc 1 175 10 is_stmt 1 view .LVU118
 175:Drivers/STM32F4xx_HAL_Driver/Src/stm32f4xx_ll_usb.c ****     {
 369              		.loc 1 175 34 is_stmt 0 view .LVU119
 370 0054 1C4B     		ldr	r3, .L32+32
 371 0056 0B44     		add	r3, r3, r1
 175:Drivers/STM32F4xx_HAL_Driver/Src/stm32f4xx_ll_usb.c ****     {
 372              		.loc 1 175 13 view .LVU120
 373 0058 1C4A     		ldr	r2, .L32+36
 374 005a 9342     		cmp	r3, r2
 375 005c 1CD3     		bcc	.L27
 180:Drivers/STM32F4xx_HAL_Driver/Src/stm32f4xx_ll_usb.c ****     {
 376              		.loc 1 180 10 is_stmt 1 view .LVU121
 180:Drivers/STM32F4xx_HAL_Driver/Src/stm32f4xx_ll_usb.c ****     {
 377              		.loc 1 180 34 is_stmt 0 view .LVU122
 378 005e 1C4B     		ldr	r3, .L32+40
 379 0060 0B44     		add	r3, r3, r1
 180:Drivers/STM32F4xx_HAL_Driver/Src/stm32f4xx_ll_usb.c ****     {
 380              		.loc 1 180 13 view .LVU123
 381 0062 1C4A     		ldr	r2, .L32+44
 382 0064 9342     		cmp	r3, r2
 383 0066 19D3     		bcc	.L28
 185:Drivers/STM32F4xx_HAL_Driver/Src/stm32f4xx_ll_usb.c ****     {
 384              		.loc 1 185 10 is_stmt 1 view .LVU124
 185:Drivers/STM32F4xx_HAL_Driver/Src/stm32f4xx_ll_usb.c ****     {
 385              		.loc 1 185 34 is_stmt 0 view .LVU125
 386 0068 A1F1B773 		sub	r3, r1, #23986176
 387 006c A3F55853 		sub	r3, r3, #13824
 185:Drivers/STM32F4xx_HAL_Driver/Src/stm32f4xx_ll_usb.c ****     {
 388              		.loc 1 185 13 view .LVU126
 389 0070 194A     		ldr	r2, .L32+48
 390 0072 9342     		cmp	r3, r2
 391 0074 14D3     		bcc	.L29
 190:Drivers/STM32F4xx_HAL_Driver/Src/stm32f4xx_ll_usb.c ****     {
 392              		.loc 1 190 10 is_stmt 1 view .LVU127
 190:Drivers/STM32F4xx_HAL_Driver/Src/stm32f4xx_ll_usb.c ****     {
 393              		.loc 1 190 34 is_stmt 0 view .LVU128
 394 0076 194B     		ldr	r3, .L32+52
 395 0078 0B44     		add	r3, r3, r1
 190:Drivers/STM32F4xx_HAL_Driver/Src/stm32f4xx_ll_usb.c ****     {
 396              		.loc 1 190 13 view .LVU129
 397 007a 194A     		ldr	r2, .L32+56
 398 007c 9342     		cmp	r3, r2
 399 007e 11D2     		bcs	.L30
 193:Drivers/STM32F4xx_HAL_Driver/Src/stm32f4xx_ll_usb.c ****     }
 400              		.loc 1 193 14 view .LVU130
 401 0080 0722     		movs	r2, #7
 402 0082 C0E7     		b	.L20
 403              	.L22:
ARM GAS  /tmp/ccoaixhI.s 			page 35


 153:Drivers/STM32F4xx_HAL_Driver/Src/stm32f4xx_ll_usb.c ****     }
 404              		.loc 1 153 14 view .LVU131
 405 0084 0F22     		movs	r2, #15
 406 0086 BEE7     		b	.L20
 407              	.L23:
 158:Drivers/STM32F4xx_HAL_Driver/Src/stm32f4xx_ll_usb.c ****     }
 408              		.loc 1 158 14 view .LVU132
 409 0088 0E22     		movs	r2, #14
 410 008a BCE7     		b	.L20
 411              	.L24:
 163:Drivers/STM32F4xx_HAL_Driver/Src/stm32f4xx_ll_usb.c ****     }
 412              		.loc 1 163 14 view .LVU133
 413 008c 0D22     		movs	r2, #13
 414 008e BAE7     		b	.L20
 415              	.L25:
 168:Drivers/STM32F4xx_HAL_Driver/Src/stm32f4xx_ll_usb.c ****     }
 416              		.loc 1 168 14 view .LVU134
 417 0090 0C22     		movs	r2, #12
 418 0092 B8E7     		b	.L20
 419              	.L26:
 173:Drivers/STM32F4xx_HAL_Driver/Src/stm32f4xx_ll_usb.c ****     }
 420              		.loc 1 173 14 view .LVU135
 421 0094 0B22     		movs	r2, #11
 422 0096 B6E7     		b	.L20
 423              	.L27:
 178:Drivers/STM32F4xx_HAL_Driver/Src/stm32f4xx_ll_usb.c ****     }
 424              		.loc 1 178 14 view .LVU136
 425 0098 0A22     		movs	r2, #10
 426 009a B4E7     		b	.L20
 427              	.L28:
 183:Drivers/STM32F4xx_HAL_Driver/Src/stm32f4xx_ll_usb.c ****     }
 428              		.loc 1 183 14 view .LVU137
 429 009c 0922     		movs	r2, #9
 430 009e B2E7     		b	.L20
 431              	.L29:
 188:Drivers/STM32F4xx_HAL_Driver/Src/stm32f4xx_ll_usb.c ****     }
 432              		.loc 1 188 14 view .LVU138
 433 00a0 0822     		movs	r2, #8
 434 00a2 B0E7     		b	.L20
 435              	.L30:
 198:Drivers/STM32F4xx_HAL_Driver/Src/stm32f4xx_ll_usb.c ****     }
 436              		.loc 1 198 14 view .LVU139
 437 00a4 0622     		movs	r2, #6
 438 00a6 AEE7     		b	.L20
 439              	.L33:
 440              		.align	2
 441              	.L32:
 442 00a8 405327FF 		.word	-14200000
 443 00ac FF340C00 		.word	799999
 444 00b0 401E1BFF 		.word	-15000000
 445 00b4 3F420F00 		.word	999999
 446 00b8 7F4F1200 		.word	1199999
 447 00bc 20D61300 		.word	1300000
 448 00c0 60B6E5FE 		.word	-18500000
 449 00c4 5FE31600 		.word	1499999
 450 00c8 00D3CEFE 		.word	-20000000
 451 00cc 40771B00 		.word	1800000
ARM GAS  /tmp/ccoaixhI.s 			page 36


 452 00d0 C05BB3FE 		.word	-21800000
 453 00d4 C0912100 		.word	2200000
 454 00d8 20753800 		.word	3700000
 455 00dc E05459FE 		.word	-27700000
 456 00e0 E09C4100 		.word	4300000
 457              		.cfi_endproc
 458              	.LFE221:
 460              		.section	.text.USB_EnableGlobalInt,"ax",%progbits
 461              		.align	1
 462              		.global	USB_EnableGlobalInt
 463              		.syntax unified
 464              		.thumb
 465              		.thumb_func
 467              	USB_EnableGlobalInt:
 468              	.LVL17:
 469              	.LFB222:
 223:Drivers/STM32F4xx_HAL_Driver/Src/stm32f4xx_ll_usb.c ****   USBx->GAHBCFG |= USB_OTG_GAHBCFG_GINT;
 470              		.loc 1 223 1 is_stmt 1 view -0
 471              		.cfi_startproc
 472              		@ args = 0, pretend = 0, frame = 0
 473              		@ frame_needed = 0, uses_anonymous_args = 0
 474              		@ link register save eliminated.
 224:Drivers/STM32F4xx_HAL_Driver/Src/stm32f4xx_ll_usb.c ****   return HAL_OK;
 475              		.loc 1 224 3 view .LVU141
 224:Drivers/STM32F4xx_HAL_Driver/Src/stm32f4xx_ll_usb.c ****   return HAL_OK;
 476              		.loc 1 224 7 is_stmt 0 view .LVU142
 477 0000 8368     		ldr	r3, [r0, #8]
 224:Drivers/STM32F4xx_HAL_Driver/Src/stm32f4xx_ll_usb.c ****   return HAL_OK;
 478              		.loc 1 224 17 view .LVU143
 479 0002 43F00103 		orr	r3, r3, #1
 480 0006 8360     		str	r3, [r0, #8]
 225:Drivers/STM32F4xx_HAL_Driver/Src/stm32f4xx_ll_usb.c **** }
 481              		.loc 1 225 3 is_stmt 1 view .LVU144
 226:Drivers/STM32F4xx_HAL_Driver/Src/stm32f4xx_ll_usb.c **** 
 482              		.loc 1 226 1 is_stmt 0 view .LVU145
 483 0008 0020     		movs	r0, #0
 484              	.LVL18:
 226:Drivers/STM32F4xx_HAL_Driver/Src/stm32f4xx_ll_usb.c **** 
 485              		.loc 1 226 1 view .LVU146
 486 000a 7047     		bx	lr
 487              		.cfi_endproc
 488              	.LFE222:
 490              		.section	.text.USB_DisableGlobalInt,"ax",%progbits
 491              		.align	1
 492              		.global	USB_DisableGlobalInt
 493              		.syntax unified
 494              		.thumb
 495              		.thumb_func
 497              	USB_DisableGlobalInt:
 498              	.LVL19:
 499              	.LFB223:
 235:Drivers/STM32F4xx_HAL_Driver/Src/stm32f4xx_ll_usb.c ****   USBx->GAHBCFG &= ~USB_OTG_GAHBCFG_GINT;
 500              		.loc 1 235 1 is_stmt 1 view -0
 501              		.cfi_startproc
 502              		@ args = 0, pretend = 0, frame = 0
 503              		@ frame_needed = 0, uses_anonymous_args = 0
 504              		@ link register save eliminated.
ARM GAS  /tmp/ccoaixhI.s 			page 37


 236:Drivers/STM32F4xx_HAL_Driver/Src/stm32f4xx_ll_usb.c ****   return HAL_OK;
 505              		.loc 1 236 3 view .LVU148
 236:Drivers/STM32F4xx_HAL_Driver/Src/stm32f4xx_ll_usb.c ****   return HAL_OK;
 506              		.loc 1 236 7 is_stmt 0 view .LVU149
 507 0000 8368     		ldr	r3, [r0, #8]
 236:Drivers/STM32F4xx_HAL_Driver/Src/stm32f4xx_ll_usb.c ****   return HAL_OK;
 508              		.loc 1 236 17 view .LVU150
 509 0002 23F00103 		bic	r3, r3, #1
 510 0006 8360     		str	r3, [r0, #8]
 237:Drivers/STM32F4xx_HAL_Driver/Src/stm32f4xx_ll_usb.c **** }
 511              		.loc 1 237 3 is_stmt 1 view .LVU151
 238:Drivers/STM32F4xx_HAL_Driver/Src/stm32f4xx_ll_usb.c **** 
 512              		.loc 1 238 1 is_stmt 0 view .LVU152
 513 0008 0020     		movs	r0, #0
 514              	.LVL20:
 238:Drivers/STM32F4xx_HAL_Driver/Src/stm32f4xx_ll_usb.c **** 
 515              		.loc 1 238 1 view .LVU153
 516 000a 7047     		bx	lr
 517              		.cfi_endproc
 518              	.LFE223:
 520              		.section	.text.USB_FlushTxFifo,"ax",%progbits
 521              		.align	1
 522              		.global	USB_FlushTxFifo
 523              		.syntax unified
 524              		.thumb
 525              		.thumb_func
 527              	USB_FlushTxFifo:
 528              	.LVL21:
 529              	.LFB226:
 474:Drivers/STM32F4xx_HAL_Driver/Src/stm32f4xx_ll_usb.c ****   __IO uint32_t count = 0U;
 530              		.loc 1 474 1 is_stmt 1 view -0
 531              		.cfi_startproc
 532              		@ args = 0, pretend = 0, frame = 8
 533              		@ frame_needed = 0, uses_anonymous_args = 0
 534              		@ link register save eliminated.
 474:Drivers/STM32F4xx_HAL_Driver/Src/stm32f4xx_ll_usb.c ****   __IO uint32_t count = 0U;
 535              		.loc 1 474 1 is_stmt 0 view .LVU155
 536 0000 82B0     		sub	sp, sp, #8
 537              	.LCFI8:
 538              		.cfi_def_cfa_offset 8
 475:Drivers/STM32F4xx_HAL_Driver/Src/stm32f4xx_ll_usb.c **** 
 539              		.loc 1 475 3 is_stmt 1 view .LVU156
 475:Drivers/STM32F4xx_HAL_Driver/Src/stm32f4xx_ll_usb.c **** 
 540              		.loc 1 475 17 is_stmt 0 view .LVU157
 541 0002 0023     		movs	r3, #0
 542 0004 0193     		str	r3, [sp, #4]
 543              	.L38:
 478:Drivers/STM32F4xx_HAL_Driver/Src/stm32f4xx_ll_usb.c ****   {
 544              		.loc 1 478 3 is_stmt 1 view .LVU158
 480:Drivers/STM32F4xx_HAL_Driver/Src/stm32f4xx_ll_usb.c **** 
 545              		.loc 1 480 5 view .LVU159
 480:Drivers/STM32F4xx_HAL_Driver/Src/stm32f4xx_ll_usb.c **** 
 546              		.loc 1 480 10 is_stmt 0 view .LVU160
 547 0006 019B     		ldr	r3, [sp, #4]
 548 0008 0133     		adds	r3, r3, #1
 549 000a 0193     		str	r3, [sp, #4]
 482:Drivers/STM32F4xx_HAL_Driver/Src/stm32f4xx_ll_usb.c ****     {
ARM GAS  /tmp/ccoaixhI.s 			page 38


 550              		.loc 1 482 5 is_stmt 1 view .LVU161
 482:Drivers/STM32F4xx_HAL_Driver/Src/stm32f4xx_ll_usb.c ****     {
 551              		.loc 1 482 15 is_stmt 0 view .LVU162
 552 000c 019B     		ldr	r3, [sp, #4]
 482:Drivers/STM32F4xx_HAL_Driver/Src/stm32f4xx_ll_usb.c ****     {
 553              		.loc 1 482 8 view .LVU163
 554 000e B3F1706F 		cmp	r3, #251658240
 555 0012 15D8     		bhi	.L40
 486:Drivers/STM32F4xx_HAL_Driver/Src/stm32f4xx_ll_usb.c **** 
 556              		.loc 1 486 53 is_stmt 1 view .LVU164
 486:Drivers/STM32F4xx_HAL_Driver/Src/stm32f4xx_ll_usb.c **** 
 557              		.loc 1 486 17 is_stmt 0 view .LVU165
 558 0014 0369     		ldr	r3, [r0, #16]
 486:Drivers/STM32F4xx_HAL_Driver/Src/stm32f4xx_ll_usb.c **** 
 559              		.loc 1 486 53 view .LVU166
 560 0016 002B     		cmp	r3, #0
 561 0018 F5DA     		bge	.L38
 489:Drivers/STM32F4xx_HAL_Driver/Src/stm32f4xx_ll_usb.c ****   USBx->GRSTCTL = (USB_OTG_GRSTCTL_TXFFLSH | (num << 6));
 562              		.loc 1 489 3 is_stmt 1 view .LVU167
 489:Drivers/STM32F4xx_HAL_Driver/Src/stm32f4xx_ll_usb.c ****   USBx->GRSTCTL = (USB_OTG_GRSTCTL_TXFFLSH | (num << 6));
 563              		.loc 1 489 9 is_stmt 0 view .LVU168
 564 001a 0023     		movs	r3, #0
 565 001c 0193     		str	r3, [sp, #4]
 490:Drivers/STM32F4xx_HAL_Driver/Src/stm32f4xx_ll_usb.c **** 
 566              		.loc 1 490 3 is_stmt 1 view .LVU169
 490:Drivers/STM32F4xx_HAL_Driver/Src/stm32f4xx_ll_usb.c **** 
 567              		.loc 1 490 51 is_stmt 0 view .LVU170
 568 001e 8901     		lsls	r1, r1, #6
 569              	.LVL22:
 490:Drivers/STM32F4xx_HAL_Driver/Src/stm32f4xx_ll_usb.c **** 
 570              		.loc 1 490 44 view .LVU171
 571 0020 41F02001 		orr	r1, r1, #32
 490:Drivers/STM32F4xx_HAL_Driver/Src/stm32f4xx_ll_usb.c **** 
 572              		.loc 1 490 17 view .LVU172
 573 0024 0161     		str	r1, [r0, #16]
 574              	.L39:
 492:Drivers/STM32F4xx_HAL_Driver/Src/stm32f4xx_ll_usb.c ****   {
 575              		.loc 1 492 3 is_stmt 1 view .LVU173
 494:Drivers/STM32F4xx_HAL_Driver/Src/stm32f4xx_ll_usb.c **** 
 576              		.loc 1 494 5 view .LVU174
 494:Drivers/STM32F4xx_HAL_Driver/Src/stm32f4xx_ll_usb.c **** 
 577              		.loc 1 494 10 is_stmt 0 view .LVU175
 578 0026 019B     		ldr	r3, [sp, #4]
 579 0028 0133     		adds	r3, r3, #1
 580 002a 0193     		str	r3, [sp, #4]
 496:Drivers/STM32F4xx_HAL_Driver/Src/stm32f4xx_ll_usb.c ****     {
 581              		.loc 1 496 5 is_stmt 1 view .LVU176
 496:Drivers/STM32F4xx_HAL_Driver/Src/stm32f4xx_ll_usb.c ****     {
 582              		.loc 1 496 15 is_stmt 0 view .LVU177
 583 002c 019B     		ldr	r3, [sp, #4]
 496:Drivers/STM32F4xx_HAL_Driver/Src/stm32f4xx_ll_usb.c ****     {
 584              		.loc 1 496 8 view .LVU178
 585 002e B3F1706F 		cmp	r3, #251658240
 586 0032 08D8     		bhi	.L41
 500:Drivers/STM32F4xx_HAL_Driver/Src/stm32f4xx_ll_usb.c **** 
 587              		.loc 1 500 54 is_stmt 1 view .LVU179
 500:Drivers/STM32F4xx_HAL_Driver/Src/stm32f4xx_ll_usb.c **** 
ARM GAS  /tmp/ccoaixhI.s 			page 39


 588              		.loc 1 500 17 is_stmt 0 view .LVU180
 589 0034 0369     		ldr	r3, [r0, #16]
 500:Drivers/STM32F4xx_HAL_Driver/Src/stm32f4xx_ll_usb.c **** 
 590              		.loc 1 500 54 view .LVU181
 591 0036 13F0200F 		tst	r3, #32
 592 003a F4D1     		bne	.L39
 502:Drivers/STM32F4xx_HAL_Driver/Src/stm32f4xx_ll_usb.c **** }
 593              		.loc 1 502 10 view .LVU182
 594 003c 0020     		movs	r0, #0
 595              	.LVL23:
 502:Drivers/STM32F4xx_HAL_Driver/Src/stm32f4xx_ll_usb.c **** }
 596              		.loc 1 502 10 view .LVU183
 597 003e 00E0     		b	.L37
 598              	.LVL24:
 599              	.L40:
 484:Drivers/STM32F4xx_HAL_Driver/Src/stm32f4xx_ll_usb.c ****     }
 600              		.loc 1 484 14 view .LVU184
 601 0040 0320     		movs	r0, #3
 602              	.LVL25:
 603              	.L37:
 503:Drivers/STM32F4xx_HAL_Driver/Src/stm32f4xx_ll_usb.c **** 
 604              		.loc 1 503 1 view .LVU185
 605 0042 02B0     		add	sp, sp, #8
 606              	.LCFI9:
 607              		.cfi_remember_state
 608              		.cfi_def_cfa_offset 0
 609              		@ sp needed
 610 0044 7047     		bx	lr
 611              	.LVL26:
 612              	.L41:
 613              	.LCFI10:
 614              		.cfi_restore_state
 498:Drivers/STM32F4xx_HAL_Driver/Src/stm32f4xx_ll_usb.c ****     }
 615              		.loc 1 498 14 view .LVU186
 616 0046 0320     		movs	r0, #3
 617              	.LVL27:
 498:Drivers/STM32F4xx_HAL_Driver/Src/stm32f4xx_ll_usb.c ****     }
 618              		.loc 1 498 14 view .LVU187
 619 0048 FBE7     		b	.L37
 620              		.cfi_endproc
 621              	.LFE226:
 623              		.section	.text.USB_FlushRxFifo,"ax",%progbits
 624              		.align	1
 625              		.global	USB_FlushRxFifo
 626              		.syntax unified
 627              		.thumb
 628              		.thumb_func
 630              	USB_FlushRxFifo:
 631              	.LVL28:
 632              	.LFB227:
 511:Drivers/STM32F4xx_HAL_Driver/Src/stm32f4xx_ll_usb.c ****   __IO uint32_t count = 0U;
 633              		.loc 1 511 1 is_stmt 1 view -0
 634              		.cfi_startproc
 635              		@ args = 0, pretend = 0, frame = 8
 636              		@ frame_needed = 0, uses_anonymous_args = 0
 637              		@ link register save eliminated.
 511:Drivers/STM32F4xx_HAL_Driver/Src/stm32f4xx_ll_usb.c ****   __IO uint32_t count = 0U;
ARM GAS  /tmp/ccoaixhI.s 			page 40


 638              		.loc 1 511 1 is_stmt 0 view .LVU189
 639 0000 82B0     		sub	sp, sp, #8
 640              	.LCFI11:
 641              		.cfi_def_cfa_offset 8
 512:Drivers/STM32F4xx_HAL_Driver/Src/stm32f4xx_ll_usb.c **** 
 642              		.loc 1 512 3 is_stmt 1 view .LVU190
 512:Drivers/STM32F4xx_HAL_Driver/Src/stm32f4xx_ll_usb.c **** 
 643              		.loc 1 512 17 is_stmt 0 view .LVU191
 644 0002 0023     		movs	r3, #0
 645 0004 0193     		str	r3, [sp, #4]
 646              	.L45:
 515:Drivers/STM32F4xx_HAL_Driver/Src/stm32f4xx_ll_usb.c ****   {
 647              		.loc 1 515 3 is_stmt 1 view .LVU192
 517:Drivers/STM32F4xx_HAL_Driver/Src/stm32f4xx_ll_usb.c **** 
 648              		.loc 1 517 5 view .LVU193
 517:Drivers/STM32F4xx_HAL_Driver/Src/stm32f4xx_ll_usb.c **** 
 649              		.loc 1 517 10 is_stmt 0 view .LVU194
 650 0006 019B     		ldr	r3, [sp, #4]
 651 0008 0133     		adds	r3, r3, #1
 652 000a 0193     		str	r3, [sp, #4]
 519:Drivers/STM32F4xx_HAL_Driver/Src/stm32f4xx_ll_usb.c ****     {
 653              		.loc 1 519 5 is_stmt 1 view .LVU195
 519:Drivers/STM32F4xx_HAL_Driver/Src/stm32f4xx_ll_usb.c ****     {
 654              		.loc 1 519 15 is_stmt 0 view .LVU196
 655 000c 019B     		ldr	r3, [sp, #4]
 519:Drivers/STM32F4xx_HAL_Driver/Src/stm32f4xx_ll_usb.c ****     {
 656              		.loc 1 519 8 view .LVU197
 657 000e B3F1706F 		cmp	r3, #251658240
 658 0012 13D8     		bhi	.L47
 523:Drivers/STM32F4xx_HAL_Driver/Src/stm32f4xx_ll_usb.c **** 
 659              		.loc 1 523 53 is_stmt 1 view .LVU198
 523:Drivers/STM32F4xx_HAL_Driver/Src/stm32f4xx_ll_usb.c **** 
 660              		.loc 1 523 17 is_stmt 0 view .LVU199
 661 0014 0369     		ldr	r3, [r0, #16]
 523:Drivers/STM32F4xx_HAL_Driver/Src/stm32f4xx_ll_usb.c **** 
 662              		.loc 1 523 53 view .LVU200
 663 0016 002B     		cmp	r3, #0
 664 0018 F5DA     		bge	.L45
 526:Drivers/STM32F4xx_HAL_Driver/Src/stm32f4xx_ll_usb.c ****   USBx->GRSTCTL = USB_OTG_GRSTCTL_RXFFLSH;
 665              		.loc 1 526 3 is_stmt 1 view .LVU201
 526:Drivers/STM32F4xx_HAL_Driver/Src/stm32f4xx_ll_usb.c ****   USBx->GRSTCTL = USB_OTG_GRSTCTL_RXFFLSH;
 666              		.loc 1 526 9 is_stmt 0 view .LVU202
 667 001a 0023     		movs	r3, #0
 668 001c 0193     		str	r3, [sp, #4]
 527:Drivers/STM32F4xx_HAL_Driver/Src/stm32f4xx_ll_usb.c **** 
 669              		.loc 1 527 3 is_stmt 1 view .LVU203
 527:Drivers/STM32F4xx_HAL_Driver/Src/stm32f4xx_ll_usb.c **** 
 670              		.loc 1 527 17 is_stmt 0 view .LVU204
 671 001e 1023     		movs	r3, #16
 672 0020 0361     		str	r3, [r0, #16]
 673              	.L46:
 529:Drivers/STM32F4xx_HAL_Driver/Src/stm32f4xx_ll_usb.c ****   {
 674              		.loc 1 529 3 is_stmt 1 view .LVU205
 531:Drivers/STM32F4xx_HAL_Driver/Src/stm32f4xx_ll_usb.c **** 
 675              		.loc 1 531 5 view .LVU206
 531:Drivers/STM32F4xx_HAL_Driver/Src/stm32f4xx_ll_usb.c **** 
 676              		.loc 1 531 10 is_stmt 0 view .LVU207
ARM GAS  /tmp/ccoaixhI.s 			page 41


 677 0022 019B     		ldr	r3, [sp, #4]
 678 0024 0133     		adds	r3, r3, #1
 679 0026 0193     		str	r3, [sp, #4]
 533:Drivers/STM32F4xx_HAL_Driver/Src/stm32f4xx_ll_usb.c ****     {
 680              		.loc 1 533 5 is_stmt 1 view .LVU208
 533:Drivers/STM32F4xx_HAL_Driver/Src/stm32f4xx_ll_usb.c ****     {
 681              		.loc 1 533 15 is_stmt 0 view .LVU209
 682 0028 019B     		ldr	r3, [sp, #4]
 533:Drivers/STM32F4xx_HAL_Driver/Src/stm32f4xx_ll_usb.c ****     {
 683              		.loc 1 533 8 view .LVU210
 684 002a B3F1706F 		cmp	r3, #251658240
 685 002e 08D8     		bhi	.L48
 537:Drivers/STM32F4xx_HAL_Driver/Src/stm32f4xx_ll_usb.c **** 
 686              		.loc 1 537 54 is_stmt 1 view .LVU211
 537:Drivers/STM32F4xx_HAL_Driver/Src/stm32f4xx_ll_usb.c **** 
 687              		.loc 1 537 17 is_stmt 0 view .LVU212
 688 0030 0369     		ldr	r3, [r0, #16]
 537:Drivers/STM32F4xx_HAL_Driver/Src/stm32f4xx_ll_usb.c **** 
 689              		.loc 1 537 54 view .LVU213
 690 0032 13F0100F 		tst	r3, #16
 691 0036 F4D1     		bne	.L46
 539:Drivers/STM32F4xx_HAL_Driver/Src/stm32f4xx_ll_usb.c **** }
 692              		.loc 1 539 10 view .LVU214
 693 0038 0020     		movs	r0, #0
 694              	.LVL29:
 539:Drivers/STM32F4xx_HAL_Driver/Src/stm32f4xx_ll_usb.c **** }
 695              		.loc 1 539 10 view .LVU215
 696 003a 00E0     		b	.L44
 697              	.LVL30:
 698              	.L47:
 521:Drivers/STM32F4xx_HAL_Driver/Src/stm32f4xx_ll_usb.c ****     }
 699              		.loc 1 521 14 view .LVU216
 700 003c 0320     		movs	r0, #3
 701              	.LVL31:
 702              	.L44:
 540:Drivers/STM32F4xx_HAL_Driver/Src/stm32f4xx_ll_usb.c **** 
 703              		.loc 1 540 1 view .LVU217
 704 003e 02B0     		add	sp, sp, #8
 705              	.LCFI12:
 706              		.cfi_remember_state
 707              		.cfi_def_cfa_offset 0
 708              		@ sp needed
 709 0040 7047     		bx	lr
 710              	.LVL32:
 711              	.L48:
 712              	.LCFI13:
 713              		.cfi_restore_state
 535:Drivers/STM32F4xx_HAL_Driver/Src/stm32f4xx_ll_usb.c ****     }
 714              		.loc 1 535 14 view .LVU218
 715 0042 0320     		movs	r0, #3
 716              	.LVL33:
 535:Drivers/STM32F4xx_HAL_Driver/Src/stm32f4xx_ll_usb.c ****     }
 717              		.loc 1 535 14 view .LVU219
 718 0044 FBE7     		b	.L44
 719              		.cfi_endproc
 720              	.LFE227:
 722              		.section	.text.USB_SetDevSpeed,"ax",%progbits
ARM GAS  /tmp/ccoaixhI.s 			page 42


 723              		.align	1
 724              		.global	USB_SetDevSpeed
 725              		.syntax unified
 726              		.thumb
 727              		.thumb_func
 729              	USB_SetDevSpeed:
 730              	.LVL34:
 731              	.LFB228:
 554:Drivers/STM32F4xx_HAL_Driver/Src/stm32f4xx_ll_usb.c ****   uint32_t USBx_BASE = (uint32_t)USBx;
 732              		.loc 1 554 1 is_stmt 1 view -0
 733              		.cfi_startproc
 734              		@ args = 0, pretend = 0, frame = 0
 735              		@ frame_needed = 0, uses_anonymous_args = 0
 736              		@ link register save eliminated.
 555:Drivers/STM32F4xx_HAL_Driver/Src/stm32f4xx_ll_usb.c **** 
 737              		.loc 1 555 3 view .LVU221
 557:Drivers/STM32F4xx_HAL_Driver/Src/stm32f4xx_ll_usb.c ****   return HAL_OK;
 738              		.loc 1 557 3 view .LVU222
 557:Drivers/STM32F4xx_HAL_Driver/Src/stm32f4xx_ll_usb.c ****   return HAL_OK;
 739              		.loc 1 557 14 is_stmt 0 view .LVU223
 740 0000 D0F80038 		ldr	r3, [r0, #2048]
 557:Drivers/STM32F4xx_HAL_Driver/Src/stm32f4xx_ll_usb.c ****   return HAL_OK;
 741              		.loc 1 557 21 view .LVU224
 742 0004 1943     		orrs	r1, r1, r3
 743              	.LVL35:
 557:Drivers/STM32F4xx_HAL_Driver/Src/stm32f4xx_ll_usb.c ****   return HAL_OK;
 744              		.loc 1 557 21 view .LVU225
 745 0006 C0F80018 		str	r1, [r0, #2048]
 558:Drivers/STM32F4xx_HAL_Driver/Src/stm32f4xx_ll_usb.c **** }
 746              		.loc 1 558 3 is_stmt 1 view .LVU226
 559:Drivers/STM32F4xx_HAL_Driver/Src/stm32f4xx_ll_usb.c **** 
 747              		.loc 1 559 1 is_stmt 0 view .LVU227
 748 000a 0020     		movs	r0, #0
 749              	.LVL36:
 559:Drivers/STM32F4xx_HAL_Driver/Src/stm32f4xx_ll_usb.c **** 
 750              		.loc 1 559 1 view .LVU228
 751 000c 7047     		bx	lr
 752              		.cfi_endproc
 753              	.LFE228:
 755              		.section	.text.USB_DevInit,"ax",%progbits
 756              		.align	1
 757              		.global	USB_DevInit
 758              		.syntax unified
 759              		.thumb
 760              		.thumb_func
 762              	USB_DevInit:
 763              	.LVL37:
 764              	.LFB225:
 297:Drivers/STM32F4xx_HAL_Driver/Src/stm32f4xx_ll_usb.c ****   HAL_StatusTypeDef ret = HAL_OK;
 765              		.loc 1 297 1 is_stmt 1 view -0
 766              		.cfi_startproc
 767              		@ args = 20, pretend = 16, frame = 0
 768              		@ frame_needed = 0, uses_anonymous_args = 0
 297:Drivers/STM32F4xx_HAL_Driver/Src/stm32f4xx_ll_usb.c ****   HAL_StatusTypeDef ret = HAL_OK;
 769              		.loc 1 297 1 is_stmt 0 view .LVU230
 770 0000 84B0     		sub	sp, sp, #16
 771              	.LCFI14:
ARM GAS  /tmp/ccoaixhI.s 			page 43


 772              		.cfi_def_cfa_offset 16
 773 0002 F8B5     		push	{r3, r4, r5, r6, r7, lr}
 774              	.LCFI15:
 775              		.cfi_def_cfa_offset 40
 776              		.cfi_offset 3, -40
 777              		.cfi_offset 4, -36
 778              		.cfi_offset 5, -32
 779              		.cfi_offset 6, -28
 780              		.cfi_offset 7, -24
 781              		.cfi_offset 14, -20
 782 0004 0446     		mov	r4, r0
 783 0006 07A8     		add	r0, sp, #28
 784              	.LVL38:
 297:Drivers/STM32F4xx_HAL_Driver/Src/stm32f4xx_ll_usb.c ****   HAL_StatusTypeDef ret = HAL_OK;
 785              		.loc 1 297 1 view .LVU231
 786 0008 80E80E00 		stm	r0, {r1, r2, r3}
 298:Drivers/STM32F4xx_HAL_Driver/Src/stm32f4xx_ll_usb.c ****   uint32_t USBx_BASE = (uint32_t)USBx;
 787              		.loc 1 298 3 is_stmt 1 view .LVU232
 788              	.LVL39:
 299:Drivers/STM32F4xx_HAL_Driver/Src/stm32f4xx_ll_usb.c ****   uint32_t i;
 789              		.loc 1 299 3 view .LVU233
 300:Drivers/STM32F4xx_HAL_Driver/Src/stm32f4xx_ll_usb.c **** 
 790              		.loc 1 300 3 view .LVU234
 302:Drivers/STM32F4xx_HAL_Driver/Src/stm32f4xx_ll_usb.c ****   {
 791              		.loc 1 302 3 view .LVU235
 302:Drivers/STM32F4xx_HAL_Driver/Src/stm32f4xx_ll_usb.c ****   {
 792              		.loc 1 302 10 is_stmt 0 view .LVU236
 793 000c 0023     		movs	r3, #0
 302:Drivers/STM32F4xx_HAL_Driver/Src/stm32f4xx_ll_usb.c ****   {
 794              		.loc 1 302 3 view .LVU237
 795 000e 06E0     		b	.L52
 796              	.LVL40:
 797              	.L53:
 304:Drivers/STM32F4xx_HAL_Driver/Src/stm32f4xx_ll_usb.c ****   }
 798              		.loc 1 304 5 is_stmt 1 discriminator 3 view .LVU238
 304:Drivers/STM32F4xx_HAL_Driver/Src/stm32f4xx_ll_usb.c ****   }
 799              		.loc 1 304 22 is_stmt 0 discriminator 3 view .LVU239
 800 0010 03F14002 		add	r2, r3, #64
 801 0014 04EB8202 		add	r2, r4, r2, lsl #2
 802 0018 0021     		movs	r1, #0
 803 001a 5160     		str	r1, [r2, #4]
 302:Drivers/STM32F4xx_HAL_Driver/Src/stm32f4xx_ll_usb.c ****   {
 804              		.loc 1 302 26 is_stmt 1 discriminator 3 view .LVU240
 805 001c 0133     		adds	r3, r3, #1
 806              	.LVL41:
 807              	.L52:
 302:Drivers/STM32F4xx_HAL_Driver/Src/stm32f4xx_ll_usb.c ****   {
 808              		.loc 1 302 18 discriminator 1 view .LVU241
 809 001e 0E2B     		cmp	r3, #14
 810 0020 F6D9     		bls	.L53
 329:Drivers/STM32F4xx_HAL_Driver/Src/stm32f4xx_ll_usb.c ****   {
 811              		.loc 1 329 3 view .LVU242
 329:Drivers/STM32F4xx_HAL_Driver/Src/stm32f4xx_ll_usb.c ****   {
 812              		.loc 1 329 10 is_stmt 0 view .LVU243
 813 0022 9DF82660 		ldrb	r6, [sp, #38]	@ zero_extendqisi2
 329:Drivers/STM32F4xx_HAL_Driver/Src/stm32f4xx_ll_usb.c ****   {
 814              		.loc 1 329 6 view .LVU244
ARM GAS  /tmp/ccoaixhI.s 			page 44


 815 0026 06BB     		cbnz	r6, .L54
 335:Drivers/STM32F4xx_HAL_Driver/Src/stm32f4xx_ll_usb.c ****     USBx->GCCFG |= USB_OTG_GCCFG_NOVBUSSENS;
 816              		.loc 1 335 5 is_stmt 1 view .LVU245
 335:Drivers/STM32F4xx_HAL_Driver/Src/stm32f4xx_ll_usb.c ****     USBx->GCCFG |= USB_OTG_GCCFG_NOVBUSSENS;
 817              		.loc 1 335 16 is_stmt 0 view .LVU246
 818 0028 D4F80438 		ldr	r3, [r4, #2052]
 819              	.LVL42:
 335:Drivers/STM32F4xx_HAL_Driver/Src/stm32f4xx_ll_usb.c ****     USBx->GCCFG |= USB_OTG_GCCFG_NOVBUSSENS;
 820              		.loc 1 335 23 view .LVU247
 821 002c 43F00203 		orr	r3, r3, #2
 822 0030 C4F80438 		str	r3, [r4, #2052]
 336:Drivers/STM32F4xx_HAL_Driver/Src/stm32f4xx_ll_usb.c ****     USBx->GCCFG &= ~USB_OTG_GCCFG_VBUSBSEN;
 823              		.loc 1 336 5 is_stmt 1 view .LVU248
 336:Drivers/STM32F4xx_HAL_Driver/Src/stm32f4xx_ll_usb.c ****     USBx->GCCFG &= ~USB_OTG_GCCFG_VBUSBSEN;
 824              		.loc 1 336 9 is_stmt 0 view .LVU249
 825 0034 A36B     		ldr	r3, [r4, #56]
 336:Drivers/STM32F4xx_HAL_Driver/Src/stm32f4xx_ll_usb.c ****     USBx->GCCFG &= ~USB_OTG_GCCFG_VBUSBSEN;
 826              		.loc 1 336 17 view .LVU250
 827 0036 43F40013 		orr	r3, r3, #2097152
 828 003a A363     		str	r3, [r4, #56]
 337:Drivers/STM32F4xx_HAL_Driver/Src/stm32f4xx_ll_usb.c ****     USBx->GCCFG &= ~USB_OTG_GCCFG_VBUSASEN;
 829              		.loc 1 337 5 is_stmt 1 view .LVU251
 337:Drivers/STM32F4xx_HAL_Driver/Src/stm32f4xx_ll_usb.c ****     USBx->GCCFG &= ~USB_OTG_GCCFG_VBUSASEN;
 830              		.loc 1 337 9 is_stmt 0 view .LVU252
 831 003c A36B     		ldr	r3, [r4, #56]
 337:Drivers/STM32F4xx_HAL_Driver/Src/stm32f4xx_ll_usb.c ****     USBx->GCCFG &= ~USB_OTG_GCCFG_VBUSASEN;
 832              		.loc 1 337 17 view .LVU253
 833 003e 23F40023 		bic	r3, r3, #524288
 834 0042 A363     		str	r3, [r4, #56]
 338:Drivers/STM32F4xx_HAL_Driver/Src/stm32f4xx_ll_usb.c ****   }
 835              		.loc 1 338 5 is_stmt 1 view .LVU254
 338:Drivers/STM32F4xx_HAL_Driver/Src/stm32f4xx_ll_usb.c ****   }
 836              		.loc 1 338 9 is_stmt 0 view .LVU255
 837 0044 A36B     		ldr	r3, [r4, #56]
 338:Drivers/STM32F4xx_HAL_Driver/Src/stm32f4xx_ll_usb.c ****   }
 838              		.loc 1 338 17 view .LVU256
 839 0046 23F48023 		bic	r3, r3, #262144
 840 004a A363     		str	r3, [r4, #56]
 841              	.L55:
 351:Drivers/STM32F4xx_HAL_Driver/Src/stm32f4xx_ll_usb.c **** 
 842              		.loc 1 351 3 is_stmt 1 view .LVU257
 351:Drivers/STM32F4xx_HAL_Driver/Src/stm32f4xx_ll_usb.c **** 
 843              		.loc 1 351 16 is_stmt 0 view .LVU258
 844 004c 0023     		movs	r3, #0
 845 004e C4F8003E 		str	r3, [r4, #3584]
 353:Drivers/STM32F4xx_HAL_Driver/Src/stm32f4xx_ll_usb.c ****   {
 846              		.loc 1 353 3 is_stmt 1 view .LVU259
 353:Drivers/STM32F4xx_HAL_Driver/Src/stm32f4xx_ll_usb.c ****   {
 847              		.loc 1 353 10 is_stmt 0 view .LVU260
 848 0052 9DF82130 		ldrb	r3, [sp, #33]	@ zero_extendqisi2
 353:Drivers/STM32F4xx_HAL_Driver/Src/stm32f4xx_ll_usb.c ****   {
 849              		.loc 1 353 6 view .LVU261
 850 0056 012B     		cmp	r3, #1
 851 0058 15D1     		bne	.L56
 355:Drivers/STM32F4xx_HAL_Driver/Src/stm32f4xx_ll_usb.c ****     {
 852              		.loc 1 355 5 is_stmt 1 view .LVU262
 355:Drivers/STM32F4xx_HAL_Driver/Src/stm32f4xx_ll_usb.c ****     {
ARM GAS  /tmp/ccoaixhI.s 			page 45


 853              		.loc 1 355 12 is_stmt 0 view .LVU263
 854 005a 9DF81F30 		ldrb	r3, [sp, #31]	@ zero_extendqisi2
 355:Drivers/STM32F4xx_HAL_Driver/Src/stm32f4xx_ll_usb.c ****     {
 855              		.loc 1 355 8 view .LVU264
 856 005e 6BB9     		cbnz	r3, .L57
 358:Drivers/STM32F4xx_HAL_Driver/Src/stm32f4xx_ll_usb.c ****     }
 857              		.loc 1 358 7 is_stmt 1 view .LVU265
 358:Drivers/STM32F4xx_HAL_Driver/Src/stm32f4xx_ll_usb.c ****     }
 858              		.loc 1 358 13 is_stmt 0 view .LVU266
 859 0060 0021     		movs	r1, #0
 860 0062 2046     		mov	r0, r4
 861 0064 FFF7FEFF 		bl	USB_SetDevSpeed
 862              	.LVL43:
 863 0068 11E0     		b	.L58
 864              	.LVL44:
 865              	.L54:
 343:Drivers/STM32F4xx_HAL_Driver/Src/stm32f4xx_ll_usb.c ****     USBx->GCCFG |= USB_OTG_GCCFG_VBUSBSEN;
 866              		.loc 1 343 5 is_stmt 1 view .LVU267
 343:Drivers/STM32F4xx_HAL_Driver/Src/stm32f4xx_ll_usb.c ****     USBx->GCCFG |= USB_OTG_GCCFG_VBUSBSEN;
 867              		.loc 1 343 9 is_stmt 0 view .LVU268
 868 006a A36B     		ldr	r3, [r4, #56]
 869              	.LVL45:
 343:Drivers/STM32F4xx_HAL_Driver/Src/stm32f4xx_ll_usb.c ****     USBx->GCCFG |= USB_OTG_GCCFG_VBUSBSEN;
 870              		.loc 1 343 17 view .LVU269
 871 006c 23F40013 		bic	r3, r3, #2097152
 872 0070 A363     		str	r3, [r4, #56]
 344:Drivers/STM32F4xx_HAL_Driver/Src/stm32f4xx_ll_usb.c ****   }
 873              		.loc 1 344 5 is_stmt 1 view .LVU270
 344:Drivers/STM32F4xx_HAL_Driver/Src/stm32f4xx_ll_usb.c ****   }
 874              		.loc 1 344 9 is_stmt 0 view .LVU271
 875 0072 A36B     		ldr	r3, [r4, #56]
 344:Drivers/STM32F4xx_HAL_Driver/Src/stm32f4xx_ll_usb.c ****   }
 876              		.loc 1 344 17 view .LVU272
 877 0074 43F40023 		orr	r3, r3, #524288
 878 0078 A363     		str	r3, [r4, #56]
 879 007a E7E7     		b	.L55
 880              	.L57:
 363:Drivers/STM32F4xx_HAL_Driver/Src/stm32f4xx_ll_usb.c ****     }
 881              		.loc 1 363 7 is_stmt 1 view .LVU273
 363:Drivers/STM32F4xx_HAL_Driver/Src/stm32f4xx_ll_usb.c ****     }
 882              		.loc 1 363 13 is_stmt 0 view .LVU274
 883 007c 0121     		movs	r1, #1
 884 007e 2046     		mov	r0, r4
 885 0080 FFF7FEFF 		bl	USB_SetDevSpeed
 886              	.LVL46:
 887 0084 03E0     		b	.L58
 888              	.L56:
 369:Drivers/STM32F4xx_HAL_Driver/Src/stm32f4xx_ll_usb.c ****   }
 889              		.loc 1 369 5 is_stmt 1 view .LVU275
 369:Drivers/STM32F4xx_HAL_Driver/Src/stm32f4xx_ll_usb.c ****   }
 890              		.loc 1 369 11 is_stmt 0 view .LVU276
 891 0086 0321     		movs	r1, #3
 892 0088 2046     		mov	r0, r4
 893 008a FFF7FEFF 		bl	USB_SetDevSpeed
 894              	.LVL47:
 895              	.L58:
 373:Drivers/STM32F4xx_HAL_Driver/Src/stm32f4xx_ll_usb.c ****   {
ARM GAS  /tmp/ccoaixhI.s 			page 46


 896              		.loc 1 373 3 is_stmt 1 view .LVU277
 373:Drivers/STM32F4xx_HAL_Driver/Src/stm32f4xx_ll_usb.c ****   {
 897              		.loc 1 373 7 is_stmt 0 view .LVU278
 898 008e 1021     		movs	r1, #16
 899 0090 2046     		mov	r0, r4
 900 0092 FFF7FEFF 		bl	USB_FlushTxFifo
 901              	.LVL48:
 373:Drivers/STM32F4xx_HAL_Driver/Src/stm32f4xx_ll_usb.c ****   {
 902              		.loc 1 373 6 view .LVU279
 903 0096 0546     		mov	r5, r0
 904 0098 00B1     		cbz	r0, .L59
 375:Drivers/STM32F4xx_HAL_Driver/Src/stm32f4xx_ll_usb.c ****   }
 905              		.loc 1 375 9 view .LVU280
 906 009a 0125     		movs	r5, #1
 907              	.L59:
 908              	.LVL49:
 378:Drivers/STM32F4xx_HAL_Driver/Src/stm32f4xx_ll_usb.c ****   {
 909              		.loc 1 378 3 is_stmt 1 view .LVU281
 378:Drivers/STM32F4xx_HAL_Driver/Src/stm32f4xx_ll_usb.c ****   {
 910              		.loc 1 378 7 is_stmt 0 view .LVU282
 911 009c 2046     		mov	r0, r4
 912 009e FFF7FEFF 		bl	USB_FlushRxFifo
 913              	.LVL50:
 378:Drivers/STM32F4xx_HAL_Driver/Src/stm32f4xx_ll_usb.c ****   {
 914              		.loc 1 378 6 view .LVU283
 915 00a2 00B1     		cbz	r0, .L60
 380:Drivers/STM32F4xx_HAL_Driver/Src/stm32f4xx_ll_usb.c ****   }
 916              		.loc 1 380 9 view .LVU284
 917 00a4 0125     		movs	r5, #1
 918              	.LVL51:
 919              	.L60:
 384:Drivers/STM32F4xx_HAL_Driver/Src/stm32f4xx_ll_usb.c ****   USBx_DEVICE->DOEPMSK = 0U;
 920              		.loc 1 384 3 is_stmt 1 view .LVU285
 921 00a6 04F5006C 		add	ip, r4, #2048
 384:Drivers/STM32F4xx_HAL_Driver/Src/stm32f4xx_ll_usb.c ****   USBx_DEVICE->DOEPMSK = 0U;
 922              		.loc 1 384 24 is_stmt 0 view .LVU286
 923 00aa 0023     		movs	r3, #0
 924 00ac CCF81030 		str	r3, [ip, #16]
 385:Drivers/STM32F4xx_HAL_Driver/Src/stm32f4xx_ll_usb.c ****   USBx_DEVICE->DAINTMSK = 0U;
 925              		.loc 1 385 3 is_stmt 1 view .LVU287
 385:Drivers/STM32F4xx_HAL_Driver/Src/stm32f4xx_ll_usb.c ****   USBx_DEVICE->DAINTMSK = 0U;
 926              		.loc 1 385 24 is_stmt 0 view .LVU288
 927 00b0 CCF81430 		str	r3, [ip, #20]
 386:Drivers/STM32F4xx_HAL_Driver/Src/stm32f4xx_ll_usb.c **** 
 928              		.loc 1 386 3 is_stmt 1 view .LVU289
 386:Drivers/STM32F4xx_HAL_Driver/Src/stm32f4xx_ll_usb.c **** 
 929              		.loc 1 386 25 is_stmt 0 view .LVU290
 930 00b4 CCF81C30 		str	r3, [ip, #28]
 388:Drivers/STM32F4xx_HAL_Driver/Src/stm32f4xx_ll_usb.c ****   {
 931              		.loc 1 388 3 is_stmt 1 view .LVU291
 932              	.LVL52:
 388:Drivers/STM32F4xx_HAL_Driver/Src/stm32f4xx_ll_usb.c ****   {
 933              		.loc 1 388 3 is_stmt 0 view .LVU292
 934 00b8 0AE0     		b	.L61
 935              	.LVL53:
 936              	.L78:
 392:Drivers/STM32F4xx_HAL_Driver/Src/stm32f4xx_ll_usb.c ****       {
ARM GAS  /tmp/ccoaixhI.s 			page 47


 937              		.loc 1 392 7 is_stmt 1 view .LVU293
 392:Drivers/STM32F4xx_HAL_Driver/Src/stm32f4xx_ll_usb.c ****       {
 938              		.loc 1 392 10 is_stmt 0 view .LVU294
 939 00ba CBB9     		cbnz	r3, .L63
 394:Drivers/STM32F4xx_HAL_Driver/Src/stm32f4xx_ll_usb.c ****       }
 940              		.loc 1 394 9 is_stmt 1 view .LVU295
 394:Drivers/STM32F4xx_HAL_Driver/Src/stm32f4xx_ll_usb.c ****       }
 941              		.loc 1 394 31 is_stmt 0 view .LVU296
 942 00bc 4FF00060 		mov	r0, #134217728
 943 00c0 C2F80009 		str	r0, [r2, #2304]
 944              	.L64:
 406:Drivers/STM32F4xx_HAL_Driver/Src/stm32f4xx_ll_usb.c ****     USBx_INEP(i)->DIEPINT  = 0xFB7FU;
 945              		.loc 1 406 5 is_stmt 1 discriminator 2 view .LVU297
 406:Drivers/STM32F4xx_HAL_Driver/Src/stm32f4xx_ll_usb.c ****     USBx_INEP(i)->DIEPINT  = 0xFB7FU;
 946              		.loc 1 406 28 is_stmt 0 discriminator 2 view .LVU298
 947 00c4 0022     		movs	r2, #0
 948 00c6 0A61     		str	r2, [r1, #16]
 407:Drivers/STM32F4xx_HAL_Driver/Src/stm32f4xx_ll_usb.c ****   }
 949              		.loc 1 407 5 is_stmt 1 discriminator 2 view .LVU299
 407:Drivers/STM32F4xx_HAL_Driver/Src/stm32f4xx_ll_usb.c ****   }
 950              		.loc 1 407 28 is_stmt 0 discriminator 2 view .LVU300
 951 00c8 4FF67F32 		movw	r2, #64383
 952 00cc 8A60     		str	r2, [r1, #8]
 388:Drivers/STM32F4xx_HAL_Driver/Src/stm32f4xx_ll_usb.c ****   {
 953              		.loc 1 388 40 is_stmt 1 discriminator 2 view .LVU301
 954 00ce 0133     		adds	r3, r3, #1
 955              	.LVL54:
 956              	.L61:
 388:Drivers/STM32F4xx_HAL_Driver/Src/stm32f4xx_ll_usb.c ****   {
 957              		.loc 1 388 18 discriminator 1 view .LVU302
 388:Drivers/STM32F4xx_HAL_Driver/Src/stm32f4xx_ll_usb.c ****   {
 958              		.loc 1 388 23 is_stmt 0 discriminator 1 view .LVU303
 959 00d0 9DF81C10 		ldrb	r1, [sp, #28]	@ zero_extendqisi2
 388:Drivers/STM32F4xx_HAL_Driver/Src/stm32f4xx_ll_usb.c ****   {
 960              		.loc 1 388 18 discriminator 1 view .LVU304
 961 00d4 9942     		cmp	r1, r3
 962 00d6 10D9     		bls	.L77
 390:Drivers/STM32F4xx_HAL_Driver/Src/stm32f4xx_ll_usb.c ****     {
 963              		.loc 1 390 5 is_stmt 1 view .LVU305
 390:Drivers/STM32F4xx_HAL_Driver/Src/stm32f4xx_ll_usb.c ****     {
 964              		.loc 1 390 10 is_stmt 0 view .LVU306
 965 00d8 04EB4312 		add	r2, r4, r3, lsl #5
 966 00dc 02F51061 		add	r1, r2, #2304
 390:Drivers/STM32F4xx_HAL_Driver/Src/stm32f4xx_ll_usb.c ****     {
 967              		.loc 1 390 22 view .LVU307
 968 00e0 D2F80009 		ldr	r0, [r2, #2304]
 390:Drivers/STM32F4xx_HAL_Driver/Src/stm32f4xx_ll_usb.c ****     {
 969              		.loc 1 390 8 view .LVU308
 970 00e4 0028     		cmp	r0, #0
 971 00e6 E8DB     		blt	.L78
 403:Drivers/STM32F4xx_HAL_Driver/Src/stm32f4xx_ll_usb.c ****     }
 972              		.loc 1 403 7 is_stmt 1 view .LVU309
 403:Drivers/STM32F4xx_HAL_Driver/Src/stm32f4xx_ll_usb.c ****     }
 973              		.loc 1 403 29 is_stmt 0 view .LVU310
 974 00e8 0020     		movs	r0, #0
 975 00ea C2F80009 		str	r0, [r2, #2304]
 976 00ee E9E7     		b	.L64
ARM GAS  /tmp/ccoaixhI.s 			page 48


 977              	.L63:
 398:Drivers/STM32F4xx_HAL_Driver/Src/stm32f4xx_ll_usb.c ****       }
 978              		.loc 1 398 9 is_stmt 1 view .LVU311
 398:Drivers/STM32F4xx_HAL_Driver/Src/stm32f4xx_ll_usb.c ****       }
 979              		.loc 1 398 31 is_stmt 0 view .LVU312
 980 00f0 4FF09040 		mov	r0, #1207959552
 981 00f4 C2F80009 		str	r0, [r2, #2304]
 982 00f8 E4E7     		b	.L64
 983              	.L77:
 410:Drivers/STM32F4xx_HAL_Driver/Src/stm32f4xx_ll_usb.c ****   {
 984              		.loc 1 410 10 view .LVU313
 985 00fa 0023     		movs	r3, #0
 986              	.LVL55:
 410:Drivers/STM32F4xx_HAL_Driver/Src/stm32f4xx_ll_usb.c ****   {
 987              		.loc 1 410 10 view .LVU314
 988 00fc 0AE0     		b	.L66
 989              	.LVL56:
 990              	.L81:
 414:Drivers/STM32F4xx_HAL_Driver/Src/stm32f4xx_ll_usb.c ****       {
 991              		.loc 1 414 7 is_stmt 1 view .LVU315
 414:Drivers/STM32F4xx_HAL_Driver/Src/stm32f4xx_ll_usb.c ****       {
 992              		.loc 1 414 10 is_stmt 0 view .LVU316
 993 00fe BBB1     		cbz	r3, .L79
 420:Drivers/STM32F4xx_HAL_Driver/Src/stm32f4xx_ll_usb.c ****       }
 994              		.loc 1 420 9 is_stmt 1 view .LVU317
 420:Drivers/STM32F4xx_HAL_Driver/Src/stm32f4xx_ll_usb.c ****       }
 995              		.loc 1 420 32 is_stmt 0 view .LVU318
 996 0100 4FF09047 		mov	r7, #1207959552
 997 0104 C2F8007B 		str	r7, [r2, #2816]
 998              	.L69:
 428:Drivers/STM32F4xx_HAL_Driver/Src/stm32f4xx_ll_usb.c ****     USBx_OUTEP(i)->DOEPINT  = 0xFB7FU;
 999              		.loc 1 428 5 is_stmt 1 discriminator 2 view .LVU319
 428:Drivers/STM32F4xx_HAL_Driver/Src/stm32f4xx_ll_usb.c ****     USBx_OUTEP(i)->DOEPINT  = 0xFB7FU;
 1000              		.loc 1 428 29 is_stmt 0 discriminator 2 view .LVU320
 1001 0108 0022     		movs	r2, #0
 1002 010a 0261     		str	r2, [r0, #16]
 429:Drivers/STM32F4xx_HAL_Driver/Src/stm32f4xx_ll_usb.c ****   }
 1003              		.loc 1 429 5 is_stmt 1 discriminator 2 view .LVU321
 429:Drivers/STM32F4xx_HAL_Driver/Src/stm32f4xx_ll_usb.c ****   }
 1004              		.loc 1 429 29 is_stmt 0 discriminator 2 view .LVU322
 1005 010c 4FF67F32 		movw	r2, #64383
 1006 0110 8260     		str	r2, [r0, #8]
 410:Drivers/STM32F4xx_HAL_Driver/Src/stm32f4xx_ll_usb.c ****   {
 1007              		.loc 1 410 40 is_stmt 1 discriminator 2 view .LVU323
 1008 0112 0133     		adds	r3, r3, #1
 1009              	.LVL57:
 1010              	.L66:
 410:Drivers/STM32F4xx_HAL_Driver/Src/stm32f4xx_ll_usb.c ****   {
 1011              		.loc 1 410 18 discriminator 1 view .LVU324
 1012 0114 9942     		cmp	r1, r3
 1013 0116 10D9     		bls	.L80
 412:Drivers/STM32F4xx_HAL_Driver/Src/stm32f4xx_ll_usb.c ****     {
 1014              		.loc 1 412 5 view .LVU325
 412:Drivers/STM32F4xx_HAL_Driver/Src/stm32f4xx_ll_usb.c ****     {
 1015              		.loc 1 412 10 is_stmt 0 view .LVU326
 1016 0118 04EB4312 		add	r2, r4, r3, lsl #5
 1017 011c 02F53060 		add	r0, r2, #2816
ARM GAS  /tmp/ccoaixhI.s 			page 49


 412:Drivers/STM32F4xx_HAL_Driver/Src/stm32f4xx_ll_usb.c ****     {
 1018              		.loc 1 412 23 view .LVU327
 1019 0120 D2F8007B 		ldr	r7, [r2, #2816]
 412:Drivers/STM32F4xx_HAL_Driver/Src/stm32f4xx_ll_usb.c ****     {
 1020              		.loc 1 412 8 view .LVU328
 1021 0124 002F     		cmp	r7, #0
 1022 0126 EADB     		blt	.L81
 425:Drivers/STM32F4xx_HAL_Driver/Src/stm32f4xx_ll_usb.c ****     }
 1023              		.loc 1 425 7 is_stmt 1 view .LVU329
 425:Drivers/STM32F4xx_HAL_Driver/Src/stm32f4xx_ll_usb.c ****     }
 1024              		.loc 1 425 30 is_stmt 0 view .LVU330
 1025 0128 0027     		movs	r7, #0
 1026 012a C2F8007B 		str	r7, [r2, #2816]
 1027 012e EBE7     		b	.L69
 1028              	.L79:
 416:Drivers/STM32F4xx_HAL_Driver/Src/stm32f4xx_ll_usb.c ****       }
 1029              		.loc 1 416 9 is_stmt 1 view .LVU331
 416:Drivers/STM32F4xx_HAL_Driver/Src/stm32f4xx_ll_usb.c ****       }
 1030              		.loc 1 416 32 is_stmt 0 view .LVU332
 1031 0130 4FF00067 		mov	r7, #134217728
 1032 0134 C2F8007B 		str	r7, [r2, #2816]
 1033 0138 E6E7     		b	.L69
 1034              	.L80:
 432:Drivers/STM32F4xx_HAL_Driver/Src/stm32f4xx_ll_usb.c **** 
 1035              		.loc 1 432 3 is_stmt 1 view .LVU333
 432:Drivers/STM32F4xx_HAL_Driver/Src/stm32f4xx_ll_usb.c **** 
 1036              		.loc 1 432 14 is_stmt 0 view .LVU334
 1037 013a DCF81030 		ldr	r3, [ip, #16]
 1038              	.LVL58:
 432:Drivers/STM32F4xx_HAL_Driver/Src/stm32f4xx_ll_usb.c **** 
 1039              		.loc 1 432 24 view .LVU335
 1040 013e 23F48073 		bic	r3, r3, #256
 1041 0142 CCF81030 		str	r3, [ip, #16]
 435:Drivers/STM32F4xx_HAL_Driver/Src/stm32f4xx_ll_usb.c **** 
 1042              		.loc 1 435 3 is_stmt 1 view .LVU336
 435:Drivers/STM32F4xx_HAL_Driver/Src/stm32f4xx_ll_usb.c **** 
 1043              		.loc 1 435 17 is_stmt 0 view .LVU337
 1044 0146 0023     		movs	r3, #0
 1045 0148 A361     		str	r3, [r4, #24]
 438:Drivers/STM32F4xx_HAL_Driver/Src/stm32f4xx_ll_usb.c **** 
 1046              		.loc 1 438 3 is_stmt 1 view .LVU338
 438:Drivers/STM32F4xx_HAL_Driver/Src/stm32f4xx_ll_usb.c **** 
 1047              		.loc 1 438 17 is_stmt 0 view .LVU339
 1048 014a 6FF08043 		mvn	r3, #1073741824
 1049 014e 6361     		str	r3, [r4, #20]
 441:Drivers/STM32F4xx_HAL_Driver/Src/stm32f4xx_ll_usb.c ****   {
 1050              		.loc 1 441 3 is_stmt 1 view .LVU340
 441:Drivers/STM32F4xx_HAL_Driver/Src/stm32f4xx_ll_usb.c ****   {
 1051              		.loc 1 441 10 is_stmt 0 view .LVU341
 1052 0150 9DF81E30 		ldrb	r3, [sp, #30]	@ zero_extendqisi2
 441:Drivers/STM32F4xx_HAL_Driver/Src/stm32f4xx_ll_usb.c ****   {
 1053              		.loc 1 441 6 view .LVU342
 1054 0154 1BB9     		cbnz	r3, .L71
 443:Drivers/STM32F4xx_HAL_Driver/Src/stm32f4xx_ll_usb.c ****   }
 1055              		.loc 1 443 5 is_stmt 1 view .LVU343
 443:Drivers/STM32F4xx_HAL_Driver/Src/stm32f4xx_ll_usb.c ****   }
 1056              		.loc 1 443 9 is_stmt 0 view .LVU344
ARM GAS  /tmp/ccoaixhI.s 			page 50


 1057 0156 A369     		ldr	r3, [r4, #24]
 443:Drivers/STM32F4xx_HAL_Driver/Src/stm32f4xx_ll_usb.c ****   }
 1058              		.loc 1 443 19 view .LVU345
 1059 0158 43F01003 		orr	r3, r3, #16
 1060 015c A361     		str	r3, [r4, #24]
 1061              	.L71:
 447:Drivers/STM32F4xx_HAL_Driver/Src/stm32f4xx_ll_usb.c ****                    USB_OTG_GINTMSK_ENUMDNEM | USB_OTG_GINTMSK_IEPINT |
 1062              		.loc 1 447 3 is_stmt 1 view .LVU346
 447:Drivers/STM32F4xx_HAL_Driver/Src/stm32f4xx_ll_usb.c ****                    USB_OTG_GINTMSK_ENUMDNEM | USB_OTG_GINTMSK_IEPINT |
 1063              		.loc 1 447 7 is_stmt 0 view .LVU347
 1064 015e A269     		ldr	r2, [r4, #24]
 447:Drivers/STM32F4xx_HAL_Driver/Src/stm32f4xx_ll_usb.c ****                    USB_OTG_GINTMSK_ENUMDNEM | USB_OTG_GINTMSK_IEPINT |
 1065              		.loc 1 447 17 view .LVU348
 1066 0160 0B4B     		ldr	r3, .L83
 1067 0162 1343     		orrs	r3, r3, r2
 1068 0164 A361     		str	r3, [r4, #24]
 452:Drivers/STM32F4xx_HAL_Driver/Src/stm32f4xx_ll_usb.c ****   {
 1069              		.loc 1 452 3 is_stmt 1 view .LVU349
 452:Drivers/STM32F4xx_HAL_Driver/Src/stm32f4xx_ll_usb.c ****   {
 1070              		.loc 1 452 10 is_stmt 0 view .LVU350
 1071 0166 9DF82230 		ldrb	r3, [sp, #34]	@ zero_extendqisi2
 452:Drivers/STM32F4xx_HAL_Driver/Src/stm32f4xx_ll_usb.c ****   {
 1072              		.loc 1 452 6 view .LVU351
 1073 016a 1BB1     		cbz	r3, .L72
 454:Drivers/STM32F4xx_HAL_Driver/Src/stm32f4xx_ll_usb.c ****   }
 1074              		.loc 1 454 5 is_stmt 1 view .LVU352
 454:Drivers/STM32F4xx_HAL_Driver/Src/stm32f4xx_ll_usb.c ****   }
 1075              		.loc 1 454 9 is_stmt 0 view .LVU353
 1076 016c A369     		ldr	r3, [r4, #24]
 454:Drivers/STM32F4xx_HAL_Driver/Src/stm32f4xx_ll_usb.c ****   }
 1077              		.loc 1 454 19 view .LVU354
 1078 016e 43F00803 		orr	r3, r3, #8
 1079 0172 A361     		str	r3, [r4, #24]
 1080              	.L72:
 457:Drivers/STM32F4xx_HAL_Driver/Src/stm32f4xx_ll_usb.c ****   {
 1081              		.loc 1 457 3 is_stmt 1 view .LVU355
 457:Drivers/STM32F4xx_HAL_Driver/Src/stm32f4xx_ll_usb.c ****   {
 1082              		.loc 1 457 6 is_stmt 0 view .LVU356
 1083 0174 012E     		cmp	r6, #1
 1084 0176 04D0     		beq	.L82
 1085              	.L73:
 462:Drivers/STM32F4xx_HAL_Driver/Src/stm32f4xx_ll_usb.c **** }
 1086              		.loc 1 462 3 is_stmt 1 view .LVU357
 463:Drivers/STM32F4xx_HAL_Driver/Src/stm32f4xx_ll_usb.c **** 
 1087              		.loc 1 463 1 is_stmt 0 view .LVU358
 1088 0178 2846     		mov	r0, r5
 1089 017a BDE8F840 		pop	{r3, r4, r5, r6, r7, lr}
 1090              	.LCFI16:
 1091              		.cfi_remember_state
 1092              		.cfi_restore 14
 1093              		.cfi_restore 7
 1094              		.cfi_restore 6
 1095              		.cfi_restore 5
 1096              		.cfi_restore 4
 1097              		.cfi_restore 3
 1098              		.cfi_def_cfa_offset 16
 1099              	.LVL59:
ARM GAS  /tmp/ccoaixhI.s 			page 51


 463:Drivers/STM32F4xx_HAL_Driver/Src/stm32f4xx_ll_usb.c **** 
 1100              		.loc 1 463 1 view .LVU359
 1101 017e 04B0     		add	sp, sp, #16
 1102              	.LCFI17:
 1103              		.cfi_def_cfa_offset 0
 1104 0180 7047     		bx	lr
 1105              	.LVL60:
 1106              	.L82:
 1107              	.LCFI18:
 1108              		.cfi_restore_state
 459:Drivers/STM32F4xx_HAL_Driver/Src/stm32f4xx_ll_usb.c ****   }
 1109              		.loc 1 459 5 is_stmt 1 view .LVU360
 459:Drivers/STM32F4xx_HAL_Driver/Src/stm32f4xx_ll_usb.c ****   }
 1110              		.loc 1 459 9 is_stmt 0 view .LVU361
 1111 0182 A369     		ldr	r3, [r4, #24]
 459:Drivers/STM32F4xx_HAL_Driver/Src/stm32f4xx_ll_usb.c ****   }
 1112              		.loc 1 459 19 view .LVU362
 1113 0184 43F08043 		orr	r3, r3, #1073741824
 1114 0188 43F00403 		orr	r3, r3, #4
 1115 018c A361     		str	r3, [r4, #24]
 1116 018e F3E7     		b	.L73
 1117              	.L84:
 1118              		.align	2
 1119              	.L83:
 1120 0190 00383C80 		.word	-2143537152
 1121              		.cfi_endproc
 1122              	.LFE225:
 1124              		.section	.text.USB_GetDevSpeed,"ax",%progbits
 1125              		.align	1
 1126              		.global	USB_GetDevSpeed
 1127              		.syntax unified
 1128              		.thumb
 1129              		.thumb_func
 1131              	USB_GetDevSpeed:
 1132              	.LVL61:
 1133              	.LFB229:
 570:Drivers/STM32F4xx_HAL_Driver/Src/stm32f4xx_ll_usb.c ****   uint32_t USBx_BASE = (uint32_t)USBx;
 1134              		.loc 1 570 1 is_stmt 1 view -0
 1135              		.cfi_startproc
 1136              		@ args = 0, pretend = 0, frame = 0
 1137              		@ frame_needed = 0, uses_anonymous_args = 0
 1138              		@ link register save eliminated.
 571:Drivers/STM32F4xx_HAL_Driver/Src/stm32f4xx_ll_usb.c ****   uint8_t speed;
 1139              		.loc 1 571 3 view .LVU364
 572:Drivers/STM32F4xx_HAL_Driver/Src/stm32f4xx_ll_usb.c ****   uint32_t DevEnumSpeed = USBx_DEVICE->DSTS & USB_OTG_DSTS_ENUMSPD;
 1140              		.loc 1 572 3 view .LVU365
 573:Drivers/STM32F4xx_HAL_Driver/Src/stm32f4xx_ll_usb.c **** 
 1141              		.loc 1 573 3 view .LVU366
 573:Drivers/STM32F4xx_HAL_Driver/Src/stm32f4xx_ll_usb.c **** 
 1142              		.loc 1 573 38 is_stmt 0 view .LVU367
 1143 0000 D0F80838 		ldr	r3, [r0, #2056]
 1144              	.LVL62:
 575:Drivers/STM32F4xx_HAL_Driver/Src/stm32f4xx_ll_usb.c ****   {
 1145              		.loc 1 575 3 is_stmt 1 view .LVU368
 575:Drivers/STM32F4xx_HAL_Driver/Src/stm32f4xx_ll_usb.c ****   {
 1146              		.loc 1 575 6 is_stmt 0 view .LVU369
 1147 0004 13F00603 		ands	r3, r3, #6
ARM GAS  /tmp/ccoaixhI.s 			page 52


 1148              	.LVL63:
 575:Drivers/STM32F4xx_HAL_Driver/Src/stm32f4xx_ll_usb.c ****   {
 1149              		.loc 1 575 6 view .LVU370
 1150 0008 07D0     		beq	.L87
 579:Drivers/STM32F4xx_HAL_Driver/Src/stm32f4xx_ll_usb.c ****            (DevEnumSpeed == DSTS_ENUMSPD_FS_PHY_48MHZ))
 1151              		.loc 1 579 8 is_stmt 1 view .LVU371
 579:Drivers/STM32F4xx_HAL_Driver/Src/stm32f4xx_ll_usb.c ****            (DevEnumSpeed == DSTS_ENUMSPD_FS_PHY_48MHZ))
 1152              		.loc 1 579 11 is_stmt 0 view .LVU372
 1153 000a 022B     		cmp	r3, #2
 1154 000c 07D0     		beq	.L88
 579:Drivers/STM32F4xx_HAL_Driver/Src/stm32f4xx_ll_usb.c ****            (DevEnumSpeed == DSTS_ENUMSPD_FS_PHY_48MHZ))
 1155              		.loc 1 579 65 discriminator 1 view .LVU373
 1156 000e 062B     		cmp	r3, #6
 1157 0010 01D0     		beq	.L90
 586:Drivers/STM32F4xx_HAL_Driver/Src/stm32f4xx_ll_usb.c ****   }
 1158              		.loc 1 586 11 view .LVU374
 1159 0012 0F20     		movs	r0, #15
 1160              	.LVL64:
 589:Drivers/STM32F4xx_HAL_Driver/Src/stm32f4xx_ll_usb.c **** }
 1161              		.loc 1 589 3 is_stmt 1 view .LVU375
 590:Drivers/STM32F4xx_HAL_Driver/Src/stm32f4xx_ll_usb.c **** 
 1162              		.loc 1 590 1 is_stmt 0 view .LVU376
 1163 0014 7047     		bx	lr
 1164              	.LVL65:
 1165              	.L90:
 582:Drivers/STM32F4xx_HAL_Driver/Src/stm32f4xx_ll_usb.c ****   }
 1166              		.loc 1 582 11 view .LVU377
 1167 0016 0220     		movs	r0, #2
 1168              	.LVL66:
 582:Drivers/STM32F4xx_HAL_Driver/Src/stm32f4xx_ll_usb.c ****   }
 1169              		.loc 1 582 11 view .LVU378
 1170 0018 7047     		bx	lr
 1171              	.LVL67:
 1172              	.L87:
 577:Drivers/STM32F4xx_HAL_Driver/Src/stm32f4xx_ll_usb.c ****   }
 1173              		.loc 1 577 11 view .LVU379
 1174 001a 0020     		movs	r0, #0
 1175              	.LVL68:
 577:Drivers/STM32F4xx_HAL_Driver/Src/stm32f4xx_ll_usb.c ****   }
 1176              		.loc 1 577 11 view .LVU380
 1177 001c 7047     		bx	lr
 1178              	.LVL69:
 1179              	.L88:
 582:Drivers/STM32F4xx_HAL_Driver/Src/stm32f4xx_ll_usb.c ****   }
 1180              		.loc 1 582 11 view .LVU381
 1181 001e 0220     		movs	r0, #2
 1182              	.LVL70:
 582:Drivers/STM32F4xx_HAL_Driver/Src/stm32f4xx_ll_usb.c ****   }
 1183              		.loc 1 582 11 view .LVU382
 1184 0020 7047     		bx	lr
 1185              		.cfi_endproc
 1186              	.LFE229:
 1188              		.section	.text.USB_ActivateEndpoint,"ax",%progbits
 1189              		.align	1
 1190              		.global	USB_ActivateEndpoint
 1191              		.syntax unified
 1192              		.thumb
ARM GAS  /tmp/ccoaixhI.s 			page 53


 1193              		.thumb_func
 1195              	USB_ActivateEndpoint:
 1196              	.LVL71:
 1197              	.LFB230:
 599:Drivers/STM32F4xx_HAL_Driver/Src/stm32f4xx_ll_usb.c ****   uint32_t USBx_BASE = (uint32_t)USBx;
 1198              		.loc 1 599 1 is_stmt 1 view -0
 1199              		.cfi_startproc
 1200              		@ args = 0, pretend = 0, frame = 0
 1201              		@ frame_needed = 0, uses_anonymous_args = 0
 599:Drivers/STM32F4xx_HAL_Driver/Src/stm32f4xx_ll_usb.c ****   uint32_t USBx_BASE = (uint32_t)USBx;
 1202              		.loc 1 599 1 is_stmt 0 view .LVU384
 1203 0000 10B5     		push	{r4, lr}
 1204              	.LCFI19:
 1205              		.cfi_def_cfa_offset 8
 1206              		.cfi_offset 4, -8
 1207              		.cfi_offset 14, -4
 600:Drivers/STM32F4xx_HAL_Driver/Src/stm32f4xx_ll_usb.c ****   uint32_t epnum = (uint32_t)ep->num;
 1208              		.loc 1 600 3 is_stmt 1 view .LVU385
 1209              	.LVL72:
 601:Drivers/STM32F4xx_HAL_Driver/Src/stm32f4xx_ll_usb.c **** 
 1210              		.loc 1 601 3 view .LVU386
 601:Drivers/STM32F4xx_HAL_Driver/Src/stm32f4xx_ll_usb.c **** 
 1211              		.loc 1 601 32 is_stmt 0 view .LVU387
 1212 0002 91F800C0 		ldrb	ip, [r1]	@ zero_extendqisi2
 1213              	.LVL73:
 603:Drivers/STM32F4xx_HAL_Driver/Src/stm32f4xx_ll_usb.c ****   {
 1214              		.loc 1 603 3 is_stmt 1 view .LVU388
 603:Drivers/STM32F4xx_HAL_Driver/Src/stm32f4xx_ll_usb.c ****   {
 1215              		.loc 1 603 9 is_stmt 0 view .LVU389
 1216 0006 4B78     		ldrb	r3, [r1, #1]	@ zero_extendqisi2
 603:Drivers/STM32F4xx_HAL_Driver/Src/stm32f4xx_ll_usb.c ****   {
 1217              		.loc 1 603 6 view .LVU390
 1218 0008 012B     		cmp	r3, #1
 1219 000a 23D0     		beq	.L95
 617:Drivers/STM32F4xx_HAL_Driver/Src/stm32f4xx_ll_usb.c **** 
 1220              		.loc 1 617 5 is_stmt 1 view .LVU391
 617:Drivers/STM32F4xx_HAL_Driver/Src/stm32f4xx_ll_usb.c **** 
 1221              		.loc 1 617 16 is_stmt 0 view .LVU392
 1222 000c 00F5006E 		add	lr, r0, #2048
 1223 0010 D0F81C38 		ldr	r3, [r0, #2076]
 617:Drivers/STM32F4xx_HAL_Driver/Src/stm32f4xx_ll_usb.c **** 
 1224              		.loc 1 617 82 view .LVU393
 1225 0014 0CF00F04 		and	r4, ip, #15
 617:Drivers/STM32F4xx_HAL_Driver/Src/stm32f4xx_ll_usb.c **** 
 1226              		.loc 1 617 55 view .LVU394
 1227 0018 0122     		movs	r2, #1
 1228 001a A240     		lsls	r2, r2, r4
 617:Drivers/STM32F4xx_HAL_Driver/Src/stm32f4xx_ll_usb.c **** 
 1229              		.loc 1 617 27 view .LVU395
 1230 001c 43EA0243 		orr	r3, r3, r2, lsl #16
 1231 0020 C0F81C38 		str	r3, [r0, #2076]
 619:Drivers/STM32F4xx_HAL_Driver/Src/stm32f4xx_ll_usb.c ****     {
 1232              		.loc 1 619 5 is_stmt 1 view .LVU396
 619:Drivers/STM32F4xx_HAL_Driver/Src/stm32f4xx_ll_usb.c ****     {
 1233              		.loc 1 619 11 is_stmt 0 view .LVU397
 1234 0024 00EB4C10 		add	r0, r0, ip, lsl #5
 1235              	.LVL74:
ARM GAS  /tmp/ccoaixhI.s 			page 54


 619:Drivers/STM32F4xx_HAL_Driver/Src/stm32f4xx_ll_usb.c ****     {
 1236              		.loc 1 619 28 view .LVU398
 1237 0028 D0F8003B 		ldr	r3, [r0, #2816]
 619:Drivers/STM32F4xx_HAL_Driver/Src/stm32f4xx_ll_usb.c ****     {
 1238              		.loc 1 619 8 view .LVU399
 1239 002c 13F4004F 		tst	r3, #32768
 1240 0030 0ED1     		bne	.L93
 621:Drivers/STM32F4xx_HAL_Driver/Src/stm32f4xx_ll_usb.c ****                                     ((uint32_t)ep->type << 18) |
 1241              		.loc 1 621 7 is_stmt 1 view .LVU400
 621:Drivers/STM32F4xx_HAL_Driver/Src/stm32f4xx_ll_usb.c ****                                     ((uint32_t)ep->type << 18) |
 1242              		.loc 1 621 24 is_stmt 0 view .LVU401
 1243 0032 D0F8003B 		ldr	r3, [r0, #2816]
 621:Drivers/STM32F4xx_HAL_Driver/Src/stm32f4xx_ll_usb.c ****                                     ((uint32_t)ep->type << 18) |
 1244              		.loc 1 621 40 view .LVU402
 1245 0036 8A68     		ldr	r2, [r1, #8]
 621:Drivers/STM32F4xx_HAL_Driver/Src/stm32f4xx_ll_usb.c ****                                     ((uint32_t)ep->type << 18) |
 1246              		.loc 1 621 52 view .LVU403
 1247 0038 C2F30A02 		ubfx	r2, r2, #0, #11
 622:Drivers/STM32F4xx_HAL_Driver/Src/stm32f4xx_ll_usb.c ****                                     USB_OTG_DIEPCTL_SD0PID_SEVNFRM |
 1248              		.loc 1 622 50 view .LVU404
 1249 003c 0979     		ldrb	r1, [r1, #4]	@ zero_extendqisi2
 1250              	.LVL75:
 621:Drivers/STM32F4xx_HAL_Driver/Src/stm32f4xx_ll_usb.c ****                                     ((uint32_t)ep->type << 18) |
 1251              		.loc 1 621 77 view .LVU405
 1252 003e 42EA8142 		orr	r2, r2, r1, lsl #18
 621:Drivers/STM32F4xx_HAL_Driver/Src/stm32f4xx_ll_usb.c ****                                     ((uint32_t)ep->type << 18) |
 1253              		.loc 1 621 34 view .LVU406
 1254 0042 1343     		orrs	r3, r3, r2
 1255 0044 43F08053 		orr	r3, r3, #268435456
 1256 0048 43F40043 		orr	r3, r3, #32768
 1257 004c C0F8003B 		str	r3, [r0, #2816]
 1258              	.LVL76:
 1259              	.L93:
 627:Drivers/STM32F4xx_HAL_Driver/Src/stm32f4xx_ll_usb.c **** }
 1260              		.loc 1 627 3 is_stmt 1 view .LVU407
 628:Drivers/STM32F4xx_HAL_Driver/Src/stm32f4xx_ll_usb.c **** 
 1261              		.loc 1 628 1 is_stmt 0 view .LVU408
 1262 0050 0020     		movs	r0, #0
 1263 0052 10BD     		pop	{r4, pc}
 1264              	.LVL77:
 1265              	.L95:
 605:Drivers/STM32F4xx_HAL_Driver/Src/stm32f4xx_ll_usb.c **** 
 1266              		.loc 1 605 5 is_stmt 1 view .LVU409
 605:Drivers/STM32F4xx_HAL_Driver/Src/stm32f4xx_ll_usb.c **** 
 1267              		.loc 1 605 16 is_stmt 0 view .LVU410
 1268 0054 D0F81C28 		ldr	r2, [r0, #2076]
 605:Drivers/STM32F4xx_HAL_Driver/Src/stm32f4xx_ll_usb.c **** 
 1269              		.loc 1 605 81 view .LVU411
 1270 0058 0CF00F0E 		and	lr, ip, #15
 605:Drivers/STM32F4xx_HAL_Driver/Src/stm32f4xx_ll_usb.c **** 
 1271              		.loc 1 605 54 view .LVU412
 1272 005c 03FA0EF3 		lsl	r3, r3, lr
 605:Drivers/STM32F4xx_HAL_Driver/Src/stm32f4xx_ll_usb.c **** 
 1273              		.loc 1 605 52 view .LVU413
 1274 0060 9BB2     		uxth	r3, r3
 605:Drivers/STM32F4xx_HAL_Driver/Src/stm32f4xx_ll_usb.c **** 
 1275              		.loc 1 605 27 view .LVU414
ARM GAS  /tmp/ccoaixhI.s 			page 55


 1276 0062 1343     		orrs	r3, r3, r2
 1277 0064 C0F81C38 		str	r3, [r0, #2076]
 607:Drivers/STM32F4xx_HAL_Driver/Src/stm32f4xx_ll_usb.c ****     {
 1278              		.loc 1 607 5 is_stmt 1 view .LVU415
 607:Drivers/STM32F4xx_HAL_Driver/Src/stm32f4xx_ll_usb.c ****     {
 1279              		.loc 1 607 10 is_stmt 0 view .LVU416
 1280 0068 00EB4C10 		add	r0, r0, ip, lsl #5
 1281              	.LVL78:
 607:Drivers/STM32F4xx_HAL_Driver/Src/stm32f4xx_ll_usb.c ****     {
 1282              		.loc 1 607 26 view .LVU417
 1283 006c D0F80039 		ldr	r3, [r0, #2304]
 607:Drivers/STM32F4xx_HAL_Driver/Src/stm32f4xx_ll_usb.c ****     {
 1284              		.loc 1 607 8 view .LVU418
 1285 0070 13F4004F 		tst	r3, #32768
 1286 0074 ECD1     		bne	.L93
 609:Drivers/STM32F4xx_HAL_Driver/Src/stm32f4xx_ll_usb.c ****                                    ((uint32_t)ep->type << 18) | (epnum << 22) |
 1287              		.loc 1 609 7 is_stmt 1 view .LVU419
 609:Drivers/STM32F4xx_HAL_Driver/Src/stm32f4xx_ll_usb.c ****                                    ((uint32_t)ep->type << 18) | (epnum << 22) |
 1288              		.loc 1 609 23 is_stmt 0 view .LVU420
 1289 0076 D0F80039 		ldr	r3, [r0, #2304]
 609:Drivers/STM32F4xx_HAL_Driver/Src/stm32f4xx_ll_usb.c ****                                    ((uint32_t)ep->type << 18) | (epnum << 22) |
 1290              		.loc 1 609 39 view .LVU421
 1291 007a 8A68     		ldr	r2, [r1, #8]
 609:Drivers/STM32F4xx_HAL_Driver/Src/stm32f4xx_ll_usb.c ****                                    ((uint32_t)ep->type << 18) | (epnum << 22) |
 1292              		.loc 1 609 51 view .LVU422
 1293 007c C2F30A02 		ubfx	r2, r2, #0, #11
 610:Drivers/STM32F4xx_HAL_Driver/Src/stm32f4xx_ll_usb.c ****                                    USB_OTG_DIEPCTL_SD0PID_SEVNFRM |
 1294              		.loc 1 610 49 view .LVU423
 1295 0080 0979     		ldrb	r1, [r1, #4]	@ zero_extendqisi2
 1296              	.LVL79:
 609:Drivers/STM32F4xx_HAL_Driver/Src/stm32f4xx_ll_usb.c ****                                    ((uint32_t)ep->type << 18) | (epnum << 22) |
 1297              		.loc 1 609 76 view .LVU424
 1298 0082 42EA8142 		orr	r2, r2, r1, lsl #18
 610:Drivers/STM32F4xx_HAL_Driver/Src/stm32f4xx_ll_usb.c ****                                    USB_OTG_DIEPCTL_SD0PID_SEVNFRM |
 1299              		.loc 1 610 63 view .LVU425
 1300 0086 42EA8C52 		orr	r2, r2, ip, lsl #22
 609:Drivers/STM32F4xx_HAL_Driver/Src/stm32f4xx_ll_usb.c ****                                    ((uint32_t)ep->type << 18) | (epnum << 22) |
 1301              		.loc 1 609 33 view .LVU426
 1302 008a 1343     		orrs	r3, r3, r2
 1303 008c 43F08053 		orr	r3, r3, #268435456
 1304 0090 43F40043 		orr	r3, r3, #32768
 1305 0094 C0F80039 		str	r3, [r0, #2304]
 1306 0098 DAE7     		b	.L93
 1307              		.cfi_endproc
 1308              	.LFE230:
 1310              		.section	.text.USB_ActivateDedicatedEndpoint,"ax",%progbits
 1311              		.align	1
 1312              		.global	USB_ActivateDedicatedEndpoint
 1313              		.syntax unified
 1314              		.thumb
 1315              		.thumb_func
 1317              	USB_ActivateDedicatedEndpoint:
 1318              	.LVL80:
 1319              	.LFB231:
 637:Drivers/STM32F4xx_HAL_Driver/Src/stm32f4xx_ll_usb.c ****   uint32_t USBx_BASE = (uint32_t)USBx;
 1320              		.loc 1 637 1 is_stmt 1 view -0
 1321              		.cfi_startproc
ARM GAS  /tmp/ccoaixhI.s 			page 56


 1322              		@ args = 0, pretend = 0, frame = 0
 1323              		@ frame_needed = 0, uses_anonymous_args = 0
 637:Drivers/STM32F4xx_HAL_Driver/Src/stm32f4xx_ll_usb.c ****   uint32_t USBx_BASE = (uint32_t)USBx;
 1324              		.loc 1 637 1 is_stmt 0 view .LVU428
 1325 0000 10B5     		push	{r4, lr}
 1326              	.LCFI20:
 1327              		.cfi_def_cfa_offset 8
 1328              		.cfi_offset 4, -8
 1329              		.cfi_offset 14, -4
 638:Drivers/STM32F4xx_HAL_Driver/Src/stm32f4xx_ll_usb.c ****   uint32_t epnum = (uint32_t)ep->num;
 1330              		.loc 1 638 3 is_stmt 1 view .LVU429
 1331              	.LVL81:
 639:Drivers/STM32F4xx_HAL_Driver/Src/stm32f4xx_ll_usb.c **** 
 1332              		.loc 1 639 3 view .LVU430
 639:Drivers/STM32F4xx_HAL_Driver/Src/stm32f4xx_ll_usb.c **** 
 1333              		.loc 1 639 32 is_stmt 0 view .LVU431
 1334 0002 0A78     		ldrb	r2, [r1]	@ zero_extendqisi2
 1335              	.LVL82:
 642:Drivers/STM32F4xx_HAL_Driver/Src/stm32f4xx_ll_usb.c ****   {
 1336              		.loc 1 642 3 is_stmt 1 view .LVU432
 642:Drivers/STM32F4xx_HAL_Driver/Src/stm32f4xx_ll_usb.c ****   {
 1337              		.loc 1 642 9 is_stmt 0 view .LVU433
 1338 0004 4B78     		ldrb	r3, [r1, #1]	@ zero_extendqisi2
 642:Drivers/STM32F4xx_HAL_Driver/Src/stm32f4xx_ll_usb.c ****   {
 1339              		.loc 1 642 6 view .LVU434
 1340 0006 012B     		cmp	r3, #1
 1341 0008 23D0     		beq	.L102
 656:Drivers/STM32F4xx_HAL_Driver/Src/stm32f4xx_ll_usb.c ****     {
 1342              		.loc 1 656 5 is_stmt 1 view .LVU435
 656:Drivers/STM32F4xx_HAL_Driver/Src/stm32f4xx_ll_usb.c ****     {
 1343              		.loc 1 656 11 is_stmt 0 view .LVU436
 1344 000a 00EB421C 		add	ip, r0, r2, lsl #5
 656:Drivers/STM32F4xx_HAL_Driver/Src/stm32f4xx_ll_usb.c ****     {
 1345              		.loc 1 656 28 view .LVU437
 1346 000e DCF8003B 		ldr	r3, [ip, #2816]
 656:Drivers/STM32F4xx_HAL_Driver/Src/stm32f4xx_ll_usb.c ****     {
 1347              		.loc 1 656 8 view .LVU438
 1348 0012 13F4004F 		tst	r3, #32768
 1349 0016 0FD1     		bne	.L100
 658:Drivers/STM32F4xx_HAL_Driver/Src/stm32f4xx_ll_usb.c ****                                     ((uint32_t)ep->type << 18) | (epnum << 22) |
 1350              		.loc 1 658 7 is_stmt 1 view .LVU439
 658:Drivers/STM32F4xx_HAL_Driver/Src/stm32f4xx_ll_usb.c ****                                     ((uint32_t)ep->type << 18) | (epnum << 22) |
 1351              		.loc 1 658 24 is_stmt 0 view .LVU440
 1352 0018 DCF8004B 		ldr	r4, [ip, #2816]
 658:Drivers/STM32F4xx_HAL_Driver/Src/stm32f4xx_ll_usb.c ****                                     ((uint32_t)ep->type << 18) | (epnum << 22) |
 1353              		.loc 1 658 40 view .LVU441
 1354 001c 8B68     		ldr	r3, [r1, #8]
 658:Drivers/STM32F4xx_HAL_Driver/Src/stm32f4xx_ll_usb.c ****                                     ((uint32_t)ep->type << 18) | (epnum << 22) |
 1355              		.loc 1 658 52 view .LVU442
 1356 001e C3F30A03 		ubfx	r3, r3, #0, #11
 659:Drivers/STM32F4xx_HAL_Driver/Src/stm32f4xx_ll_usb.c ****                                     USB_OTG_DOEPCTL_USBAEP;
 1357              		.loc 1 659 50 view .LVU443
 1358 0022 91F804E0 		ldrb	lr, [r1, #4]	@ zero_extendqisi2
 658:Drivers/STM32F4xx_HAL_Driver/Src/stm32f4xx_ll_usb.c ****                                     ((uint32_t)ep->type << 18) | (epnum << 22) |
 1359              		.loc 1 658 77 view .LVU444
 1360 0026 43EA8E43 		orr	r3, r3, lr, lsl #18
 659:Drivers/STM32F4xx_HAL_Driver/Src/stm32f4xx_ll_usb.c ****                                     USB_OTG_DOEPCTL_USBAEP;
ARM GAS  /tmp/ccoaixhI.s 			page 57


 1361              		.loc 1 659 64 view .LVU445
 1362 002a 43EA8253 		orr	r3, r3, r2, lsl #22
 658:Drivers/STM32F4xx_HAL_Driver/Src/stm32f4xx_ll_usb.c ****                                     ((uint32_t)ep->type << 18) | (epnum << 22) |
 1363              		.loc 1 658 34 view .LVU446
 1364 002e 2343     		orrs	r3, r3, r4
 1365 0030 43F40043 		orr	r3, r3, #32768
 1366 0034 CCF8003B 		str	r3, [ip, #2816]
 1367              	.L100:
 663:Drivers/STM32F4xx_HAL_Driver/Src/stm32f4xx_ll_usb.c ****   }
 1368              		.loc 1 663 5 is_stmt 1 view .LVU447
 663:Drivers/STM32F4xx_HAL_Driver/Src/stm32f4xx_ll_usb.c ****   }
 1369              		.loc 1 663 16 is_stmt 0 view .LVU448
 1370 0038 D0F83C38 		ldr	r3, [r0, #2108]
 663:Drivers/STM32F4xx_HAL_Driver/Src/stm32f4xx_ll_usb.c ****   }
 1371              		.loc 1 663 76 view .LVU449
 1372 003c 0978     		ldrb	r1, [r1]	@ zero_extendqisi2
 1373              	.LVL83:
 663:Drivers/STM32F4xx_HAL_Driver/Src/stm32f4xx_ll_usb.c ****   }
 1374              		.loc 1 663 82 view .LVU450
 1375 003e 01F00F01 		and	r1, r1, #15
 663:Drivers/STM32F4xx_HAL_Driver/Src/stm32f4xx_ll_usb.c ****   }
 1376              		.loc 1 663 55 view .LVU451
 1377 0042 0122     		movs	r2, #1
 1378              	.LVL84:
 663:Drivers/STM32F4xx_HAL_Driver/Src/stm32f4xx_ll_usb.c ****   }
 1379              		.loc 1 663 55 view .LVU452
 1380 0044 8A40     		lsls	r2, r2, r1
 663:Drivers/STM32F4xx_HAL_Driver/Src/stm32f4xx_ll_usb.c ****   }
 1381              		.loc 1 663 27 view .LVU453
 1382 0046 43EA0243 		orr	r3, r3, r2, lsl #16
 1383 004a C0F83C38 		str	r3, [r0, #2108]
 1384              	.L99:
 666:Drivers/STM32F4xx_HAL_Driver/Src/stm32f4xx_ll_usb.c **** }
 1385              		.loc 1 666 3 is_stmt 1 view .LVU454
 667:Drivers/STM32F4xx_HAL_Driver/Src/stm32f4xx_ll_usb.c **** 
 1386              		.loc 1 667 1 is_stmt 0 view .LVU455
 1387 004e 0020     		movs	r0, #0
 1388              	.LVL85:
 667:Drivers/STM32F4xx_HAL_Driver/Src/stm32f4xx_ll_usb.c **** 
 1389              		.loc 1 667 1 view .LVU456
 1390 0050 10BD     		pop	{r4, pc}
 1391              	.LVL86:
 1392              	.L102:
 644:Drivers/STM32F4xx_HAL_Driver/Src/stm32f4xx_ll_usb.c ****     {
 1393              		.loc 1 644 5 is_stmt 1 view .LVU457
 644:Drivers/STM32F4xx_HAL_Driver/Src/stm32f4xx_ll_usb.c ****     {
 1394              		.loc 1 644 11 is_stmt 0 view .LVU458
 1395 0052 00EB421C 		add	ip, r0, r2, lsl #5
 644:Drivers/STM32F4xx_HAL_Driver/Src/stm32f4xx_ll_usb.c ****     {
 1396              		.loc 1 644 27 view .LVU459
 1397 0056 DCF80039 		ldr	r3, [ip, #2304]
 644:Drivers/STM32F4xx_HAL_Driver/Src/stm32f4xx_ll_usb.c ****     {
 1398              		.loc 1 644 8 view .LVU460
 1399 005a 13F4004F 		tst	r3, #32768
 1400 005e 11D1     		bne	.L98
 646:Drivers/STM32F4xx_HAL_Driver/Src/stm32f4xx_ll_usb.c ****                                    ((uint32_t)ep->type << 18) | (epnum << 22) |
 1401              		.loc 1 646 7 is_stmt 1 view .LVU461
ARM GAS  /tmp/ccoaixhI.s 			page 58


 646:Drivers/STM32F4xx_HAL_Driver/Src/stm32f4xx_ll_usb.c ****                                    ((uint32_t)ep->type << 18) | (epnum << 22) |
 1402              		.loc 1 646 23 is_stmt 0 view .LVU462
 1403 0060 DCF80039 		ldr	r3, [ip, #2304]
 646:Drivers/STM32F4xx_HAL_Driver/Src/stm32f4xx_ll_usb.c ****                                    ((uint32_t)ep->type << 18) | (epnum << 22) |
 1404              		.loc 1 646 39 view .LVU463
 1405 0064 8C68     		ldr	r4, [r1, #8]
 646:Drivers/STM32F4xx_HAL_Driver/Src/stm32f4xx_ll_usb.c ****                                    ((uint32_t)ep->type << 18) | (epnum << 22) |
 1406              		.loc 1 646 51 view .LVU464
 1407 0066 C4F30A04 		ubfx	r4, r4, #0, #11
 647:Drivers/STM32F4xx_HAL_Driver/Src/stm32f4xx_ll_usb.c ****                                    USB_OTG_DIEPCTL_SD0PID_SEVNFRM |
 1408              		.loc 1 647 49 view .LVU465
 1409 006a 91F804E0 		ldrb	lr, [r1, #4]	@ zero_extendqisi2
 646:Drivers/STM32F4xx_HAL_Driver/Src/stm32f4xx_ll_usb.c ****                                    ((uint32_t)ep->type << 18) | (epnum << 22) |
 1410              		.loc 1 646 76 view .LVU466
 1411 006e 44EA8E44 		orr	r4, r4, lr, lsl #18
 647:Drivers/STM32F4xx_HAL_Driver/Src/stm32f4xx_ll_usb.c ****                                    USB_OTG_DIEPCTL_SD0PID_SEVNFRM |
 1412              		.loc 1 647 63 view .LVU467
 1413 0072 44EA8254 		orr	r4, r4, r2, lsl #22
 646:Drivers/STM32F4xx_HAL_Driver/Src/stm32f4xx_ll_usb.c ****                                    ((uint32_t)ep->type << 18) | (epnum << 22) |
 1414              		.loc 1 646 33 view .LVU468
 1415 0076 2343     		orrs	r3, r3, r4
 1416 0078 43F08053 		orr	r3, r3, #268435456
 1417 007c 43F40043 		orr	r3, r3, #32768
 1418 0080 CCF80039 		str	r3, [ip, #2304]
 1419              	.L98:
 652:Drivers/STM32F4xx_HAL_Driver/Src/stm32f4xx_ll_usb.c ****   }
 1420              		.loc 1 652 5 is_stmt 1 view .LVU469
 652:Drivers/STM32F4xx_HAL_Driver/Src/stm32f4xx_ll_usb.c ****   }
 1421              		.loc 1 652 16 is_stmt 0 view .LVU470
 1422 0084 D0F83C28 		ldr	r2, [r0, #2108]
 1423              	.LVL87:
 652:Drivers/STM32F4xx_HAL_Driver/Src/stm32f4xx_ll_usb.c ****   }
 1424              		.loc 1 652 75 view .LVU471
 1425 0088 0978     		ldrb	r1, [r1]	@ zero_extendqisi2
 1426              	.LVL88:
 652:Drivers/STM32F4xx_HAL_Driver/Src/stm32f4xx_ll_usb.c ****   }
 1427              		.loc 1 652 81 view .LVU472
 1428 008a 01F00F01 		and	r1, r1, #15
 652:Drivers/STM32F4xx_HAL_Driver/Src/stm32f4xx_ll_usb.c ****   }
 1429              		.loc 1 652 54 view .LVU473
 1430 008e 0123     		movs	r3, #1
 1431 0090 8B40     		lsls	r3, r3, r1
 652:Drivers/STM32F4xx_HAL_Driver/Src/stm32f4xx_ll_usb.c ****   }
 1432              		.loc 1 652 52 view .LVU474
 1433 0092 9BB2     		uxth	r3, r3
 652:Drivers/STM32F4xx_HAL_Driver/Src/stm32f4xx_ll_usb.c ****   }
 1434              		.loc 1 652 27 view .LVU475
 1435 0094 1343     		orrs	r3, r3, r2
 1436 0096 C0F83C38 		str	r3, [r0, #2108]
 1437 009a D8E7     		b	.L99
 1438              		.cfi_endproc
 1439              	.LFE231:
 1441              		.section	.text.USB_DeactivateEndpoint,"ax",%progbits
 1442              		.align	1
 1443              		.global	USB_DeactivateEndpoint
 1444              		.syntax unified
 1445              		.thumb
ARM GAS  /tmp/ccoaixhI.s 			page 59


 1446              		.thumb_func
 1448              	USB_DeactivateEndpoint:
 1449              	.LVL89:
 1450              	.LFB232:
 676:Drivers/STM32F4xx_HAL_Driver/Src/stm32f4xx_ll_usb.c ****   uint32_t USBx_BASE = (uint32_t)USBx;
 1451              		.loc 1 676 1 is_stmt 1 view -0
 1452              		.cfi_startproc
 1453              		@ args = 0, pretend = 0, frame = 0
 1454              		@ frame_needed = 0, uses_anonymous_args = 0
 1455              		@ link register save eliminated.
 676:Drivers/STM32F4xx_HAL_Driver/Src/stm32f4xx_ll_usb.c ****   uint32_t USBx_BASE = (uint32_t)USBx;
 1456              		.loc 1 676 1 is_stmt 0 view .LVU477
 1457 0000 30B4     		push	{r4, r5}
 1458              	.LCFI21:
 1459              		.cfi_def_cfa_offset 8
 1460              		.cfi_offset 4, -8
 1461              		.cfi_offset 5, -4
 677:Drivers/STM32F4xx_HAL_Driver/Src/stm32f4xx_ll_usb.c ****   uint32_t epnum = (uint32_t)ep->num;
 1462              		.loc 1 677 3 is_stmt 1 view .LVU478
 1463              	.LVL90:
 678:Drivers/STM32F4xx_HAL_Driver/Src/stm32f4xx_ll_usb.c **** 
 1464              		.loc 1 678 3 view .LVU479
 678:Drivers/STM32F4xx_HAL_Driver/Src/stm32f4xx_ll_usb.c **** 
 1465              		.loc 1 678 32 is_stmt 0 view .LVU480
 1466 0002 0B78     		ldrb	r3, [r1]	@ zero_extendqisi2
 1467              	.LVL91:
 681:Drivers/STM32F4xx_HAL_Driver/Src/stm32f4xx_ll_usb.c ****   {
 1468              		.loc 1 681 3 is_stmt 1 view .LVU481
 681:Drivers/STM32F4xx_HAL_Driver/Src/stm32f4xx_ll_usb.c ****   {
 1469              		.loc 1 681 9 is_stmt 0 view .LVU482
 1470 0004 4A78     		ldrb	r2, [r1, #1]	@ zero_extendqisi2
 681:Drivers/STM32F4xx_HAL_Driver/Src/stm32f4xx_ll_usb.c ****   {
 1471              		.loc 1 681 6 view .LVU483
 1472 0006 012A     		cmp	r2, #1
 1473 0008 26D0     		beq	.L109
 699:Drivers/STM32F4xx_HAL_Driver/Src/stm32f4xx_ll_usb.c ****     {
 1474              		.loc 1 699 5 is_stmt 1 view .LVU484
 699:Drivers/STM32F4xx_HAL_Driver/Src/stm32f4xx_ll_usb.c ****     {
 1475              		.loc 1 699 10 is_stmt 0 view .LVU485
 1476 000a 00EB4313 		add	r3, r0, r3, lsl #5
 1477              	.LVL92:
 699:Drivers/STM32F4xx_HAL_Driver/Src/stm32f4xx_ll_usb.c ****     {
 1478              		.loc 1 699 27 view .LVU486
 1479 000e D3F8002B 		ldr	r2, [r3, #2816]
 699:Drivers/STM32F4xx_HAL_Driver/Src/stm32f4xx_ll_usb.c ****     {
 1480              		.loc 1 699 8 view .LVU487
 1481 0012 002A     		cmp	r2, #0
 1482 0014 52DB     		blt	.L110
 1483              	.LVL93:
 1484              	.L107:
 705:Drivers/STM32F4xx_HAL_Driver/Src/stm32f4xx_ll_usb.c ****     USBx_DEVICE->DAINTMSK &= ~(USB_OTG_DAINTMSK_OEPM & ((uint32_t)(1UL << (ep->num & EP_ADDR_MSK)) 
 1485              		.loc 1 705 5 is_stmt 1 view .LVU488
 705:Drivers/STM32F4xx_HAL_Driver/Src/stm32f4xx_ll_usb.c ****     USBx_DEVICE->DAINTMSK &= ~(USB_OTG_DAINTMSK_OEPM & ((uint32_t)(1UL << (ep->num & EP_ADDR_MSK)) 
 1486              		.loc 1 705 16 is_stmt 0 view .LVU489
 1487 0016 D0F83C48 		ldr	r4, [r0, #2108]
 705:Drivers/STM32F4xx_HAL_Driver/Src/stm32f4xx_ll_usb.c ****     USBx_DEVICE->DAINTMSK &= ~(USB_OTG_DAINTMSK_OEPM & ((uint32_t)(1UL << (ep->num & EP_ADDR_MSK)) 
 1488              		.loc 1 705 78 view .LVU490
ARM GAS  /tmp/ccoaixhI.s 			page 60


 1489 001a 0A78     		ldrb	r2, [r1]	@ zero_extendqisi2
 705:Drivers/STM32F4xx_HAL_Driver/Src/stm32f4xx_ll_usb.c ****     USBx_DEVICE->DAINTMSK &= ~(USB_OTG_DAINTMSK_OEPM & ((uint32_t)(1UL << (ep->num & EP_ADDR_MSK)) 
 1490              		.loc 1 705 84 view .LVU491
 1491 001c 02F00F02 		and	r2, r2, #15
 705:Drivers/STM32F4xx_HAL_Driver/Src/stm32f4xx_ll_usb.c ****     USBx_DEVICE->DAINTMSK &= ~(USB_OTG_DAINTMSK_OEPM & ((uint32_t)(1UL << (ep->num & EP_ADDR_MSK)) 
 1492              		.loc 1 705 57 view .LVU492
 1493 0020 4FF0010C 		mov	ip, #1
 1494 0024 0CFA02F2 		lsl	r2, ip, r2
 705:Drivers/STM32F4xx_HAL_Driver/Src/stm32f4xx_ll_usb.c ****     USBx_DEVICE->DAINTMSK &= ~(USB_OTG_DAINTMSK_OEPM & ((uint32_t)(1UL << (ep->num & EP_ADDR_MSK)) 
 1495              		.loc 1 705 27 view .LVU493
 1496 0028 24EA0242 		bic	r2, r4, r2, lsl #16
 1497 002c C0F83C28 		str	r2, [r0, #2108]
 706:Drivers/STM32F4xx_HAL_Driver/Src/stm32f4xx_ll_usb.c ****     USBx_OUTEP(epnum)->DOEPCTL &= ~(USB_OTG_DOEPCTL_USBAEP |
 1498              		.loc 1 706 5 is_stmt 1 view .LVU494
 706:Drivers/STM32F4xx_HAL_Driver/Src/stm32f4xx_ll_usb.c ****     USBx_OUTEP(epnum)->DOEPCTL &= ~(USB_OTG_DOEPCTL_USBAEP |
 1499              		.loc 1 706 16 is_stmt 0 view .LVU495
 1500 0030 D0F81C28 		ldr	r2, [r0, #2076]
 706:Drivers/STM32F4xx_HAL_Driver/Src/stm32f4xx_ll_usb.c ****     USBx_OUTEP(epnum)->DOEPCTL &= ~(USB_OTG_DOEPCTL_USBAEP |
 1501              		.loc 1 706 78 view .LVU496
 1502 0034 0978     		ldrb	r1, [r1]	@ zero_extendqisi2
 1503              	.LVL94:
 706:Drivers/STM32F4xx_HAL_Driver/Src/stm32f4xx_ll_usb.c ****     USBx_OUTEP(epnum)->DOEPCTL &= ~(USB_OTG_DOEPCTL_USBAEP |
 1504              		.loc 1 706 84 view .LVU497
 1505 0036 01F00F01 		and	r1, r1, #15
 706:Drivers/STM32F4xx_HAL_Driver/Src/stm32f4xx_ll_usb.c ****     USBx_OUTEP(epnum)->DOEPCTL &= ~(USB_OTG_DOEPCTL_USBAEP |
 1506              		.loc 1 706 57 view .LVU498
 1507 003a 0CFA01FC 		lsl	ip, ip, r1
 706:Drivers/STM32F4xx_HAL_Driver/Src/stm32f4xx_ll_usb.c ****     USBx_OUTEP(epnum)->DOEPCTL &= ~(USB_OTG_DOEPCTL_USBAEP |
 1508              		.loc 1 706 27 view .LVU499
 1509 003e 22EA0C42 		bic	r2, r2, ip, lsl #16
 1510 0042 C0F81C28 		str	r2, [r0, #2076]
 707:Drivers/STM32F4xx_HAL_Driver/Src/stm32f4xx_ll_usb.c ****                                     USB_OTG_DOEPCTL_MPSIZ |
 1511              		.loc 1 707 5 is_stmt 1 view .LVU500
 707:Drivers/STM32F4xx_HAL_Driver/Src/stm32f4xx_ll_usb.c ****                                     USB_OTG_DOEPCTL_MPSIZ |
 1512              		.loc 1 707 22 is_stmt 0 view .LVU501
 1513 0046 D3F8001B 		ldr	r1, [r3, #2816]
 707:Drivers/STM32F4xx_HAL_Driver/Src/stm32f4xx_ll_usb.c ****                                     USB_OTG_DOEPCTL_MPSIZ |
 1514              		.loc 1 707 32 view .LVU502
 1515 004a 234A     		ldr	r2, .L112
 1516 004c 0A40     		ands	r2, r2, r1
 1517 004e C3F8002B 		str	r2, [r3, #2816]
 1518              	.L106:
 713:Drivers/STM32F4xx_HAL_Driver/Src/stm32f4xx_ll_usb.c **** }
 1519              		.loc 1 713 3 is_stmt 1 view .LVU503
 714:Drivers/STM32F4xx_HAL_Driver/Src/stm32f4xx_ll_usb.c **** 
 1520              		.loc 1 714 1 is_stmt 0 view .LVU504
 1521 0052 0020     		movs	r0, #0
 1522              	.LVL95:
 714:Drivers/STM32F4xx_HAL_Driver/Src/stm32f4xx_ll_usb.c **** 
 1523              		.loc 1 714 1 view .LVU505
 1524 0054 30BC     		pop	{r4, r5}
 1525              	.LCFI22:
 1526              		.cfi_remember_state
 1527              		.cfi_restore 5
 1528              		.cfi_restore 4
 1529              		.cfi_def_cfa_offset 0
 1530 0056 7047     		bx	lr
ARM GAS  /tmp/ccoaixhI.s 			page 61


 1531              	.LVL96:
 1532              	.L109:
 1533              	.LCFI23:
 1534              		.cfi_restore_state
 683:Drivers/STM32F4xx_HAL_Driver/Src/stm32f4xx_ll_usb.c ****     {
 1535              		.loc 1 683 5 is_stmt 1 view .LVU506
 683:Drivers/STM32F4xx_HAL_Driver/Src/stm32f4xx_ll_usb.c ****     {
 1536              		.loc 1 683 10 is_stmt 0 view .LVU507
 1537 0058 00EB4313 		add	r3, r0, r3, lsl #5
 1538              	.LVL97:
 683:Drivers/STM32F4xx_HAL_Driver/Src/stm32f4xx_ll_usb.c ****     {
 1539              		.loc 1 683 26 view .LVU508
 1540 005c D3F80029 		ldr	r2, [r3, #2304]
 683:Drivers/STM32F4xx_HAL_Driver/Src/stm32f4xx_ll_usb.c ****     {
 1541              		.loc 1 683 8 view .LVU509
 1542 0060 002A     		cmp	r2, #0
 1543 0062 1EDB     		blt	.L111
 1544              	.LVL98:
 1545              	.L105:
 689:Drivers/STM32F4xx_HAL_Driver/Src/stm32f4xx_ll_usb.c ****     USBx_DEVICE->DAINTMSK &= ~(USB_OTG_DAINTMSK_IEPM & (uint32_t)(1UL << (ep->num & EP_ADDR_MSK)));
 1546              		.loc 1 689 5 is_stmt 1 view .LVU510
 689:Drivers/STM32F4xx_HAL_Driver/Src/stm32f4xx_ll_usb.c ****     USBx_DEVICE->DAINTMSK &= ~(USB_OTG_DAINTMSK_IEPM & (uint32_t)(1UL << (ep->num & EP_ADDR_MSK)));
 1547              		.loc 1 689 16 is_stmt 0 view .LVU511
 1548 0064 D0F83C58 		ldr	r5, [r0, #2108]
 689:Drivers/STM32F4xx_HAL_Driver/Src/stm32f4xx_ll_usb.c ****     USBx_DEVICE->DAINTMSK &= ~(USB_OTG_DAINTMSK_IEPM & (uint32_t)(1UL << (ep->num & EP_ADDR_MSK)));
 1549              		.loc 1 689 77 view .LVU512
 1550 0068 0A78     		ldrb	r2, [r1]	@ zero_extendqisi2
 689:Drivers/STM32F4xx_HAL_Driver/Src/stm32f4xx_ll_usb.c ****     USBx_DEVICE->DAINTMSK &= ~(USB_OTG_DAINTMSK_IEPM & (uint32_t)(1UL << (ep->num & EP_ADDR_MSK)));
 1551              		.loc 1 689 83 view .LVU513
 1552 006a 02F00F02 		and	r2, r2, #15
 689:Drivers/STM32F4xx_HAL_Driver/Src/stm32f4xx_ll_usb.c ****     USBx_DEVICE->DAINTMSK &= ~(USB_OTG_DAINTMSK_IEPM & (uint32_t)(1UL << (ep->num & EP_ADDR_MSK)));
 1553              		.loc 1 689 56 view .LVU514
 1554 006e 0124     		movs	r4, #1
 1555 0070 04FA02F2 		lsl	r2, r4, r2
 689:Drivers/STM32F4xx_HAL_Driver/Src/stm32f4xx_ll_usb.c ****     USBx_DEVICE->DAINTMSK &= ~(USB_OTG_DAINTMSK_IEPM & (uint32_t)(1UL << (ep->num & EP_ADDR_MSK)));
 1556              		.loc 1 689 54 view .LVU515
 1557 0074 92B2     		uxth	r2, r2
 689:Drivers/STM32F4xx_HAL_Driver/Src/stm32f4xx_ll_usb.c ****     USBx_DEVICE->DAINTMSK &= ~(USB_OTG_DAINTMSK_IEPM & (uint32_t)(1UL << (ep->num & EP_ADDR_MSK)));
 1558              		.loc 1 689 27 view .LVU516
 1559 0076 25EA0202 		bic	r2, r5, r2
 1560 007a C0F83C28 		str	r2, [r0, #2108]
 690:Drivers/STM32F4xx_HAL_Driver/Src/stm32f4xx_ll_usb.c ****     USBx_INEP(epnum)->DIEPCTL &= ~(USB_OTG_DIEPCTL_USBAEP |
 1561              		.loc 1 690 5 is_stmt 1 view .LVU517
 690:Drivers/STM32F4xx_HAL_Driver/Src/stm32f4xx_ll_usb.c ****     USBx_INEP(epnum)->DIEPCTL &= ~(USB_OTG_DIEPCTL_USBAEP |
 1562              		.loc 1 690 16 is_stmt 0 view .LVU518
 1563 007e D0F81C28 		ldr	r2, [r0, #2076]
 690:Drivers/STM32F4xx_HAL_Driver/Src/stm32f4xx_ll_usb.c ****     USBx_INEP(epnum)->DIEPCTL &= ~(USB_OTG_DIEPCTL_USBAEP |
 1564              		.loc 1 690 77 view .LVU519
 1565 0082 0978     		ldrb	r1, [r1]	@ zero_extendqisi2
 1566              	.LVL99:
 690:Drivers/STM32F4xx_HAL_Driver/Src/stm32f4xx_ll_usb.c ****     USBx_INEP(epnum)->DIEPCTL &= ~(USB_OTG_DIEPCTL_USBAEP |
 1567              		.loc 1 690 83 view .LVU520
 1568 0084 01F00F01 		and	r1, r1, #15
 690:Drivers/STM32F4xx_HAL_Driver/Src/stm32f4xx_ll_usb.c ****     USBx_INEP(epnum)->DIEPCTL &= ~(USB_OTG_DIEPCTL_USBAEP |
 1569              		.loc 1 690 56 view .LVU521
 1570 0088 8C40     		lsls	r4, r4, r1
 690:Drivers/STM32F4xx_HAL_Driver/Src/stm32f4xx_ll_usb.c ****     USBx_INEP(epnum)->DIEPCTL &= ~(USB_OTG_DIEPCTL_USBAEP |
ARM GAS  /tmp/ccoaixhI.s 			page 62


 1571              		.loc 1 690 54 view .LVU522
 1572 008a A4B2     		uxth	r4, r4
 690:Drivers/STM32F4xx_HAL_Driver/Src/stm32f4xx_ll_usb.c ****     USBx_INEP(epnum)->DIEPCTL &= ~(USB_OTG_DIEPCTL_USBAEP |
 1573              		.loc 1 690 27 view .LVU523
 1574 008c 22EA0402 		bic	r2, r2, r4
 1575 0090 C0F81C28 		str	r2, [r0, #2076]
 691:Drivers/STM32F4xx_HAL_Driver/Src/stm32f4xx_ll_usb.c ****                                    USB_OTG_DIEPCTL_MPSIZ |
 1576              		.loc 1 691 5 is_stmt 1 view .LVU524
 691:Drivers/STM32F4xx_HAL_Driver/Src/stm32f4xx_ll_usb.c ****                                    USB_OTG_DIEPCTL_MPSIZ |
 1577              		.loc 1 691 21 is_stmt 0 view .LVU525
 1578 0094 D3F80019 		ldr	r1, [r3, #2304]
 691:Drivers/STM32F4xx_HAL_Driver/Src/stm32f4xx_ll_usb.c ****                                    USB_OTG_DIEPCTL_MPSIZ |
 1579              		.loc 1 691 31 view .LVU526
 1580 0098 104A     		ldr	r2, .L112+4
 1581 009a 0A40     		ands	r2, r2, r1
 1582 009c C3F80029 		str	r2, [r3, #2304]
 1583 00a0 D7E7     		b	.L106
 1584              	.LVL100:
 1585              	.L111:
 685:Drivers/STM32F4xx_HAL_Driver/Src/stm32f4xx_ll_usb.c ****       USBx_INEP(epnum)->DIEPCTL |= USB_OTG_DIEPCTL_EPDIS;
 1586              		.loc 1 685 7 is_stmt 1 view .LVU527
 685:Drivers/STM32F4xx_HAL_Driver/Src/stm32f4xx_ll_usb.c ****       USBx_INEP(epnum)->DIEPCTL |= USB_OTG_DIEPCTL_EPDIS;
 1587              		.loc 1 685 23 is_stmt 0 view .LVU528
 1588 00a2 D3F80029 		ldr	r2, [r3, #2304]
 685:Drivers/STM32F4xx_HAL_Driver/Src/stm32f4xx_ll_usb.c ****       USBx_INEP(epnum)->DIEPCTL |= USB_OTG_DIEPCTL_EPDIS;
 1589              		.loc 1 685 33 view .LVU529
 1590 00a6 42F00062 		orr	r2, r2, #134217728
 1591 00aa C3F80029 		str	r2, [r3, #2304]
 1592              	.LVL101:
 686:Drivers/STM32F4xx_HAL_Driver/Src/stm32f4xx_ll_usb.c ****     }
 1593              		.loc 1 686 7 is_stmt 1 view .LVU530
 686:Drivers/STM32F4xx_HAL_Driver/Src/stm32f4xx_ll_usb.c ****     }
 1594              		.loc 1 686 23 is_stmt 0 view .LVU531
 1595 00ae D3F80029 		ldr	r2, [r3, #2304]
 686:Drivers/STM32F4xx_HAL_Driver/Src/stm32f4xx_ll_usb.c ****     }
 1596              		.loc 1 686 33 view .LVU532
 1597 00b2 42F08042 		orr	r2, r2, #1073741824
 1598 00b6 C3F80029 		str	r2, [r3, #2304]
 1599 00ba D3E7     		b	.L105
 1600              	.LVL102:
 1601              	.L110:
 701:Drivers/STM32F4xx_HAL_Driver/Src/stm32f4xx_ll_usb.c ****       USBx_OUTEP(epnum)->DOEPCTL |= USB_OTG_DOEPCTL_EPDIS;
 1602              		.loc 1 701 7 is_stmt 1 view .LVU533
 701:Drivers/STM32F4xx_HAL_Driver/Src/stm32f4xx_ll_usb.c ****       USBx_OUTEP(epnum)->DOEPCTL |= USB_OTG_DOEPCTL_EPDIS;
 1603              		.loc 1 701 24 is_stmt 0 view .LVU534
 1604 00bc D3F8002B 		ldr	r2, [r3, #2816]
 701:Drivers/STM32F4xx_HAL_Driver/Src/stm32f4xx_ll_usb.c ****       USBx_OUTEP(epnum)->DOEPCTL |= USB_OTG_DOEPCTL_EPDIS;
 1605              		.loc 1 701 34 view .LVU535
 1606 00c0 42F00062 		orr	r2, r2, #134217728
 1607 00c4 C3F8002B 		str	r2, [r3, #2816]
 1608              	.LVL103:
 702:Drivers/STM32F4xx_HAL_Driver/Src/stm32f4xx_ll_usb.c ****     }
 1609              		.loc 1 702 7 is_stmt 1 view .LVU536
 702:Drivers/STM32F4xx_HAL_Driver/Src/stm32f4xx_ll_usb.c ****     }
 1610              		.loc 1 702 24 is_stmt 0 view .LVU537
 1611 00c8 D3F8002B 		ldr	r2, [r3, #2816]
 702:Drivers/STM32F4xx_HAL_Driver/Src/stm32f4xx_ll_usb.c ****     }
ARM GAS  /tmp/ccoaixhI.s 			page 63


 1612              		.loc 1 702 34 view .LVU538
 1613 00cc 42F08042 		orr	r2, r2, #1073741824
 1614 00d0 C3F8002B 		str	r2, [r3, #2816]
 1615 00d4 9FE7     		b	.L107
 1616              	.L113:
 1617 00d6 00BF     		.align	2
 1618              	.L112:
 1619 00d8 0078F3EF 		.word	-269256704
 1620 00dc 007833EC 		.word	-332171264
 1621              		.cfi_endproc
 1622              	.LFE232:
 1624              		.section	.text.USB_DeactivateDedicatedEndpoint,"ax",%progbits
 1625              		.align	1
 1626              		.global	USB_DeactivateDedicatedEndpoint
 1627              		.syntax unified
 1628              		.thumb
 1629              		.thumb_func
 1631              	USB_DeactivateDedicatedEndpoint:
 1632              	.LVL104:
 1633              	.LFB233:
 723:Drivers/STM32F4xx_HAL_Driver/Src/stm32f4xx_ll_usb.c ****   uint32_t USBx_BASE = (uint32_t)USBx;
 1634              		.loc 1 723 1 is_stmt 1 view -0
 1635              		.cfi_startproc
 1636              		@ args = 0, pretend = 0, frame = 0
 1637              		@ frame_needed = 0, uses_anonymous_args = 0
 1638              		@ link register save eliminated.
 724:Drivers/STM32F4xx_HAL_Driver/Src/stm32f4xx_ll_usb.c ****   uint32_t epnum = (uint32_t)ep->num;
 1639              		.loc 1 724 3 view .LVU540
 725:Drivers/STM32F4xx_HAL_Driver/Src/stm32f4xx_ll_usb.c **** 
 1640              		.loc 1 725 3 view .LVU541
 725:Drivers/STM32F4xx_HAL_Driver/Src/stm32f4xx_ll_usb.c **** 
 1641              		.loc 1 725 32 is_stmt 0 view .LVU542
 1642 0000 0B78     		ldrb	r3, [r1]	@ zero_extendqisi2
 1643              	.LVL105:
 728:Drivers/STM32F4xx_HAL_Driver/Src/stm32f4xx_ll_usb.c ****   {
 1644              		.loc 1 728 3 is_stmt 1 view .LVU543
 728:Drivers/STM32F4xx_HAL_Driver/Src/stm32f4xx_ll_usb.c ****   {
 1645              		.loc 1 728 9 is_stmt 0 view .LVU544
 1646 0002 4A78     		ldrb	r2, [r1, #1]	@ zero_extendqisi2
 728:Drivers/STM32F4xx_HAL_Driver/Src/stm32f4xx_ll_usb.c ****   {
 1647              		.loc 1 728 6 view .LVU545
 1648 0004 012A     		cmp	r2, #1
 1649 0006 18D0     		beq	.L119
 741:Drivers/STM32F4xx_HAL_Driver/Src/stm32f4xx_ll_usb.c ****     {
 1650              		.loc 1 741 5 is_stmt 1 view .LVU546
 741:Drivers/STM32F4xx_HAL_Driver/Src/stm32f4xx_ll_usb.c ****     {
 1651              		.loc 1 741 10 is_stmt 0 view .LVU547
 1652 0008 00EB4313 		add	r3, r0, r3, lsl #5
 1653              	.LVL106:
 741:Drivers/STM32F4xx_HAL_Driver/Src/stm32f4xx_ll_usb.c ****     {
 1654              		.loc 1 741 27 view .LVU548
 1655 000c D3F8002B 		ldr	r2, [r3, #2816]
 741:Drivers/STM32F4xx_HAL_Driver/Src/stm32f4xx_ll_usb.c ****     {
 1656              		.loc 1 741 8 view .LVU549
 1657 0010 002A     		cmp	r2, #0
 1658 0012 38DB     		blt	.L120
 1659              	.LVL107:
ARM GAS  /tmp/ccoaixhI.s 			page 64


 1660              	.L118:
 747:Drivers/STM32F4xx_HAL_Driver/Src/stm32f4xx_ll_usb.c ****     USBx_DEVICE->DAINTMSK &= ~(USB_OTG_DAINTMSK_OEPM & ((uint32_t)(1UL << (ep->num & EP_ADDR_MSK)) 
 1661              		.loc 1 747 5 is_stmt 1 view .LVU550
 747:Drivers/STM32F4xx_HAL_Driver/Src/stm32f4xx_ll_usb.c ****     USBx_DEVICE->DAINTMSK &= ~(USB_OTG_DAINTMSK_OEPM & ((uint32_t)(1UL << (ep->num & EP_ADDR_MSK)) 
 1662              		.loc 1 747 22 is_stmt 0 view .LVU551
 1663 0014 D3F8002B 		ldr	r2, [r3, #2816]
 747:Drivers/STM32F4xx_HAL_Driver/Src/stm32f4xx_ll_usb.c ****     USBx_DEVICE->DAINTMSK &= ~(USB_OTG_DAINTMSK_OEPM & ((uint32_t)(1UL << (ep->num & EP_ADDR_MSK)) 
 1664              		.loc 1 747 32 view .LVU552
 1665 0018 22F40042 		bic	r2, r2, #32768
 1666 001c C3F8002B 		str	r2, [r3, #2816]
 748:Drivers/STM32F4xx_HAL_Driver/Src/stm32f4xx_ll_usb.c ****   }
 1667              		.loc 1 748 5 is_stmt 1 view .LVU553
 748:Drivers/STM32F4xx_HAL_Driver/Src/stm32f4xx_ll_usb.c ****   }
 1668              		.loc 1 748 16 is_stmt 0 view .LVU554
 1669 0020 D0F81C38 		ldr	r3, [r0, #2076]
 748:Drivers/STM32F4xx_HAL_Driver/Src/stm32f4xx_ll_usb.c ****   }
 1670              		.loc 1 748 78 view .LVU555
 1671 0024 0978     		ldrb	r1, [r1]	@ zero_extendqisi2
 1672              	.LVL108:
 748:Drivers/STM32F4xx_HAL_Driver/Src/stm32f4xx_ll_usb.c ****   }
 1673              		.loc 1 748 84 view .LVU556
 1674 0026 01F00F01 		and	r1, r1, #15
 748:Drivers/STM32F4xx_HAL_Driver/Src/stm32f4xx_ll_usb.c ****   }
 1675              		.loc 1 748 57 view .LVU557
 1676 002a 0122     		movs	r2, #1
 1677 002c 8A40     		lsls	r2, r2, r1
 748:Drivers/STM32F4xx_HAL_Driver/Src/stm32f4xx_ll_usb.c ****   }
 1678              		.loc 1 748 27 view .LVU558
 1679 002e 23EA0243 		bic	r3, r3, r2, lsl #16
 1680 0032 C0F81C38 		str	r3, [r0, #2076]
 1681              	.L117:
 751:Drivers/STM32F4xx_HAL_Driver/Src/stm32f4xx_ll_usb.c **** }
 1682              		.loc 1 751 3 is_stmt 1 view .LVU559
 752:Drivers/STM32F4xx_HAL_Driver/Src/stm32f4xx_ll_usb.c **** 
 1683              		.loc 1 752 1 is_stmt 0 view .LVU560
 1684 0036 0020     		movs	r0, #0
 1685              	.LVL109:
 752:Drivers/STM32F4xx_HAL_Driver/Src/stm32f4xx_ll_usb.c **** 
 1686              		.loc 1 752 1 view .LVU561
 1687 0038 7047     		bx	lr
 1688              	.LVL110:
 1689              	.L119:
 730:Drivers/STM32F4xx_HAL_Driver/Src/stm32f4xx_ll_usb.c ****     {
 1690              		.loc 1 730 5 is_stmt 1 view .LVU562
 730:Drivers/STM32F4xx_HAL_Driver/Src/stm32f4xx_ll_usb.c ****     {
 1691              		.loc 1 730 10 is_stmt 0 view .LVU563
 1692 003a 00EB4313 		add	r3, r0, r3, lsl #5
 1693              	.LVL111:
 730:Drivers/STM32F4xx_HAL_Driver/Src/stm32f4xx_ll_usb.c ****     {
 1694              		.loc 1 730 26 view .LVU564
 1695 003e D3F80029 		ldr	r2, [r3, #2304]
 730:Drivers/STM32F4xx_HAL_Driver/Src/stm32f4xx_ll_usb.c ****     {
 1696              		.loc 1 730 8 view .LVU565
 1697 0042 002A     		cmp	r2, #0
 1698 0044 12DB     		blt	.L121
 1699              	.LVL112:
 1700              	.L116:
ARM GAS  /tmp/ccoaixhI.s 			page 65


 736:Drivers/STM32F4xx_HAL_Driver/Src/stm32f4xx_ll_usb.c ****     USBx_DEVICE->DAINTMSK &= ~(USB_OTG_DAINTMSK_IEPM & (uint32_t)(1UL << (ep->num & EP_ADDR_MSK)));
 1701              		.loc 1 736 5 is_stmt 1 view .LVU566
 736:Drivers/STM32F4xx_HAL_Driver/Src/stm32f4xx_ll_usb.c ****     USBx_DEVICE->DAINTMSK &= ~(USB_OTG_DAINTMSK_IEPM & (uint32_t)(1UL << (ep->num & EP_ADDR_MSK)));
 1702              		.loc 1 736 21 is_stmt 0 view .LVU567
 1703 0046 D3F80029 		ldr	r2, [r3, #2304]
 736:Drivers/STM32F4xx_HAL_Driver/Src/stm32f4xx_ll_usb.c ****     USBx_DEVICE->DAINTMSK &= ~(USB_OTG_DAINTMSK_IEPM & (uint32_t)(1UL << (ep->num & EP_ADDR_MSK)));
 1704              		.loc 1 736 31 view .LVU568
 1705 004a 22F40042 		bic	r2, r2, #32768
 1706 004e C3F80029 		str	r2, [r3, #2304]
 737:Drivers/STM32F4xx_HAL_Driver/Src/stm32f4xx_ll_usb.c ****   }
 1707              		.loc 1 737 5 is_stmt 1 view .LVU569
 737:Drivers/STM32F4xx_HAL_Driver/Src/stm32f4xx_ll_usb.c ****   }
 1708              		.loc 1 737 16 is_stmt 0 view .LVU570
 1709 0052 D0F81C28 		ldr	r2, [r0, #2076]
 737:Drivers/STM32F4xx_HAL_Driver/Src/stm32f4xx_ll_usb.c ****   }
 1710              		.loc 1 737 77 view .LVU571
 1711 0056 0978     		ldrb	r1, [r1]	@ zero_extendqisi2
 1712              	.LVL113:
 737:Drivers/STM32F4xx_HAL_Driver/Src/stm32f4xx_ll_usb.c ****   }
 1713              		.loc 1 737 83 view .LVU572
 1714 0058 01F00F01 		and	r1, r1, #15
 737:Drivers/STM32F4xx_HAL_Driver/Src/stm32f4xx_ll_usb.c ****   }
 1715              		.loc 1 737 56 view .LVU573
 1716 005c 0123     		movs	r3, #1
 1717 005e 8B40     		lsls	r3, r3, r1
 737:Drivers/STM32F4xx_HAL_Driver/Src/stm32f4xx_ll_usb.c ****   }
 1718              		.loc 1 737 54 view .LVU574
 1719 0060 9BB2     		uxth	r3, r3
 737:Drivers/STM32F4xx_HAL_Driver/Src/stm32f4xx_ll_usb.c ****   }
 1720              		.loc 1 737 27 view .LVU575
 1721 0062 22EA0303 		bic	r3, r2, r3
 1722 0066 C0F81C38 		str	r3, [r0, #2076]
 1723 006a E4E7     		b	.L117
 1724              	.LVL114:
 1725              	.L121:
 732:Drivers/STM32F4xx_HAL_Driver/Src/stm32f4xx_ll_usb.c ****       USBx_INEP(epnum)->DIEPCTL  |= USB_OTG_DIEPCTL_EPDIS;
 1726              		.loc 1 732 7 is_stmt 1 view .LVU576
 732:Drivers/STM32F4xx_HAL_Driver/Src/stm32f4xx_ll_usb.c ****       USBx_INEP(epnum)->DIEPCTL  |= USB_OTG_DIEPCTL_EPDIS;
 1727              		.loc 1 732 23 is_stmt 0 view .LVU577
 1728 006c D3F80029 		ldr	r2, [r3, #2304]
 732:Drivers/STM32F4xx_HAL_Driver/Src/stm32f4xx_ll_usb.c ****       USBx_INEP(epnum)->DIEPCTL  |= USB_OTG_DIEPCTL_EPDIS;
 1729              		.loc 1 732 34 view .LVU578
 1730 0070 42F00062 		orr	r2, r2, #134217728
 1731 0074 C3F80029 		str	r2, [r3, #2304]
 1732              	.LVL115:
 733:Drivers/STM32F4xx_HAL_Driver/Src/stm32f4xx_ll_usb.c ****     }
 1733              		.loc 1 733 7 is_stmt 1 view .LVU579
 733:Drivers/STM32F4xx_HAL_Driver/Src/stm32f4xx_ll_usb.c ****     }
 1734              		.loc 1 733 23 is_stmt 0 view .LVU580
 1735 0078 D3F80029 		ldr	r2, [r3, #2304]
 733:Drivers/STM32F4xx_HAL_Driver/Src/stm32f4xx_ll_usb.c ****     }
 1736              		.loc 1 733 34 view .LVU581
 1737 007c 42F08042 		orr	r2, r2, #1073741824
 1738 0080 C3F80029 		str	r2, [r3, #2304]
 1739 0084 DFE7     		b	.L116
 1740              	.LVL116:
 1741              	.L120:
ARM GAS  /tmp/ccoaixhI.s 			page 66


 743:Drivers/STM32F4xx_HAL_Driver/Src/stm32f4xx_ll_usb.c ****       USBx_OUTEP(epnum)->DOEPCTL  |= USB_OTG_DOEPCTL_EPDIS;
 1742              		.loc 1 743 7 is_stmt 1 view .LVU582
 743:Drivers/STM32F4xx_HAL_Driver/Src/stm32f4xx_ll_usb.c ****       USBx_OUTEP(epnum)->DOEPCTL  |= USB_OTG_DOEPCTL_EPDIS;
 1743              		.loc 1 743 24 is_stmt 0 view .LVU583
 1744 0086 D3F8002B 		ldr	r2, [r3, #2816]
 743:Drivers/STM32F4xx_HAL_Driver/Src/stm32f4xx_ll_usb.c ****       USBx_OUTEP(epnum)->DOEPCTL  |= USB_OTG_DOEPCTL_EPDIS;
 1745              		.loc 1 743 35 view .LVU584
 1746 008a 42F00062 		orr	r2, r2, #134217728
 1747 008e C3F8002B 		str	r2, [r3, #2816]
 1748              	.LVL117:
 744:Drivers/STM32F4xx_HAL_Driver/Src/stm32f4xx_ll_usb.c ****     }
 1749              		.loc 1 744 7 is_stmt 1 view .LVU585
 744:Drivers/STM32F4xx_HAL_Driver/Src/stm32f4xx_ll_usb.c ****     }
 1750              		.loc 1 744 24 is_stmt 0 view .LVU586
 1751 0092 D3F8002B 		ldr	r2, [r3, #2816]
 744:Drivers/STM32F4xx_HAL_Driver/Src/stm32f4xx_ll_usb.c ****     }
 1752              		.loc 1 744 35 view .LVU587
 1753 0096 42F08042 		orr	r2, r2, #1073741824
 1754 009a C3F8002B 		str	r2, [r3, #2816]
 1755 009e B9E7     		b	.L118
 1756              		.cfi_endproc
 1757              	.LFE233:
 1759              		.section	.text.USB_EPStopXfer,"ax",%progbits
 1760              		.align	1
 1761              		.global	USB_EPStopXfer
 1762              		.syntax unified
 1763              		.thumb
 1764              		.thumb_func
 1766              	USB_EPStopXfer:
 1767              	.LVL118:
 1768              	.LFB235:
 937:Drivers/STM32F4xx_HAL_Driver/Src/stm32f4xx_ll_usb.c ****   __IO uint32_t count = 0U;
 1769              		.loc 1 937 1 is_stmt 1 view -0
 1770              		.cfi_startproc
 1771              		@ args = 0, pretend = 0, frame = 8
 1772              		@ frame_needed = 0, uses_anonymous_args = 0
 1773              		@ link register save eliminated.
 937:Drivers/STM32F4xx_HAL_Driver/Src/stm32f4xx_ll_usb.c ****   __IO uint32_t count = 0U;
 1774              		.loc 1 937 1 is_stmt 0 view .LVU589
 1775 0000 10B4     		push	{r4}
 1776              	.LCFI24:
 1777              		.cfi_def_cfa_offset 4
 1778              		.cfi_offset 4, -4
 1779 0002 83B0     		sub	sp, sp, #12
 1780              	.LCFI25:
 1781              		.cfi_def_cfa_offset 16
 1782 0004 0246     		mov	r2, r0
 938:Drivers/STM32F4xx_HAL_Driver/Src/stm32f4xx_ll_usb.c ****   HAL_StatusTypeDef ret = HAL_OK;
 1783              		.loc 1 938 3 is_stmt 1 view .LVU590
 938:Drivers/STM32F4xx_HAL_Driver/Src/stm32f4xx_ll_usb.c ****   HAL_StatusTypeDef ret = HAL_OK;
 1784              		.loc 1 938 17 is_stmt 0 view .LVU591
 1785 0006 0023     		movs	r3, #0
 1786 0008 0193     		str	r3, [sp, #4]
 939:Drivers/STM32F4xx_HAL_Driver/Src/stm32f4xx_ll_usb.c ****   uint32_t USBx_BASE = (uint32_t)USBx;
 1787              		.loc 1 939 3 is_stmt 1 view .LVU592
 1788              	.LVL119:
 940:Drivers/STM32F4xx_HAL_Driver/Src/stm32f4xx_ll_usb.c **** 
ARM GAS  /tmp/ccoaixhI.s 			page 67


 1789              		.loc 1 940 3 view .LVU593
 943:Drivers/STM32F4xx_HAL_Driver/Src/stm32f4xx_ll_usb.c ****   {
 1790              		.loc 1 943 3 view .LVU594
 943:Drivers/STM32F4xx_HAL_Driver/Src/stm32f4xx_ll_usb.c ****   {
 1791              		.loc 1 943 9 is_stmt 0 view .LVU595
 1792 000a 4878     		ldrb	r0, [r1, #1]	@ zero_extendqisi2
 1793              	.LVL120:
 943:Drivers/STM32F4xx_HAL_Driver/Src/stm32f4xx_ll_usb.c ****   {
 1794              		.loc 1 943 6 view .LVU596
 1795 000c 0128     		cmp	r0, #1
 1796 000e 0BD0     		beq	.L131
 965:Drivers/STM32F4xx_HAL_Driver/Src/stm32f4xx_ll_usb.c ****     {
 1797              		.loc 1 965 5 is_stmt 1 view .LVU597
 965:Drivers/STM32F4xx_HAL_Driver/Src/stm32f4xx_ll_usb.c ****     {
 1798              		.loc 1 965 11 is_stmt 0 view .LVU598
 1799 0010 0B78     		ldrb	r3, [r1]	@ zero_extendqisi2
 1800 0012 02EB4313 		add	r3, r2, r3, lsl #5
 965:Drivers/STM32F4xx_HAL_Driver/Src/stm32f4xx_ll_usb.c ****     {
 1801              		.loc 1 965 30 view .LVU599
 1802 0016 D3F8000B 		ldr	r0, [r3, #2816]
 965:Drivers/STM32F4xx_HAL_Driver/Src/stm32f4xx_ll_usb.c ****     {
 1803              		.loc 1 965 8 view .LVU600
 1804 001a 0028     		cmp	r0, #0
 1805 001c 2DDB     		blt	.L132
 939:Drivers/STM32F4xx_HAL_Driver/Src/stm32f4xx_ll_usb.c ****   uint32_t USBx_BASE = (uint32_t)USBx;
 1806              		.loc 1 939 21 view .LVU601
 1807 001e 0020     		movs	r0, #0
 1808              	.L124:
 1809              	.LVL121:
 983:Drivers/STM32F4xx_HAL_Driver/Src/stm32f4xx_ll_usb.c **** }
 1810              		.loc 1 983 3 is_stmt 1 view .LVU602
 984:Drivers/STM32F4xx_HAL_Driver/Src/stm32f4xx_ll_usb.c **** 
 1811              		.loc 1 984 1 is_stmt 0 view .LVU603
 1812 0020 03B0     		add	sp, sp, #12
 1813              	.LCFI26:
 1814              		.cfi_remember_state
 1815              		.cfi_def_cfa_offset 4
 1816              		@ sp needed
 1817 0022 5DF8044B 		ldr	r4, [sp], #4
 1818              	.LCFI27:
 1819              		.cfi_restore 4
 1820              		.cfi_def_cfa_offset 0
 1821 0026 7047     		bx	lr
 1822              	.LVL122:
 1823              	.L131:
 1824              	.LCFI28:
 1825              		.cfi_restore_state
 946:Drivers/STM32F4xx_HAL_Driver/Src/stm32f4xx_ll_usb.c ****     {
 1826              		.loc 1 946 5 is_stmt 1 view .LVU604
 946:Drivers/STM32F4xx_HAL_Driver/Src/stm32f4xx_ll_usb.c ****     {
 1827              		.loc 1 946 11 is_stmt 0 view .LVU605
 1828 0028 0B78     		ldrb	r3, [r1]	@ zero_extendqisi2
 1829 002a 02EB4313 		add	r3, r2, r3, lsl #5
 946:Drivers/STM32F4xx_HAL_Driver/Src/stm32f4xx_ll_usb.c ****     {
 1830              		.loc 1 946 29 view .LVU606
 1831 002e D3F80049 		ldr	r4, [r3, #2304]
 946:Drivers/STM32F4xx_HAL_Driver/Src/stm32f4xx_ll_usb.c ****     {
ARM GAS  /tmp/ccoaixhI.s 			page 68


 1832              		.loc 1 946 8 view .LVU607
 1833 0032 002C     		cmp	r4, #0
 1834 0034 01DB     		blt	.L133
 939:Drivers/STM32F4xx_HAL_Driver/Src/stm32f4xx_ll_usb.c ****   uint32_t USBx_BASE = (uint32_t)USBx;
 1835              		.loc 1 939 21 view .LVU608
 1836 0036 0020     		movs	r0, #0
 1837 0038 F2E7     		b	.L124
 1838              	.L133:
 948:Drivers/STM32F4xx_HAL_Driver/Src/stm32f4xx_ll_usb.c ****       USBx_INEP(ep->num)->DIEPCTL |= (USB_OTG_DIEPCTL_EPDIS);
 1839              		.loc 1 948 7 is_stmt 1 view .LVU609
 948:Drivers/STM32F4xx_HAL_Driver/Src/stm32f4xx_ll_usb.c ****       USBx_INEP(ep->num)->DIEPCTL |= (USB_OTG_DIEPCTL_EPDIS);
 1840              		.loc 1 948 25 is_stmt 0 view .LVU610
 1841 003a D3F80049 		ldr	r4, [r3, #2304]
 948:Drivers/STM32F4xx_HAL_Driver/Src/stm32f4xx_ll_usb.c ****       USBx_INEP(ep->num)->DIEPCTL |= (USB_OTG_DIEPCTL_EPDIS);
 1842              		.loc 1 948 35 view .LVU611
 1843 003e 44F00064 		orr	r4, r4, #134217728
 1844 0042 C3F80049 		str	r4, [r3, #2304]
 949:Drivers/STM32F4xx_HAL_Driver/Src/stm32f4xx_ll_usb.c **** 
 1845              		.loc 1 949 7 is_stmt 1 view .LVU612
 1846 0046 0B78     		ldrb	r3, [r1]	@ zero_extendqisi2
 949:Drivers/STM32F4xx_HAL_Driver/Src/stm32f4xx_ll_usb.c **** 
 1847              		.loc 1 949 25 is_stmt 0 view .LVU613
 1848 0048 02EB4313 		add	r3, r2, r3, lsl #5
 1849 004c D3F80049 		ldr	r4, [r3, #2304]
 949:Drivers/STM32F4xx_HAL_Driver/Src/stm32f4xx_ll_usb.c **** 
 1850              		.loc 1 949 35 view .LVU614
 1851 0050 44F08044 		orr	r4, r4, #1073741824
 1852 0054 C3F80049 		str	r4, [r3, #2304]
 1853              	.L125:
 951:Drivers/STM32F4xx_HAL_Driver/Src/stm32f4xx_ll_usb.c ****       {
 1854              		.loc 1 951 7 is_stmt 1 view .LVU615
 953:Drivers/STM32F4xx_HAL_Driver/Src/stm32f4xx_ll_usb.c **** 
 1855              		.loc 1 953 9 view .LVU616
 953:Drivers/STM32F4xx_HAL_Driver/Src/stm32f4xx_ll_usb.c **** 
 1856              		.loc 1 953 14 is_stmt 0 view .LVU617
 1857 0058 019B     		ldr	r3, [sp, #4]
 1858 005a 0133     		adds	r3, r3, #1
 1859 005c 0193     		str	r3, [sp, #4]
 955:Drivers/STM32F4xx_HAL_Driver/Src/stm32f4xx_ll_usb.c ****         {
 1860              		.loc 1 955 9 is_stmt 1 view .LVU618
 955:Drivers/STM32F4xx_HAL_Driver/Src/stm32f4xx_ll_usb.c ****         {
 1861              		.loc 1 955 19 is_stmt 0 view .LVU619
 1862 005e 019C     		ldr	r4, [sp, #4]
 955:Drivers/STM32F4xx_HAL_Driver/Src/stm32f4xx_ll_usb.c ****         {
 1863              		.loc 1 955 12 view .LVU620
 1864 0060 42F21073 		movw	r3, #10000
 1865 0064 9C42     		cmp	r4, r3
 1866 0066 DBD8     		bhi	.L124
 960:Drivers/STM32F4xx_HAL_Driver/Src/stm32f4xx_ll_usb.c ****     }
 1867              		.loc 1 960 72 is_stmt 1 view .LVU621
 960:Drivers/STM32F4xx_HAL_Driver/Src/stm32f4xx_ll_usb.c ****     }
 1868              		.loc 1 960 18 is_stmt 0 view .LVU622
 1869 0068 0B78     		ldrb	r3, [r1]	@ zero_extendqisi2
 1870 006a 02EB4313 		add	r3, r2, r3, lsl #5
 960:Drivers/STM32F4xx_HAL_Driver/Src/stm32f4xx_ll_usb.c ****     }
 1871              		.loc 1 960 36 view .LVU623
 1872 006e D3F80039 		ldr	r3, [r3, #2304]
ARM GAS  /tmp/ccoaixhI.s 			page 69


 960:Drivers/STM32F4xx_HAL_Driver/Src/stm32f4xx_ll_usb.c ****     }
 1873              		.loc 1 960 72 view .LVU624
 1874 0072 002B     		cmp	r3, #0
 1875 0074 F0DB     		blt	.L125
 939:Drivers/STM32F4xx_HAL_Driver/Src/stm32f4xx_ll_usb.c ****   uint32_t USBx_BASE = (uint32_t)USBx;
 1876              		.loc 1 939 21 view .LVU625
 1877 0076 0020     		movs	r0, #0
 1878 0078 D2E7     		b	.L124
 1879              	.L132:
 967:Drivers/STM32F4xx_HAL_Driver/Src/stm32f4xx_ll_usb.c ****       USBx_OUTEP(ep->num)->DOEPCTL |= (USB_OTG_DOEPCTL_EPDIS);
 1880              		.loc 1 967 7 is_stmt 1 view .LVU626
 967:Drivers/STM32F4xx_HAL_Driver/Src/stm32f4xx_ll_usb.c ****       USBx_OUTEP(ep->num)->DOEPCTL |= (USB_OTG_DOEPCTL_EPDIS);
 1881              		.loc 1 967 26 is_stmt 0 view .LVU627
 1882 007a D3F8000B 		ldr	r0, [r3, #2816]
 967:Drivers/STM32F4xx_HAL_Driver/Src/stm32f4xx_ll_usb.c ****       USBx_OUTEP(ep->num)->DOEPCTL |= (USB_OTG_DOEPCTL_EPDIS);
 1883              		.loc 1 967 36 view .LVU628
 1884 007e 40F00060 		orr	r0, r0, #134217728
 1885 0082 C3F8000B 		str	r0, [r3, #2816]
 968:Drivers/STM32F4xx_HAL_Driver/Src/stm32f4xx_ll_usb.c **** 
 1886              		.loc 1 968 7 is_stmt 1 view .LVU629
 1887 0086 0B78     		ldrb	r3, [r1]	@ zero_extendqisi2
 968:Drivers/STM32F4xx_HAL_Driver/Src/stm32f4xx_ll_usb.c **** 
 1888              		.loc 1 968 26 is_stmt 0 view .LVU630
 1889 0088 02EB4313 		add	r3, r2, r3, lsl #5
 1890 008c D3F8000B 		ldr	r0, [r3, #2816]
 968:Drivers/STM32F4xx_HAL_Driver/Src/stm32f4xx_ll_usb.c **** 
 1891              		.loc 1 968 36 view .LVU631
 1892 0090 40F08040 		orr	r0, r0, #1073741824
 1893 0094 C3F8000B 		str	r0, [r3, #2816]
 1894              	.L126:
 970:Drivers/STM32F4xx_HAL_Driver/Src/stm32f4xx_ll_usb.c ****       {
 1895              		.loc 1 970 7 is_stmt 1 view .LVU632
 972:Drivers/STM32F4xx_HAL_Driver/Src/stm32f4xx_ll_usb.c **** 
 1896              		.loc 1 972 9 view .LVU633
 972:Drivers/STM32F4xx_HAL_Driver/Src/stm32f4xx_ll_usb.c **** 
 1897              		.loc 1 972 14 is_stmt 0 view .LVU634
 1898 0098 019B     		ldr	r3, [sp, #4]
 1899 009a 0133     		adds	r3, r3, #1
 1900 009c 0193     		str	r3, [sp, #4]
 974:Drivers/STM32F4xx_HAL_Driver/Src/stm32f4xx_ll_usb.c ****         {
 1901              		.loc 1 974 9 is_stmt 1 view .LVU635
 974:Drivers/STM32F4xx_HAL_Driver/Src/stm32f4xx_ll_usb.c ****         {
 1902              		.loc 1 974 19 is_stmt 0 view .LVU636
 1903 009e 0198     		ldr	r0, [sp, #4]
 974:Drivers/STM32F4xx_HAL_Driver/Src/stm32f4xx_ll_usb.c ****         {
 1904              		.loc 1 974 12 view .LVU637
 1905 00a0 42F21073 		movw	r3, #10000
 1906 00a4 9842     		cmp	r0, r3
 1907 00a6 08D8     		bhi	.L129
 979:Drivers/STM32F4xx_HAL_Driver/Src/stm32f4xx_ll_usb.c ****     }
 1908              		.loc 1 979 73 is_stmt 1 view .LVU638
 979:Drivers/STM32F4xx_HAL_Driver/Src/stm32f4xx_ll_usb.c ****     }
 1909              		.loc 1 979 18 is_stmt 0 view .LVU639
 1910 00a8 0B78     		ldrb	r3, [r1]	@ zero_extendqisi2
 1911 00aa 02EB4313 		add	r3, r2, r3, lsl #5
 979:Drivers/STM32F4xx_HAL_Driver/Src/stm32f4xx_ll_usb.c ****     }
 1912              		.loc 1 979 37 view .LVU640
ARM GAS  /tmp/ccoaixhI.s 			page 70


 1913 00ae D3F8003B 		ldr	r3, [r3, #2816]
 979:Drivers/STM32F4xx_HAL_Driver/Src/stm32f4xx_ll_usb.c ****     }
 1914              		.loc 1 979 73 view .LVU641
 1915 00b2 002B     		cmp	r3, #0
 1916 00b4 F0DB     		blt	.L126
 939:Drivers/STM32F4xx_HAL_Driver/Src/stm32f4xx_ll_usb.c ****   uint32_t USBx_BASE = (uint32_t)USBx;
 1917              		.loc 1 939 21 view .LVU642
 1918 00b6 0020     		movs	r0, #0
 1919 00b8 B2E7     		b	.L124
 1920              	.L129:
 976:Drivers/STM32F4xx_HAL_Driver/Src/stm32f4xx_ll_usb.c ****           break;
 1921              		.loc 1 976 15 view .LVU643
 1922 00ba 0120     		movs	r0, #1
 1923 00bc B0E7     		b	.L124
 1924              		.cfi_endproc
 1925              	.LFE235:
 1927              		.section	.text.USB_WritePacket,"ax",%progbits
 1928              		.align	1
 1929              		.global	USB_WritePacket
 1930              		.syntax unified
 1931              		.thumb
 1932              		.thumb_func
 1934              	USB_WritePacket:
 1935              	.LVL123:
 1936              	.LFB236:
1002:Drivers/STM32F4xx_HAL_Driver/Src/stm32f4xx_ll_usb.c ****   uint32_t USBx_BASE = (uint32_t)USBx;
 1937              		.loc 1 1002 1 is_stmt 1 view -0
 1938              		.cfi_startproc
 1939              		@ args = 4, pretend = 0, frame = 0
 1940              		@ frame_needed = 0, uses_anonymous_args = 0
1002:Drivers/STM32F4xx_HAL_Driver/Src/stm32f4xx_ll_usb.c ****   uint32_t USBx_BASE = (uint32_t)USBx;
 1941              		.loc 1 1002 1 is_stmt 0 view .LVU645
 1942 0000 10B5     		push	{r4, lr}
 1943              	.LCFI29:
 1944              		.cfi_def_cfa_offset 8
 1945              		.cfi_offset 4, -8
 1946              		.cfi_offset 14, -4
 1947 0002 9DF80840 		ldrb	r4, [sp, #8]	@ zero_extendqisi2
1003:Drivers/STM32F4xx_HAL_Driver/Src/stm32f4xx_ll_usb.c ****   uint8_t *pSrc = src;
 1948              		.loc 1 1003 3 is_stmt 1 view .LVU646
 1949              	.LVL124:
1004:Drivers/STM32F4xx_HAL_Driver/Src/stm32f4xx_ll_usb.c ****   uint32_t count32b;
 1950              		.loc 1 1004 3 view .LVU647
1005:Drivers/STM32F4xx_HAL_Driver/Src/stm32f4xx_ll_usb.c ****   uint32_t i;
 1951              		.loc 1 1005 3 view .LVU648
1006:Drivers/STM32F4xx_HAL_Driver/Src/stm32f4xx_ll_usb.c **** 
 1952              		.loc 1 1006 3 view .LVU649
1008:Drivers/STM32F4xx_HAL_Driver/Src/stm32f4xx_ll_usb.c ****   {
 1953              		.loc 1 1008 3 view .LVU650
1008:Drivers/STM32F4xx_HAL_Driver/Src/stm32f4xx_ll_usb.c ****   {
 1954              		.loc 1 1008 6 is_stmt 0 view .LVU651
 1955 0006 84B9     		cbnz	r4, .L135
1010:Drivers/STM32F4xx_HAL_Driver/Src/stm32f4xx_ll_usb.c ****     for (i = 0U; i < count32b; i++)
 1956              		.loc 1 1010 5 is_stmt 1 view .LVU652
1010:Drivers/STM32F4xx_HAL_Driver/Src/stm32f4xx_ll_usb.c ****     for (i = 0U; i < count32b; i++)
 1957              		.loc 1 1010 31 is_stmt 0 view .LVU653
 1958 0008 0333     		adds	r3, r3, #3
ARM GAS  /tmp/ccoaixhI.s 			page 71


 1959              	.LVL125:
1010:Drivers/STM32F4xx_HAL_Driver/Src/stm32f4xx_ll_usb.c ****     for (i = 0U; i < count32b; i++)
 1960              		.loc 1 1010 14 view .LVU654
 1961 000a 4FEA930E 		lsr	lr, r3, #2
 1962              	.LVL126:
1011:Drivers/STM32F4xx_HAL_Driver/Src/stm32f4xx_ll_usb.c ****     {
 1963              		.loc 1 1011 5 is_stmt 1 view .LVU655
1011:Drivers/STM32F4xx_HAL_Driver/Src/stm32f4xx_ll_usb.c ****     {
 1964              		.loc 1 1011 12 is_stmt 0 view .LVU656
 1965 000e 4FF0000C 		mov	ip, #0
1011:Drivers/STM32F4xx_HAL_Driver/Src/stm32f4xx_ll_usb.c ****     {
 1966              		.loc 1 1011 5 view .LVU657
 1967 0012 08E0     		b	.L136
 1968              	.LVL127:
 1969              	.L137:
1013:Drivers/STM32F4xx_HAL_Driver/Src/stm32f4xx_ll_usb.c ****       pSrc++;
 1970              		.loc 1 1013 7 is_stmt 1 discriminator 3 view .LVU658
 1971 0014 00EB0233 		add	r3, r0, r2, lsl #12
 1972 0018 03F58053 		add	r3, r3, #4096
1013:Drivers/STM32F4xx_HAL_Driver/Src/stm32f4xx_ll_usb.c ****       pSrc++;
 1973              		.loc 1 1013 41 is_stmt 0 discriminator 3 view .LVU659
 1974 001c 51F8044B 		ldr	r4, [r1], #4	@ unaligned
 1975              	.LVL128:
1013:Drivers/STM32F4xx_HAL_Driver/Src/stm32f4xx_ll_usb.c ****       pSrc++;
 1976              		.loc 1 1013 39 discriminator 3 view .LVU660
 1977 0020 1C60     		str	r4, [r3]
1014:Drivers/STM32F4xx_HAL_Driver/Src/stm32f4xx_ll_usb.c ****       pSrc++;
 1978              		.loc 1 1014 7 is_stmt 1 discriminator 3 view .LVU661
 1979              	.LVL129:
1015:Drivers/STM32F4xx_HAL_Driver/Src/stm32f4xx_ll_usb.c ****       pSrc++;
 1980              		.loc 1 1015 7 discriminator 3 view .LVU662
1016:Drivers/STM32F4xx_HAL_Driver/Src/stm32f4xx_ll_usb.c ****       pSrc++;
 1981              		.loc 1 1016 7 discriminator 3 view .LVU663
1017:Drivers/STM32F4xx_HAL_Driver/Src/stm32f4xx_ll_usb.c ****     }
 1982              		.loc 1 1017 7 discriminator 3 view .LVU664
1011:Drivers/STM32F4xx_HAL_Driver/Src/stm32f4xx_ll_usb.c ****     {
 1983              		.loc 1 1011 33 discriminator 3 view .LVU665
 1984 0022 0CF1010C 		add	ip, ip, #1
 1985              	.LVL130:
 1986              	.L136:
1011:Drivers/STM32F4xx_HAL_Driver/Src/stm32f4xx_ll_usb.c ****     {
 1987              		.loc 1 1011 20 discriminator 1 view .LVU666
 1988 0026 F445     		cmp	ip, lr
 1989 0028 F4D3     		bcc	.L137
 1990              	.LVL131:
 1991              	.L135:
1021:Drivers/STM32F4xx_HAL_Driver/Src/stm32f4xx_ll_usb.c **** }
 1992              		.loc 1 1021 3 view .LVU667
1022:Drivers/STM32F4xx_HAL_Driver/Src/stm32f4xx_ll_usb.c **** 
 1993              		.loc 1 1022 1 is_stmt 0 view .LVU668
 1994 002a 0020     		movs	r0, #0
 1995              	.LVL132:
1022:Drivers/STM32F4xx_HAL_Driver/Src/stm32f4xx_ll_usb.c **** 
 1996              		.loc 1 1022 1 view .LVU669
 1997 002c 10BD     		pop	{r4, pc}
1022:Drivers/STM32F4xx_HAL_Driver/Src/stm32f4xx_ll_usb.c **** 
 1998              		.loc 1 1022 1 view .LVU670
ARM GAS  /tmp/ccoaixhI.s 			page 72


 1999              		.cfi_endproc
 2000              	.LFE236:
 2002              		.section	.text.USB_EPStartXfer,"ax",%progbits
 2003              		.align	1
 2004              		.global	USB_EPStartXfer
 2005              		.syntax unified
 2006              		.thumb
 2007              		.thumb_func
 2009              	USB_EPStartXfer:
 2010              	.LVL133:
 2011              	.LFB234:
 765:Drivers/STM32F4xx_HAL_Driver/Src/stm32f4xx_ll_usb.c ****   uint32_t USBx_BASE = (uint32_t)USBx;
 2012              		.loc 1 765 1 is_stmt 1 view -0
 2013              		.cfi_startproc
 2014              		@ args = 0, pretend = 0, frame = 0
 2015              		@ frame_needed = 0, uses_anonymous_args = 0
 765:Drivers/STM32F4xx_HAL_Driver/Src/stm32f4xx_ll_usb.c ****   uint32_t USBx_BASE = (uint32_t)USBx;
 2016              		.loc 1 765 1 is_stmt 0 view .LVU672
 2017 0000 F0B5     		push	{r4, r5, r6, r7, lr}
 2018              	.LCFI30:
 2019              		.cfi_def_cfa_offset 20
 2020              		.cfi_offset 4, -20
 2021              		.cfi_offset 5, -16
 2022              		.cfi_offset 6, -12
 2023              		.cfi_offset 7, -8
 2024              		.cfi_offset 14, -4
 2025 0002 83B0     		sub	sp, sp, #12
 2026              	.LCFI31:
 2027              		.cfi_def_cfa_offset 32
 766:Drivers/STM32F4xx_HAL_Driver/Src/stm32f4xx_ll_usb.c ****   uint32_t epnum = (uint32_t)ep->num;
 2028              		.loc 1 766 3 is_stmt 1 view .LVU673
 2029              	.LVL134:
 767:Drivers/STM32F4xx_HAL_Driver/Src/stm32f4xx_ll_usb.c ****   uint16_t pktcnt;
 2030              		.loc 1 767 3 view .LVU674
 767:Drivers/STM32F4xx_HAL_Driver/Src/stm32f4xx_ll_usb.c ****   uint16_t pktcnt;
 2031              		.loc 1 767 32 is_stmt 0 view .LVU675
 2032 0004 0C78     		ldrb	r4, [r1]	@ zero_extendqisi2
 2033              	.LVL135:
 768:Drivers/STM32F4xx_HAL_Driver/Src/stm32f4xx_ll_usb.c **** 
 2034              		.loc 1 768 3 is_stmt 1 view .LVU676
 771:Drivers/STM32F4xx_HAL_Driver/Src/stm32f4xx_ll_usb.c ****   {
 2035              		.loc 1 771 3 view .LVU677
 771:Drivers/STM32F4xx_HAL_Driver/Src/stm32f4xx_ll_usb.c ****   {
 2036              		.loc 1 771 9 is_stmt 0 view .LVU678
 2037 0006 4B78     		ldrb	r3, [r1, #1]	@ zero_extendqisi2
 771:Drivers/STM32F4xx_HAL_Driver/Src/stm32f4xx_ll_usb.c ****   {
 2038              		.loc 1 771 6 view .LVU679
 2039 0008 012B     		cmp	r3, #1
 2040 000a 2FD0     		beq	.L162
 870:Drivers/STM32F4xx_HAL_Driver/Src/stm32f4xx_ll_usb.c ****     USBx_OUTEP(epnum)->DOEPTSIZ &= ~(USB_OTG_DOEPTSIZ_PKTCNT);
 2041              		.loc 1 870 5 is_stmt 1 view .LVU680
 870:Drivers/STM32F4xx_HAL_Driver/Src/stm32f4xx_ll_usb.c ****     USBx_OUTEP(epnum)->DOEPTSIZ &= ~(USB_OTG_DOEPTSIZ_PKTCNT);
 2042              		.loc 1 870 22 is_stmt 0 view .LVU681
 2043 000c 00EB441C 		add	ip, r0, r4, lsl #5
 2044 0010 0CF53063 		add	r3, ip, #2816
 2045 0014 1D69     		ldr	r5, [r3, #16]
 870:Drivers/STM32F4xx_HAL_Driver/Src/stm32f4xx_ll_usb.c ****     USBx_OUTEP(epnum)->DOEPTSIZ &= ~(USB_OTG_DOEPTSIZ_PKTCNT);
ARM GAS  /tmp/ccoaixhI.s 			page 73


 2046              		.loc 1 870 33 view .LVU682
 2047 0016 ED0C     		lsrs	r5, r5, #19
 2048 0018 ED04     		lsls	r5, r5, #19
 2049 001a 1D61     		str	r5, [r3, #16]
 871:Drivers/STM32F4xx_HAL_Driver/Src/stm32f4xx_ll_usb.c **** 
 2050              		.loc 1 871 5 is_stmt 1 view .LVU683
 871:Drivers/STM32F4xx_HAL_Driver/Src/stm32f4xx_ll_usb.c **** 
 2051              		.loc 1 871 22 is_stmt 0 view .LVU684
 2052 001c 1D69     		ldr	r5, [r3, #16]
 871:Drivers/STM32F4xx_HAL_Driver/Src/stm32f4xx_ll_usb.c **** 
 2053              		.loc 1 871 33 view .LVU685
 2054 001e 25F0FF55 		bic	r5, r5, #534773760
 2055 0022 25F4C015 		bic	r5, r5, #1572864
 2056 0026 1D61     		str	r5, [r3, #16]
 873:Drivers/STM32F4xx_HAL_Driver/Src/stm32f4xx_ll_usb.c ****     {
 2057              		.loc 1 873 5 is_stmt 1 view .LVU686
 873:Drivers/STM32F4xx_HAL_Driver/Src/stm32f4xx_ll_usb.c ****     {
 2058              		.loc 1 873 8 is_stmt 0 view .LVU687
 2059 0028 002C     		cmp	r4, #0
 2060 002a 40F0D280 		bne	.L154
 875:Drivers/STM32F4xx_HAL_Driver/Src/stm32f4xx_ll_usb.c ****       {
 2061              		.loc 1 875 7 is_stmt 1 view .LVU688
 875:Drivers/STM32F4xx_HAL_Driver/Src/stm32f4xx_ll_usb.c ****       {
 2062              		.loc 1 875 13 is_stmt 0 view .LVU689
 2063 002e 0C69     		ldr	r4, [r1, #16]
 2064              	.LVL136:
 875:Drivers/STM32F4xx_HAL_Driver/Src/stm32f4xx_ll_usb.c ****       {
 2065              		.loc 1 875 10 view .LVU690
 2066 0030 0CB1     		cbz	r4, .L155
 877:Drivers/STM32F4xx_HAL_Driver/Src/stm32f4xx_ll_usb.c ****       }
 2067              		.loc 1 877 9 is_stmt 1 view .LVU691
 877:Drivers/STM32F4xx_HAL_Driver/Src/stm32f4xx_ll_usb.c ****       }
 2068              		.loc 1 877 26 is_stmt 0 view .LVU692
 2069 0032 8C68     		ldr	r4, [r1, #8]
 877:Drivers/STM32F4xx_HAL_Driver/Src/stm32f4xx_ll_usb.c ****       }
 2070              		.loc 1 877 22 view .LVU693
 2071 0034 0C61     		str	r4, [r1, #16]
 2072              	.L155:
 881:Drivers/STM32F4xx_HAL_Driver/Src/stm32f4xx_ll_usb.c **** 
 2073              		.loc 1 881 7 is_stmt 1 view .LVU694
 881:Drivers/STM32F4xx_HAL_Driver/Src/stm32f4xx_ll_usb.c **** 
 2074              		.loc 1 881 25 is_stmt 0 view .LVU695
 2075 0036 8C68     		ldr	r4, [r1, #8]
 881:Drivers/STM32F4xx_HAL_Driver/Src/stm32f4xx_ll_usb.c **** 
 2076              		.loc 1 881 21 view .LVU696
 2077 0038 0C62     		str	r4, [r1, #32]
 883:Drivers/STM32F4xx_HAL_Driver/Src/stm32f4xx_ll_usb.c ****       USBx_OUTEP(epnum)->DOEPTSIZ |= (USB_OTG_DOEPTSIZ_PKTCNT & (1U << 19));
 2078              		.loc 1 883 7 is_stmt 1 view .LVU697
 883:Drivers/STM32F4xx_HAL_Driver/Src/stm32f4xx_ll_usb.c ****       USBx_OUTEP(epnum)->DOEPTSIZ |= (USB_OTG_DOEPTSIZ_PKTCNT & (1U << 19));
 2079              		.loc 1 883 24 is_stmt 0 view .LVU698
 2080 003a 1D69     		ldr	r5, [r3, #16]
 883:Drivers/STM32F4xx_HAL_Driver/Src/stm32f4xx_ll_usb.c ****       USBx_OUTEP(epnum)->DOEPTSIZ |= (USB_OTG_DOEPTSIZ_PKTCNT & (1U << 19));
 2081              		.loc 1 883 63 view .LVU699
 2082 003c C4F31204 		ubfx	r4, r4, #0, #19
 883:Drivers/STM32F4xx_HAL_Driver/Src/stm32f4xx_ll_usb.c ****       USBx_OUTEP(epnum)->DOEPTSIZ |= (USB_OTG_DOEPTSIZ_PKTCNT & (1U << 19));
 2083              		.loc 1 883 35 view .LVU700
 2084 0040 2C43     		orrs	r4, r4, r5
ARM GAS  /tmp/ccoaixhI.s 			page 74


 2085 0042 1C61     		str	r4, [r3, #16]
 884:Drivers/STM32F4xx_HAL_Driver/Src/stm32f4xx_ll_usb.c ****     }
 2086              		.loc 1 884 7 is_stmt 1 view .LVU701
 884:Drivers/STM32F4xx_HAL_Driver/Src/stm32f4xx_ll_usb.c ****     }
 2087              		.loc 1 884 24 is_stmt 0 view .LVU702
 2088 0044 1C69     		ldr	r4, [r3, #16]
 884:Drivers/STM32F4xx_HAL_Driver/Src/stm32f4xx_ll_usb.c ****     }
 2089              		.loc 1 884 35 view .LVU703
 2090 0046 44F40024 		orr	r4, r4, #524288
 2091 004a 1C61     		str	r4, [r3, #16]
 2092              	.L156:
 903:Drivers/STM32F4xx_HAL_Driver/Src/stm32f4xx_ll_usb.c ****     {
 2093              		.loc 1 903 5 is_stmt 1 view .LVU704
 903:Drivers/STM32F4xx_HAL_Driver/Src/stm32f4xx_ll_usb.c ****     {
 2094              		.loc 1 903 8 is_stmt 0 view .LVU705
 2095 004c 012A     		cmp	r2, #1
 2096 004e 00F0E380 		beq	.L163
 2097              	.LVL137:
 2098              	.L158:
 911:Drivers/STM32F4xx_HAL_Driver/Src/stm32f4xx_ll_usb.c ****     {
 2099              		.loc 1 911 5 is_stmt 1 view .LVU706
 911:Drivers/STM32F4xx_HAL_Driver/Src/stm32f4xx_ll_usb.c ****     {
 2100              		.loc 1 911 11 is_stmt 0 view .LVU707
 2101 0052 0B79     		ldrb	r3, [r1, #4]	@ zero_extendqisi2
 911:Drivers/STM32F4xx_HAL_Driver/Src/stm32f4xx_ll_usb.c ****     {
 2102              		.loc 1 911 8 view .LVU708
 2103 0054 012B     		cmp	r3, #1
 2104 0056 00F0E580 		beq	.L164
 2105              	.L159:
 923:Drivers/STM32F4xx_HAL_Driver/Src/stm32f4xx_ll_usb.c ****   }
 2106              		.loc 1 923 5 is_stmt 1 view .LVU709
 923:Drivers/STM32F4xx_HAL_Driver/Src/stm32f4xx_ll_usb.c ****   }
 2107              		.loc 1 923 22 is_stmt 0 view .LVU710
 2108 005a DCF8003B 		ldr	r3, [ip, #2816]
 923:Drivers/STM32F4xx_HAL_Driver/Src/stm32f4xx_ll_usb.c ****   }
 2109              		.loc 1 923 32 view .LVU711
 2110 005e 43F00443 		orr	r3, r3, #-2080374784
 2111 0062 CCF8003B 		str	r3, [ip, #2816]
 2112              	.LVL138:
 2113              	.L150:
 926:Drivers/STM32F4xx_HAL_Driver/Src/stm32f4xx_ll_usb.c **** }
 2114              		.loc 1 926 3 is_stmt 1 view .LVU712
 927:Drivers/STM32F4xx_HAL_Driver/Src/stm32f4xx_ll_usb.c **** 
 2115              		.loc 1 927 1 is_stmt 0 view .LVU713
 2116 0066 0020     		movs	r0, #0
 2117 0068 03B0     		add	sp, sp, #12
 2118              	.LCFI32:
 2119              		.cfi_remember_state
 2120              		.cfi_def_cfa_offset 20
 2121              		@ sp needed
 2122 006a F0BD     		pop	{r4, r5, r6, r7, pc}
 2123              	.LVL139:
 2124              	.L162:
 2125              	.LCFI33:
 2126              		.cfi_restore_state
 774:Drivers/STM32F4xx_HAL_Driver/Src/stm32f4xx_ll_usb.c ****     {
 2127              		.loc 1 774 5 is_stmt 1 view .LVU714
ARM GAS  /tmp/ccoaixhI.s 			page 75


 774:Drivers/STM32F4xx_HAL_Driver/Src/stm32f4xx_ll_usb.c ****     {
 2128              		.loc 1 774 11 is_stmt 0 view .LVU715
 2129 006c 0B69     		ldr	r3, [r1, #16]
 774:Drivers/STM32F4xx_HAL_Driver/Src/stm32f4xx_ll_usb.c ****     {
 2130              		.loc 1 774 8 view .LVU716
 2131 006e 83BB     		cbnz	r3, .L141
 776:Drivers/STM32F4xx_HAL_Driver/Src/stm32f4xx_ll_usb.c ****       USBx_INEP(epnum)->DIEPTSIZ |= (USB_OTG_DIEPTSIZ_PKTCNT & (1U << 19));
 2132              		.loc 1 776 7 is_stmt 1 view .LVU717
 776:Drivers/STM32F4xx_HAL_Driver/Src/stm32f4xx_ll_usb.c ****       USBx_INEP(epnum)->DIEPTSIZ |= (USB_OTG_DIEPTSIZ_PKTCNT & (1U << 19));
 2133              		.loc 1 776 23 is_stmt 0 view .LVU718
 2134 0070 00EB4413 		add	r3, r0, r4, lsl #5
 2135 0074 D3F81059 		ldr	r5, [r3, #2320]
 776:Drivers/STM32F4xx_HAL_Driver/Src/stm32f4xx_ll_usb.c ****       USBx_INEP(epnum)->DIEPTSIZ |= (USB_OTG_DIEPTSIZ_PKTCNT & (1U << 19));
 2136              		.loc 1 776 34 view .LVU719
 2137 0078 25F0FF55 		bic	r5, r5, #534773760
 2138 007c 25F4C015 		bic	r5, r5, #1572864
 2139 0080 C3F81059 		str	r5, [r3, #2320]
 777:Drivers/STM32F4xx_HAL_Driver/Src/stm32f4xx_ll_usb.c ****       USBx_INEP(epnum)->DIEPTSIZ &= ~(USB_OTG_DIEPTSIZ_XFRSIZ);
 2140              		.loc 1 777 7 is_stmt 1 view .LVU720
 777:Drivers/STM32F4xx_HAL_Driver/Src/stm32f4xx_ll_usb.c ****       USBx_INEP(epnum)->DIEPTSIZ &= ~(USB_OTG_DIEPTSIZ_XFRSIZ);
 2141              		.loc 1 777 23 is_stmt 0 view .LVU721
 2142 0084 D3F81059 		ldr	r5, [r3, #2320]
 777:Drivers/STM32F4xx_HAL_Driver/Src/stm32f4xx_ll_usb.c ****       USBx_INEP(epnum)->DIEPTSIZ &= ~(USB_OTG_DIEPTSIZ_XFRSIZ);
 2143              		.loc 1 777 34 view .LVU722
 2144 0088 45F40025 		orr	r5, r5, #524288
 2145 008c C3F81059 		str	r5, [r3, #2320]
 778:Drivers/STM32F4xx_HAL_Driver/Src/stm32f4xx_ll_usb.c ****     }
 2146              		.loc 1 778 7 is_stmt 1 view .LVU723
 778:Drivers/STM32F4xx_HAL_Driver/Src/stm32f4xx_ll_usb.c ****     }
 2147              		.loc 1 778 23 is_stmt 0 view .LVU724
 2148 0090 D3F81059 		ldr	r5, [r3, #2320]
 778:Drivers/STM32F4xx_HAL_Driver/Src/stm32f4xx_ll_usb.c ****     }
 2149              		.loc 1 778 34 view .LVU725
 2150 0094 ED0C     		lsrs	r5, r5, #19
 2151 0096 ED04     		lsls	r5, r5, #19
 2152 0098 C3F81059 		str	r5, [r3, #2320]
 2153              	.L142:
 814:Drivers/STM32F4xx_HAL_Driver/Src/stm32f4xx_ll_usb.c ****     {
 2154              		.loc 1 814 5 is_stmt 1 view .LVU726
 814:Drivers/STM32F4xx_HAL_Driver/Src/stm32f4xx_ll_usb.c ****     {
 2155              		.loc 1 814 8 is_stmt 0 view .LVU727
 2156 009c 012A     		cmp	r2, #1
 2157 009e 56D0     		beq	.L165
 839:Drivers/STM32F4xx_HAL_Driver/Src/stm32f4xx_ll_usb.c **** 
 2158              		.loc 1 839 7 is_stmt 1 view .LVU728
 839:Drivers/STM32F4xx_HAL_Driver/Src/stm32f4xx_ll_usb.c **** 
 2159              		.loc 1 839 23 is_stmt 0 view .LVU729
 2160 00a0 00EB4414 		add	r4, r0, r4, lsl #5
 2161              	.LVL140:
 839:Drivers/STM32F4xx_HAL_Driver/Src/stm32f4xx_ll_usb.c **** 
 2162              		.loc 1 839 23 view .LVU730
 2163 00a4 D4F80039 		ldr	r3, [r4, #2304]
 839:Drivers/STM32F4xx_HAL_Driver/Src/stm32f4xx_ll_usb.c **** 
 2164              		.loc 1 839 33 view .LVU731
 2165 00a8 43F00443 		orr	r3, r3, #-2080374784
 2166 00ac C4F80039 		str	r3, [r4, #2304]
 841:Drivers/STM32F4xx_HAL_Driver/Src/stm32f4xx_ll_usb.c ****       {
ARM GAS  /tmp/ccoaixhI.s 			page 76


 2167              		.loc 1 841 7 is_stmt 1 view .LVU732
 841:Drivers/STM32F4xx_HAL_Driver/Src/stm32f4xx_ll_usb.c ****       {
 2168              		.loc 1 841 13 is_stmt 0 view .LVU733
 2169 00b0 0B79     		ldrb	r3, [r1, #4]	@ zero_extendqisi2
 841:Drivers/STM32F4xx_HAL_Driver/Src/stm32f4xx_ll_usb.c ****       {
 2170              		.loc 1 841 10 view .LVU734
 2171 00b2 012B     		cmp	r3, #1
 2172 00b4 74D0     		beq	.L151
 844:Drivers/STM32F4xx_HAL_Driver/Src/stm32f4xx_ll_usb.c ****         {
 2173              		.loc 1 844 9 is_stmt 1 view .LVU735
 844:Drivers/STM32F4xx_HAL_Driver/Src/stm32f4xx_ll_usb.c ****         {
 2174              		.loc 1 844 15 is_stmt 0 view .LVU736
 2175 00b6 0B69     		ldr	r3, [r1, #16]
 844:Drivers/STM32F4xx_HAL_Driver/Src/stm32f4xx_ll_usb.c ****         {
 2176              		.loc 1 844 12 view .LVU737
 2177 00b8 002B     		cmp	r3, #0
 2178 00ba D4D0     		beq	.L150
 846:Drivers/STM32F4xx_HAL_Driver/Src/stm32f4xx_ll_usb.c ****         }
 2179              		.loc 1 846 11 is_stmt 1 view .LVU738
 846:Drivers/STM32F4xx_HAL_Driver/Src/stm32f4xx_ll_usb.c ****         }
 2180              		.loc 1 846 22 is_stmt 0 view .LVU739
 2181 00bc D0F83438 		ldr	r3, [r0, #2100]
 846:Drivers/STM32F4xx_HAL_Driver/Src/stm32f4xx_ll_usb.c ****         }
 2182              		.loc 1 846 48 view .LVU740
 2183 00c0 0978     		ldrb	r1, [r1]	@ zero_extendqisi2
 2184              	.LVL141:
 846:Drivers/STM32F4xx_HAL_Driver/Src/stm32f4xx_ll_usb.c ****         }
 2185              		.loc 1 846 54 view .LVU741
 2186 00c2 01F00F01 		and	r1, r1, #15
 846:Drivers/STM32F4xx_HAL_Driver/Src/stm32f4xx_ll_usb.c ****         }
 2187              		.loc 1 846 42 view .LVU742
 2188 00c6 0122     		movs	r2, #1
 2189              	.LVL142:
 846:Drivers/STM32F4xx_HAL_Driver/Src/stm32f4xx_ll_usb.c ****         }
 2190              		.loc 1 846 42 view .LVU743
 2191 00c8 8A40     		lsls	r2, r2, r1
 846:Drivers/STM32F4xx_HAL_Driver/Src/stm32f4xx_ll_usb.c ****         }
 2192              		.loc 1 846 35 view .LVU744
 2193 00ca 1343     		orrs	r3, r3, r2
 2194 00cc C0F83438 		str	r3, [r0, #2100]
 2195 00d0 C9E7     		b	.L150
 2196              	.LVL143:
 2197              	.L141:
 787:Drivers/STM32F4xx_HAL_Driver/Src/stm32f4xx_ll_usb.c ****       USBx_INEP(epnum)->DIEPTSIZ &= ~(USB_OTG_DIEPTSIZ_PKTCNT);
 2198              		.loc 1 787 7 is_stmt 1 view .LVU745
 787:Drivers/STM32F4xx_HAL_Driver/Src/stm32f4xx_ll_usb.c ****       USBx_INEP(epnum)->DIEPTSIZ &= ~(USB_OTG_DIEPTSIZ_PKTCNT);
 2199              		.loc 1 787 23 is_stmt 0 view .LVU746
 2200 00d2 00EB4413 		add	r3, r0, r4, lsl #5
 2201 00d6 03F51063 		add	r3, r3, #2304
 2202 00da 1D69     		ldr	r5, [r3, #16]
 787:Drivers/STM32F4xx_HAL_Driver/Src/stm32f4xx_ll_usb.c ****       USBx_INEP(epnum)->DIEPTSIZ &= ~(USB_OTG_DIEPTSIZ_PKTCNT);
 2203              		.loc 1 787 34 view .LVU747
 2204 00dc ED0C     		lsrs	r5, r5, #19
 2205 00de ED04     		lsls	r5, r5, #19
 2206 00e0 1D61     		str	r5, [r3, #16]
 788:Drivers/STM32F4xx_HAL_Driver/Src/stm32f4xx_ll_usb.c **** 
 2207              		.loc 1 788 7 is_stmt 1 view .LVU748
ARM GAS  /tmp/ccoaixhI.s 			page 77


 788:Drivers/STM32F4xx_HAL_Driver/Src/stm32f4xx_ll_usb.c **** 
 2208              		.loc 1 788 23 is_stmt 0 view .LVU749
 2209 00e2 1D69     		ldr	r5, [r3, #16]
 788:Drivers/STM32F4xx_HAL_Driver/Src/stm32f4xx_ll_usb.c **** 
 2210              		.loc 1 788 34 view .LVU750
 2211 00e4 25F0FF55 		bic	r5, r5, #534773760
 2212 00e8 25F4C015 		bic	r5, r5, #1572864
 2213 00ec 1D61     		str	r5, [r3, #16]
 790:Drivers/STM32F4xx_HAL_Driver/Src/stm32f4xx_ll_usb.c ****       {
 2214              		.loc 1 790 7 is_stmt 1 view .LVU751
 790:Drivers/STM32F4xx_HAL_Driver/Src/stm32f4xx_ll_usb.c ****       {
 2215              		.loc 1 790 10 is_stmt 0 view .LVU752
 2216 00ee 84B9     		cbnz	r4, .L143
 792:Drivers/STM32F4xx_HAL_Driver/Src/stm32f4xx_ll_usb.c ****         {
 2217              		.loc 1 792 9 is_stmt 1 view .LVU753
 792:Drivers/STM32F4xx_HAL_Driver/Src/stm32f4xx_ll_usb.c ****         {
 2218              		.loc 1 792 15 is_stmt 0 view .LVU754
 2219 00f0 0E69     		ldr	r6, [r1, #16]
 792:Drivers/STM32F4xx_HAL_Driver/Src/stm32f4xx_ll_usb.c ****         {
 2220              		.loc 1 792 30 view .LVU755
 2221 00f2 8D68     		ldr	r5, [r1, #8]
 792:Drivers/STM32F4xx_HAL_Driver/Src/stm32f4xx_ll_usb.c ****         {
 2222              		.loc 1 792 12 view .LVU756
 2223 00f4 AE42     		cmp	r6, r5
 2224 00f6 00D9     		bls	.L144
 794:Drivers/STM32F4xx_HAL_Driver/Src/stm32f4xx_ll_usb.c ****         }
 2225              		.loc 1 794 11 is_stmt 1 view .LVU757
 794:Drivers/STM32F4xx_HAL_Driver/Src/stm32f4xx_ll_usb.c ****         }
 2226              		.loc 1 794 24 is_stmt 0 view .LVU758
 2227 00f8 0D61     		str	r5, [r1, #16]
 2228              	.L144:
 797:Drivers/STM32F4xx_HAL_Driver/Src/stm32f4xx_ll_usb.c ****       }
 2229              		.loc 1 797 9 is_stmt 1 view .LVU759
 797:Drivers/STM32F4xx_HAL_Driver/Src/stm32f4xx_ll_usb.c ****       }
 2230              		.loc 1 797 25 is_stmt 0 view .LVU760
 2231 00fa 1D69     		ldr	r5, [r3, #16]
 797:Drivers/STM32F4xx_HAL_Driver/Src/stm32f4xx_ll_usb.c ****       }
 2232              		.loc 1 797 36 view .LVU761
 2233 00fc 45F40025 		orr	r5, r5, #524288
 2234 0100 1D61     		str	r5, [r3, #16]
 2235              	.L145:
 811:Drivers/STM32F4xx_HAL_Driver/Src/stm32f4xx_ll_usb.c ****     }
 2236              		.loc 1 811 7 is_stmt 1 view .LVU762
 811:Drivers/STM32F4xx_HAL_Driver/Src/stm32f4xx_ll_usb.c ****     }
 2237              		.loc 1 811 23 is_stmt 0 view .LVU763
 2238 0102 1D69     		ldr	r5, [r3, #16]
 811:Drivers/STM32F4xx_HAL_Driver/Src/stm32f4xx_ll_usb.c ****     }
 2239              		.loc 1 811 62 view .LVU764
 2240 0104 0E69     		ldr	r6, [r1, #16]
 2241 0106 C6F3120C 		ubfx	ip, r6, #0, #19
 811:Drivers/STM32F4xx_HAL_Driver/Src/stm32f4xx_ll_usb.c ****     }
 2242              		.loc 1 811 34 view .LVU765
 2243 010a 45EA0C05 		orr	r5, r5, ip
 2244 010e 1D61     		str	r5, [r3, #16]
 2245 0110 C4E7     		b	.L142
 2246              	.L143:
 801:Drivers/STM32F4xx_HAL_Driver/Src/stm32f4xx_ll_usb.c ****         USBx_INEP(epnum)->DIEPTSIZ |= (USB_OTG_DIEPTSIZ_PKTCNT & ((uint32_t)pktcnt << 19));
ARM GAS  /tmp/ccoaixhI.s 			page 78


 2247              		.loc 1 801 9 is_stmt 1 view .LVU766
 801:Drivers/STM32F4xx_HAL_Driver/Src/stm32f4xx_ll_usb.c ****         USBx_INEP(epnum)->DIEPTSIZ |= (USB_OTG_DIEPTSIZ_PKTCNT & ((uint32_t)pktcnt << 19));
 2248              		.loc 1 801 32 is_stmt 0 view .LVU767
 2249 0112 0D69     		ldr	r5, [r1, #16]
 801:Drivers/STM32F4xx_HAL_Driver/Src/stm32f4xx_ll_usb.c ****         USBx_INEP(epnum)->DIEPTSIZ |= (USB_OTG_DIEPTSIZ_PKTCNT & ((uint32_t)pktcnt << 19));
 2250              		.loc 1 801 47 view .LVU768
 2251 0114 8E68     		ldr	r6, [r1, #8]
 801:Drivers/STM32F4xx_HAL_Driver/Src/stm32f4xx_ll_usb.c ****         USBx_INEP(epnum)->DIEPTSIZ |= (USB_OTG_DIEPTSIZ_PKTCNT & ((uint32_t)pktcnt << 19));
 2252              		.loc 1 801 43 view .LVU769
 2253 0116 3544     		add	r5, r5, r6
 801:Drivers/STM32F4xx_HAL_Driver/Src/stm32f4xx_ll_usb.c ****         USBx_INEP(epnum)->DIEPTSIZ |= (USB_OTG_DIEPTSIZ_PKTCNT & ((uint32_t)pktcnt << 19));
 2254              		.loc 1 801 59 view .LVU770
 2255 0118 013D     		subs	r5, r5, #1
 801:Drivers/STM32F4xx_HAL_Driver/Src/stm32f4xx_ll_usb.c ****         USBx_INEP(epnum)->DIEPTSIZ |= (USB_OTG_DIEPTSIZ_PKTCNT & ((uint32_t)pktcnt << 19));
 2256              		.loc 1 801 65 view .LVU771
 2257 011a B5FBF6F5 		udiv	r5, r5, r6
 2258              	.LVL144:
 802:Drivers/STM32F4xx_HAL_Driver/Src/stm32f4xx_ll_usb.c **** 
 2259              		.loc 1 802 9 is_stmt 1 view .LVU772
 802:Drivers/STM32F4xx_HAL_Driver/Src/stm32f4xx_ll_usb.c **** 
 2260              		.loc 1 802 25 is_stmt 0 view .LVU773
 2261 011e 1E69     		ldr	r6, [r3, #16]
 2262 0120 1FFA85FC 		uxth	ip, r5
 802:Drivers/STM32F4xx_HAL_Driver/Src/stm32f4xx_ll_usb.c **** 
 2263              		.loc 1 802 64 view .LVU774
 2264 0124 494F     		ldr	r7, .L167
 2265 0126 07EAC545 		and	r5, r7, r5, lsl #19
 2266              	.LVL145:
 802:Drivers/STM32F4xx_HAL_Driver/Src/stm32f4xx_ll_usb.c **** 
 2267              		.loc 1 802 36 view .LVU775
 2268 012a 3543     		orrs	r5, r5, r6
 2269 012c 1D61     		str	r5, [r3, #16]
 804:Drivers/STM32F4xx_HAL_Driver/Src/stm32f4xx_ll_usb.c ****         {
 2270              		.loc 1 804 9 is_stmt 1 view .LVU776
 804:Drivers/STM32F4xx_HAL_Driver/Src/stm32f4xx_ll_usb.c ****         {
 2271              		.loc 1 804 15 is_stmt 0 view .LVU777
 2272 012e 0D79     		ldrb	r5, [r1, #4]	@ zero_extendqisi2
 804:Drivers/STM32F4xx_HAL_Driver/Src/stm32f4xx_ll_usb.c ****         {
 2273              		.loc 1 804 12 view .LVU778
 2274 0130 012D     		cmp	r5, #1
 2275 0132 E6D1     		bne	.L145
 806:Drivers/STM32F4xx_HAL_Driver/Src/stm32f4xx_ll_usb.c ****           USBx_INEP(epnum)->DIEPTSIZ |= (USB_OTG_DIEPTSIZ_MULCNT & ((uint32_t)pktcnt << 29));
 2276              		.loc 1 806 11 is_stmt 1 view .LVU779
 806:Drivers/STM32F4xx_HAL_Driver/Src/stm32f4xx_ll_usb.c ****           USBx_INEP(epnum)->DIEPTSIZ |= (USB_OTG_DIEPTSIZ_MULCNT & ((uint32_t)pktcnt << 29));
 2277              		.loc 1 806 27 is_stmt 0 view .LVU780
 2278 0134 1D69     		ldr	r5, [r3, #16]
 806:Drivers/STM32F4xx_HAL_Driver/Src/stm32f4xx_ll_usb.c ****           USBx_INEP(epnum)->DIEPTSIZ |= (USB_OTG_DIEPTSIZ_MULCNT & ((uint32_t)pktcnt << 29));
 2279              		.loc 1 806 38 view .LVU781
 2280 0136 25F0C045 		bic	r5, r5, #1610612736
 2281 013a 1D61     		str	r5, [r3, #16]
 807:Drivers/STM32F4xx_HAL_Driver/Src/stm32f4xx_ll_usb.c ****         }
 2282              		.loc 1 807 11 is_stmt 1 view .LVU782
 807:Drivers/STM32F4xx_HAL_Driver/Src/stm32f4xx_ll_usb.c ****         }
 2283              		.loc 1 807 27 is_stmt 0 view .LVU783
 2284 013c 1D69     		ldr	r5, [r3, #16]
 807:Drivers/STM32F4xx_HAL_Driver/Src/stm32f4xx_ll_usb.c ****         }
 2285              		.loc 1 807 86 view .LVU784
ARM GAS  /tmp/ccoaixhI.s 			page 79


 2286 013e 4FEA4C7C 		lsl	ip, ip, #29
 2287              	.LVL146:
 807:Drivers/STM32F4xx_HAL_Driver/Src/stm32f4xx_ll_usb.c ****         }
 2288              		.loc 1 807 66 view .LVU785
 2289 0142 0CF0C04C 		and	ip, ip, #1610612736
 807:Drivers/STM32F4xx_HAL_Driver/Src/stm32f4xx_ll_usb.c ****         }
 2290              		.loc 1 807 38 view .LVU786
 2291 0146 45EA0C05 		orr	r5, r5, ip
 2292 014a 1D61     		str	r5, [r3, #16]
 2293 014c D9E7     		b	.L145
 2294              	.LVL147:
 2295              	.L165:
 816:Drivers/STM32F4xx_HAL_Driver/Src/stm32f4xx_ll_usb.c ****       {
 2296              		.loc 1 816 7 is_stmt 1 view .LVU787
 816:Drivers/STM32F4xx_HAL_Driver/Src/stm32f4xx_ll_usb.c ****       {
 2297              		.loc 1 816 23 is_stmt 0 view .LVU788
 2298 014e CB69     		ldr	r3, [r1, #28]
 816:Drivers/STM32F4xx_HAL_Driver/Src/stm32f4xx_ll_usb.c ****       {
 2299              		.loc 1 816 10 view .LVU789
 2300 0150 1BB1     		cbz	r3, .L147
 818:Drivers/STM32F4xx_HAL_Driver/Src/stm32f4xx_ll_usb.c ****       }
 2301              		.loc 1 818 9 is_stmt 1 view .LVU790
 2302 0152 00EB4412 		add	r2, r0, r4, lsl #5
 2303              	.LVL148:
 818:Drivers/STM32F4xx_HAL_Driver/Src/stm32f4xx_ll_usb.c ****       }
 2304              		.loc 1 818 35 is_stmt 0 view .LVU791
 2305 0156 C2F81439 		str	r3, [r2, #2324]
 2306              	.L147:
 821:Drivers/STM32F4xx_HAL_Driver/Src/stm32f4xx_ll_usb.c ****       {
 2307              		.loc 1 821 7 is_stmt 1 view .LVU792
 821:Drivers/STM32F4xx_HAL_Driver/Src/stm32f4xx_ll_usb.c ****       {
 2308              		.loc 1 821 13 is_stmt 0 view .LVU793
 2309 015a 0B79     		ldrb	r3, [r1, #4]	@ zero_extendqisi2
 821:Drivers/STM32F4xx_HAL_Driver/Src/stm32f4xx_ll_usb.c ****       {
 2310              		.loc 1 821 10 view .LVU794
 2311 015c 012B     		cmp	r3, #1
 2312 015e 08D0     		beq	.L166
 2313              	.L148:
 834:Drivers/STM32F4xx_HAL_Driver/Src/stm32f4xx_ll_usb.c ****     }
 2314              		.loc 1 834 7 is_stmt 1 view .LVU795
 834:Drivers/STM32F4xx_HAL_Driver/Src/stm32f4xx_ll_usb.c ****     }
 2315              		.loc 1 834 23 is_stmt 0 view .LVU796
 2316 0160 00EB4414 		add	r4, r0, r4, lsl #5
 2317              	.LVL149:
 834:Drivers/STM32F4xx_HAL_Driver/Src/stm32f4xx_ll_usb.c ****     }
 2318              		.loc 1 834 23 view .LVU797
 2319 0164 D4F80039 		ldr	r3, [r4, #2304]
 834:Drivers/STM32F4xx_HAL_Driver/Src/stm32f4xx_ll_usb.c ****     }
 2320              		.loc 1 834 33 view .LVU798
 2321 0168 43F00443 		orr	r3, r3, #-2080374784
 2322 016c C4F80039 		str	r3, [r4, #2304]
 2323 0170 79E7     		b	.L150
 2324              	.LVL150:
 2325              	.L166:
 823:Drivers/STM32F4xx_HAL_Driver/Src/stm32f4xx_ll_usb.c ****         {
 2326              		.loc 1 823 9 is_stmt 1 view .LVU799
 823:Drivers/STM32F4xx_HAL_Driver/Src/stm32f4xx_ll_usb.c ****         {
ARM GAS  /tmp/ccoaixhI.s 			page 80


 2327              		.loc 1 823 25 is_stmt 0 view .LVU800
 2328 0172 D0F80838 		ldr	r3, [r0, #2056]
 823:Drivers/STM32F4xx_HAL_Driver/Src/stm32f4xx_ll_usb.c ****         {
 2329              		.loc 1 823 12 view .LVU801
 2330 0176 13F4807F 		tst	r3, #256
 2331 017a 08D1     		bne	.L149
 825:Drivers/STM32F4xx_HAL_Driver/Src/stm32f4xx_ll_usb.c ****         }
 2332              		.loc 1 825 11 is_stmt 1 view .LVU802
 825:Drivers/STM32F4xx_HAL_Driver/Src/stm32f4xx_ll_usb.c ****         }
 2333              		.loc 1 825 27 is_stmt 0 view .LVU803
 2334 017c 00EB4412 		add	r2, r0, r4, lsl #5
 2335 0180 D2F80039 		ldr	r3, [r2, #2304]
 825:Drivers/STM32F4xx_HAL_Driver/Src/stm32f4xx_ll_usb.c ****         }
 2336              		.loc 1 825 37 view .LVU804
 2337 0184 43F00053 		orr	r3, r3, #536870912
 2338 0188 C2F80039 		str	r3, [r2, #2304]
 2339 018c E8E7     		b	.L148
 2340              	.L149:
 829:Drivers/STM32F4xx_HAL_Driver/Src/stm32f4xx_ll_usb.c ****         }
 2341              		.loc 1 829 11 is_stmt 1 view .LVU805
 829:Drivers/STM32F4xx_HAL_Driver/Src/stm32f4xx_ll_usb.c ****         }
 2342              		.loc 1 829 27 is_stmt 0 view .LVU806
 2343 018e 00EB4412 		add	r2, r0, r4, lsl #5
 2344 0192 D2F80039 		ldr	r3, [r2, #2304]
 829:Drivers/STM32F4xx_HAL_Driver/Src/stm32f4xx_ll_usb.c ****         }
 2345              		.loc 1 829 37 view .LVU807
 2346 0196 43F08053 		orr	r3, r3, #268435456
 2347 019a C2F80039 		str	r3, [r2, #2304]
 2348 019e DFE7     		b	.L148
 2349              	.LVL151:
 2350              	.L151:
 851:Drivers/STM32F4xx_HAL_Driver/Src/stm32f4xx_ll_usb.c ****         {
 2351              		.loc 1 851 9 is_stmt 1 view .LVU808
 851:Drivers/STM32F4xx_HAL_Driver/Src/stm32f4xx_ll_usb.c ****         {
 2352              		.loc 1 851 25 is_stmt 0 view .LVU809
 2353 01a0 D0F80838 		ldr	r3, [r0, #2056]
 851:Drivers/STM32F4xx_HAL_Driver/Src/stm32f4xx_ll_usb.c ****         {
 2354              		.loc 1 851 12 view .LVU810
 2355 01a4 13F4807F 		tst	r3, #256
 2356 01a8 0CD1     		bne	.L152
 853:Drivers/STM32F4xx_HAL_Driver/Src/stm32f4xx_ll_usb.c ****         }
 2357              		.loc 1 853 11 is_stmt 1 view .LVU811
 853:Drivers/STM32F4xx_HAL_Driver/Src/stm32f4xx_ll_usb.c ****         }
 2358              		.loc 1 853 27 is_stmt 0 view .LVU812
 2359 01aa D4F80039 		ldr	r3, [r4, #2304]
 853:Drivers/STM32F4xx_HAL_Driver/Src/stm32f4xx_ll_usb.c ****         }
 2360              		.loc 1 853 37 view .LVU813
 2361 01ae 43F00053 		orr	r3, r3, #536870912
 2362 01b2 C4F80039 		str	r3, [r4, #2304]
 2363              	.L153:
 860:Drivers/STM32F4xx_HAL_Driver/Src/stm32f4xx_ll_usb.c ****       }
 2364              		.loc 1 860 9 is_stmt 1 view .LVU814
 860:Drivers/STM32F4xx_HAL_Driver/Src/stm32f4xx_ll_usb.c ****       }
 2365              		.loc 1 860 15 is_stmt 0 view .LVU815
 2366 01b6 0092     		str	r2, [sp]
 2367 01b8 0B8A     		ldrh	r3, [r1, #16]
 2368 01ba 0A78     		ldrb	r2, [r1]	@ zero_extendqisi2
ARM GAS  /tmp/ccoaixhI.s 			page 81


 2369              	.LVL152:
 860:Drivers/STM32F4xx_HAL_Driver/Src/stm32f4xx_ll_usb.c ****       }
 2370              		.loc 1 860 15 view .LVU816
 2371 01bc C968     		ldr	r1, [r1, #12]
 2372              	.LVL153:
 860:Drivers/STM32F4xx_HAL_Driver/Src/stm32f4xx_ll_usb.c ****       }
 2373              		.loc 1 860 15 view .LVU817
 2374 01be FFF7FEFF 		bl	USB_WritePacket
 2375              	.LVL154:
 860:Drivers/STM32F4xx_HAL_Driver/Src/stm32f4xx_ll_usb.c ****       }
 2376              		.loc 1 860 15 view .LVU818
 2377 01c2 50E7     		b	.L150
 2378              	.LVL155:
 2379              	.L152:
 857:Drivers/STM32F4xx_HAL_Driver/Src/stm32f4xx_ll_usb.c ****         }
 2380              		.loc 1 857 11 is_stmt 1 view .LVU819
 857:Drivers/STM32F4xx_HAL_Driver/Src/stm32f4xx_ll_usb.c ****         }
 2381              		.loc 1 857 27 is_stmt 0 view .LVU820
 2382 01c4 D4F80039 		ldr	r3, [r4, #2304]
 857:Drivers/STM32F4xx_HAL_Driver/Src/stm32f4xx_ll_usb.c ****         }
 2383              		.loc 1 857 37 view .LVU821
 2384 01c8 43F08053 		orr	r3, r3, #268435456
 2385 01cc C4F80039 		str	r3, [r4, #2304]
 2386 01d0 F1E7     		b	.L153
 2387              	.LVL156:
 2388              	.L154:
 888:Drivers/STM32F4xx_HAL_Driver/Src/stm32f4xx_ll_usb.c ****       {
 2389              		.loc 1 888 7 is_stmt 1 view .LVU822
 888:Drivers/STM32F4xx_HAL_Driver/Src/stm32f4xx_ll_usb.c ****       {
 2390              		.loc 1 888 13 is_stmt 0 view .LVU823
 2391 01d2 0C69     		ldr	r4, [r1, #16]
 2392              	.LVL157:
 888:Drivers/STM32F4xx_HAL_Driver/Src/stm32f4xx_ll_usb.c ****       {
 2393              		.loc 1 888 10 view .LVU824
 2394 01d4 54B9     		cbnz	r4, .L157
 890:Drivers/STM32F4xx_HAL_Driver/Src/stm32f4xx_ll_usb.c ****         USBx_OUTEP(epnum)->DOEPTSIZ |= (USB_OTG_DOEPTSIZ_PKTCNT & (1U << 19));
 2395              		.loc 1 890 9 is_stmt 1 view .LVU825
 890:Drivers/STM32F4xx_HAL_Driver/Src/stm32f4xx_ll_usb.c ****         USBx_OUTEP(epnum)->DOEPTSIZ |= (USB_OTG_DOEPTSIZ_PKTCNT & (1U << 19));
 2396              		.loc 1 890 26 is_stmt 0 view .LVU826
 2397 01d6 1C69     		ldr	r4, [r3, #16]
 890:Drivers/STM32F4xx_HAL_Driver/Src/stm32f4xx_ll_usb.c ****         USBx_OUTEP(epnum)->DOEPTSIZ |= (USB_OTG_DOEPTSIZ_PKTCNT & (1U << 19));
 2398              		.loc 1 890 69 view .LVU827
 2399 01d8 8D68     		ldr	r5, [r1, #8]
 890:Drivers/STM32F4xx_HAL_Driver/Src/stm32f4xx_ll_usb.c ****         USBx_OUTEP(epnum)->DOEPTSIZ |= (USB_OTG_DOEPTSIZ_PKTCNT & (1U << 19));
 2400              		.loc 1 890 65 view .LVU828
 2401 01da C5F31205 		ubfx	r5, r5, #0, #19
 890:Drivers/STM32F4xx_HAL_Driver/Src/stm32f4xx_ll_usb.c ****         USBx_OUTEP(epnum)->DOEPTSIZ |= (USB_OTG_DOEPTSIZ_PKTCNT & (1U << 19));
 2402              		.loc 1 890 37 view .LVU829
 2403 01de 2C43     		orrs	r4, r4, r5
 2404 01e0 1C61     		str	r4, [r3, #16]
 891:Drivers/STM32F4xx_HAL_Driver/Src/stm32f4xx_ll_usb.c ****       }
 2405              		.loc 1 891 9 is_stmt 1 view .LVU830
 891:Drivers/STM32F4xx_HAL_Driver/Src/stm32f4xx_ll_usb.c ****       }
 2406              		.loc 1 891 26 is_stmt 0 view .LVU831
 2407 01e2 1C69     		ldr	r4, [r3, #16]
 891:Drivers/STM32F4xx_HAL_Driver/Src/stm32f4xx_ll_usb.c ****       }
 2408              		.loc 1 891 37 view .LVU832
ARM GAS  /tmp/ccoaixhI.s 			page 82


 2409 01e4 44F40024 		orr	r4, r4, #524288
 2410 01e8 1C61     		str	r4, [r3, #16]
 2411 01ea 2FE7     		b	.L156
 2412              	.L157:
 895:Drivers/STM32F4xx_HAL_Driver/Src/stm32f4xx_ll_usb.c ****         ep->xfer_size = ep->maxpacket * pktcnt;
 2413              		.loc 1 895 9 is_stmt 1 view .LVU833
 895:Drivers/STM32F4xx_HAL_Driver/Src/stm32f4xx_ll_usb.c ****         ep->xfer_size = ep->maxpacket * pktcnt;
 2414              		.loc 1 895 47 is_stmt 0 view .LVU834
 2415 01ec 8D68     		ldr	r5, [r1, #8]
 895:Drivers/STM32F4xx_HAL_Driver/Src/stm32f4xx_ll_usb.c ****         ep->xfer_size = ep->maxpacket * pktcnt;
 2416              		.loc 1 895 43 view .LVU835
 2417 01ee 2C44     		add	r4, r4, r5
 895:Drivers/STM32F4xx_HAL_Driver/Src/stm32f4xx_ll_usb.c ****         ep->xfer_size = ep->maxpacket * pktcnt;
 2418              		.loc 1 895 59 view .LVU836
 2419 01f0 013C     		subs	r4, r4, #1
 895:Drivers/STM32F4xx_HAL_Driver/Src/stm32f4xx_ll_usb.c ****         ep->xfer_size = ep->maxpacket * pktcnt;
 2420              		.loc 1 895 65 view .LVU837
 2421 01f2 B4FBF5F4 		udiv	r4, r4, r5
 2422              	.LVL158:
 896:Drivers/STM32F4xx_HAL_Driver/Src/stm32f4xx_ll_usb.c **** 
 2423              		.loc 1 896 9 is_stmt 1 view .LVU838
 2424 01f6 A4B2     		uxth	r4, r4
 896:Drivers/STM32F4xx_HAL_Driver/Src/stm32f4xx_ll_usb.c **** 
 2425              		.loc 1 896 39 is_stmt 0 view .LVU839
 2426 01f8 04FB05F5 		mul	r5, r4, r5
 896:Drivers/STM32F4xx_HAL_Driver/Src/stm32f4xx_ll_usb.c **** 
 2427              		.loc 1 896 23 view .LVU840
 2428 01fc 0D62     		str	r5, [r1, #32]
 898:Drivers/STM32F4xx_HAL_Driver/Src/stm32f4xx_ll_usb.c ****         USBx_OUTEP(epnum)->DOEPTSIZ |= USB_OTG_DOEPTSIZ_XFRSIZ & ep->xfer_size;
 2429              		.loc 1 898 9 is_stmt 1 view .LVU841
 898:Drivers/STM32F4xx_HAL_Driver/Src/stm32f4xx_ll_usb.c ****         USBx_OUTEP(epnum)->DOEPTSIZ |= USB_OTG_DOEPTSIZ_XFRSIZ & ep->xfer_size;
 2430              		.loc 1 898 26 is_stmt 0 view .LVU842
 2431 01fe 1D69     		ldr	r5, [r3, #16]
 898:Drivers/STM32F4xx_HAL_Driver/Src/stm32f4xx_ll_usb.c ****         USBx_OUTEP(epnum)->DOEPTSIZ |= USB_OTG_DOEPTSIZ_XFRSIZ & ep->xfer_size;
 2432              		.loc 1 898 64 view .LVU843
 2433 0200 124E     		ldr	r6, .L167
 2434 0202 06EAC444 		and	r4, r6, r4, lsl #19
 2435              	.LVL159:
 898:Drivers/STM32F4xx_HAL_Driver/Src/stm32f4xx_ll_usb.c ****         USBx_OUTEP(epnum)->DOEPTSIZ |= USB_OTG_DOEPTSIZ_XFRSIZ & ep->xfer_size;
 2436              		.loc 1 898 37 view .LVU844
 2437 0206 2C43     		orrs	r4, r4, r5
 2438 0208 1C61     		str	r4, [r3, #16]
 2439              	.LVL160:
 899:Drivers/STM32F4xx_HAL_Driver/Src/stm32f4xx_ll_usb.c ****       }
 2440              		.loc 1 899 9 is_stmt 1 view .LVU845
 899:Drivers/STM32F4xx_HAL_Driver/Src/stm32f4xx_ll_usb.c ****       }
 2441              		.loc 1 899 26 is_stmt 0 view .LVU846
 2442 020a 1C69     		ldr	r4, [r3, #16]
 899:Drivers/STM32F4xx_HAL_Driver/Src/stm32f4xx_ll_usb.c ****       }
 2443              		.loc 1 899 68 view .LVU847
 2444 020c 0D6A     		ldr	r5, [r1, #32]
 899:Drivers/STM32F4xx_HAL_Driver/Src/stm32f4xx_ll_usb.c ****       }
 2445              		.loc 1 899 64 view .LVU848
 2446 020e C5F31205 		ubfx	r5, r5, #0, #19
 899:Drivers/STM32F4xx_HAL_Driver/Src/stm32f4xx_ll_usb.c ****       }
 2447              		.loc 1 899 37 view .LVU849
 2448 0212 2C43     		orrs	r4, r4, r5
ARM GAS  /tmp/ccoaixhI.s 			page 83


 2449 0214 1C61     		str	r4, [r3, #16]
 2450 0216 19E7     		b	.L156
 2451              	.LVL161:
 2452              	.L163:
 905:Drivers/STM32F4xx_HAL_Driver/Src/stm32f4xx_ll_usb.c ****       {
 2453              		.loc 1 905 7 is_stmt 1 view .LVU850
 905:Drivers/STM32F4xx_HAL_Driver/Src/stm32f4xx_ll_usb.c ****       {
 2454              		.loc 1 905 23 is_stmt 0 view .LVU851
 2455 0218 CA68     		ldr	r2, [r1, #12]
 2456              	.LVL162:
 905:Drivers/STM32F4xx_HAL_Driver/Src/stm32f4xx_ll_usb.c ****       {
 2457              		.loc 1 905 10 view .LVU852
 2458 021a 002A     		cmp	r2, #0
 2459 021c 3FF419AF 		beq	.L158
 907:Drivers/STM32F4xx_HAL_Driver/Src/stm32f4xx_ll_usb.c ****       }
 2460              		.loc 1 907 9 is_stmt 1 view .LVU853
 907:Drivers/STM32F4xx_HAL_Driver/Src/stm32f4xx_ll_usb.c ****       }
 2461              		.loc 1 907 36 is_stmt 0 view .LVU854
 2462 0220 5A61     		str	r2, [r3, #20]
 2463 0222 16E7     		b	.L158
 2464              	.L164:
 913:Drivers/STM32F4xx_HAL_Driver/Src/stm32f4xx_ll_usb.c ****       {
 2465              		.loc 1 913 7 is_stmt 1 view .LVU855
 913:Drivers/STM32F4xx_HAL_Driver/Src/stm32f4xx_ll_usb.c ****       {
 2466              		.loc 1 913 23 is_stmt 0 view .LVU856
 2467 0224 D0F80838 		ldr	r3, [r0, #2056]
 913:Drivers/STM32F4xx_HAL_Driver/Src/stm32f4xx_ll_usb.c ****       {
 2468              		.loc 1 913 10 view .LVU857
 2469 0228 13F4807F 		tst	r3, #256
 2470 022c 06D1     		bne	.L160
 915:Drivers/STM32F4xx_HAL_Driver/Src/stm32f4xx_ll_usb.c ****       }
 2471              		.loc 1 915 9 is_stmt 1 view .LVU858
 915:Drivers/STM32F4xx_HAL_Driver/Src/stm32f4xx_ll_usb.c ****       }
 2472              		.loc 1 915 26 is_stmt 0 view .LVU859
 2473 022e DCF8003B 		ldr	r3, [ip, #2816]
 915:Drivers/STM32F4xx_HAL_Driver/Src/stm32f4xx_ll_usb.c ****       }
 2474              		.loc 1 915 36 view .LVU860
 2475 0232 43F00053 		orr	r3, r3, #536870912
 2476 0236 CCF8003B 		str	r3, [ip, #2816]
 2477 023a 0EE7     		b	.L159
 2478              	.L160:
 919:Drivers/STM32F4xx_HAL_Driver/Src/stm32f4xx_ll_usb.c ****       }
 2479              		.loc 1 919 9 is_stmt 1 view .LVU861
 919:Drivers/STM32F4xx_HAL_Driver/Src/stm32f4xx_ll_usb.c ****       }
 2480              		.loc 1 919 26 is_stmt 0 view .LVU862
 2481 023c DCF8003B 		ldr	r3, [ip, #2816]
 919:Drivers/STM32F4xx_HAL_Driver/Src/stm32f4xx_ll_usb.c ****       }
 2482              		.loc 1 919 36 view .LVU863
 2483 0240 43F08053 		orr	r3, r3, #268435456
 2484 0244 CCF8003B 		str	r3, [ip, #2816]
 2485 0248 07E7     		b	.L159
 2486              	.L168:
 2487 024a 00BF     		.align	2
 2488              	.L167:
 2489 024c 0000F81F 		.word	536346624
 2490              		.cfi_endproc
 2491              	.LFE234:
ARM GAS  /tmp/ccoaixhI.s 			page 84


 2493              		.section	.text.USB_ReadPacket,"ax",%progbits
 2494              		.align	1
 2495              		.global	USB_ReadPacket
 2496              		.syntax unified
 2497              		.thumb
 2498              		.thumb_func
 2500              	USB_ReadPacket:
 2501              	.LVL163:
 2502              	.LFB237:
1032:Drivers/STM32F4xx_HAL_Driver/Src/stm32f4xx_ll_usb.c ****   uint32_t USBx_BASE = (uint32_t)USBx;
 2503              		.loc 1 1032 1 is_stmt 1 view -0
 2504              		.cfi_startproc
 2505              		@ args = 0, pretend = 0, frame = 0
 2506              		@ frame_needed = 0, uses_anonymous_args = 0
1032:Drivers/STM32F4xx_HAL_Driver/Src/stm32f4xx_ll_usb.c ****   uint32_t USBx_BASE = (uint32_t)USBx;
 2507              		.loc 1 1032 1 is_stmt 0 view .LVU865
 2508 0000 10B5     		push	{r4, lr}
 2509              	.LCFI34:
 2510              		.cfi_def_cfa_offset 8
 2511              		.cfi_offset 4, -8
 2512              		.cfi_offset 14, -4
 2513 0002 8446     		mov	ip, r0
 2514 0004 0846     		mov	r0, r1
 2515              	.LVL164:
1033:Drivers/STM32F4xx_HAL_Driver/Src/stm32f4xx_ll_usb.c ****   uint8_t *pDest = dest;
 2516              		.loc 1 1033 3 is_stmt 1 view .LVU866
1034:Drivers/STM32F4xx_HAL_Driver/Src/stm32f4xx_ll_usb.c ****   uint32_t pData;
 2517              		.loc 1 1034 3 view .LVU867
1035:Drivers/STM32F4xx_HAL_Driver/Src/stm32f4xx_ll_usb.c ****   uint32_t i;
 2518              		.loc 1 1035 3 view .LVU868
1036:Drivers/STM32F4xx_HAL_Driver/Src/stm32f4xx_ll_usb.c ****   uint32_t count32b = (uint32_t)len >> 2U;
 2519              		.loc 1 1036 3 view .LVU869
1037:Drivers/STM32F4xx_HAL_Driver/Src/stm32f4xx_ll_usb.c ****   uint16_t remaining_bytes = len % 4U;
 2520              		.loc 1 1037 3 view .LVU870
1037:Drivers/STM32F4xx_HAL_Driver/Src/stm32f4xx_ll_usb.c ****   uint16_t remaining_bytes = len % 4U;
 2521              		.loc 1 1037 37 is_stmt 0 view .LVU871
 2522 0006 4FEA920E 		lsr	lr, r2, #2
 2523              	.LVL165:
1038:Drivers/STM32F4xx_HAL_Driver/Src/stm32f4xx_ll_usb.c **** 
 2524              		.loc 1 1038 3 is_stmt 1 view .LVU872
1038:Drivers/STM32F4xx_HAL_Driver/Src/stm32f4xx_ll_usb.c **** 
 2525              		.loc 1 1038 12 is_stmt 0 view .LVU873
 2526 000a 02F00302 		and	r2, r2, #3
 2527              	.LVL166:
1040:Drivers/STM32F4xx_HAL_Driver/Src/stm32f4xx_ll_usb.c ****   {
 2528              		.loc 1 1040 3 is_stmt 1 view .LVU874
1040:Drivers/STM32F4xx_HAL_Driver/Src/stm32f4xx_ll_usb.c ****   {
 2529              		.loc 1 1040 10 is_stmt 0 view .LVU875
 2530 000e 0023     		movs	r3, #0
1040:Drivers/STM32F4xx_HAL_Driver/Src/stm32f4xx_ll_usb.c ****   {
 2531              		.loc 1 1040 3 view .LVU876
 2532 0010 05E0     		b	.L170
 2533              	.LVL167:
 2534              	.L171:
1042:Drivers/STM32F4xx_HAL_Driver/Src/stm32f4xx_ll_usb.c ****     pDest++;
 2535              		.loc 1 1042 5 is_stmt 1 discriminator 3 view .LVU877
 2536 0012 0CF58051 		add	r1, ip, #4096
ARM GAS  /tmp/ccoaixhI.s 			page 85


 2537 0016 0968     		ldr	r1, [r1]
 2538 0018 40F8041B 		str	r1, [r0], #4	@ unaligned
 2539              	.LVL168:
1043:Drivers/STM32F4xx_HAL_Driver/Src/stm32f4xx_ll_usb.c ****     pDest++;
 2540              		.loc 1 1043 5 discriminator 3 view .LVU878
1044:Drivers/STM32F4xx_HAL_Driver/Src/stm32f4xx_ll_usb.c ****     pDest++;
 2541              		.loc 1 1044 5 discriminator 3 view .LVU879
1045:Drivers/STM32F4xx_HAL_Driver/Src/stm32f4xx_ll_usb.c ****     pDest++;
 2542              		.loc 1 1045 5 discriminator 3 view .LVU880
1046:Drivers/STM32F4xx_HAL_Driver/Src/stm32f4xx_ll_usb.c ****   }
 2543              		.loc 1 1046 5 discriminator 3 view .LVU881
1040:Drivers/STM32F4xx_HAL_Driver/Src/stm32f4xx_ll_usb.c ****   {
 2544              		.loc 1 1040 31 discriminator 3 view .LVU882
 2545 001c 0133     		adds	r3, r3, #1
 2546              	.LVL169:
 2547              	.L170:
1040:Drivers/STM32F4xx_HAL_Driver/Src/stm32f4xx_ll_usb.c ****   {
 2548              		.loc 1 1040 18 discriminator 1 view .LVU883
 2549 001e 7345     		cmp	r3, lr
 2550 0020 F7D3     		bcc	.L171
1050:Drivers/STM32F4xx_HAL_Driver/Src/stm32f4xx_ll_usb.c ****   {
 2551              		.loc 1 1050 3 view .LVU884
1050:Drivers/STM32F4xx_HAL_Driver/Src/stm32f4xx_ll_usb.c ****   {
 2552              		.loc 1 1050 6 is_stmt 0 view .LVU885
 2553 0022 7AB1     		cbz	r2, .L172
1052:Drivers/STM32F4xx_HAL_Driver/Src/stm32f4xx_ll_usb.c ****     __UNALIGNED_UINT32_WRITE(&pData, USBx_DFIFO(0U));
 2554              		.loc 1 1052 5 is_stmt 1 view .LVU886
 2555              	.LVL170:
1053:Drivers/STM32F4xx_HAL_Driver/Src/stm32f4xx_ll_usb.c **** 
 2556              		.loc 1 1053 5 view .LVU887
 2557 0024 0CF5805C 		add	ip, ip, #4096
 2558              	.LVL171:
1053:Drivers/STM32F4xx_HAL_Driver/Src/stm32f4xx_ll_usb.c **** 
 2559              		.loc 1 1053 5 is_stmt 0 view .LVU888
 2560 0028 DCF80040 		ldr	r4, [ip]
1052:Drivers/STM32F4xx_HAL_Driver/Src/stm32f4xx_ll_usb.c ****     __UNALIGNED_UINT32_WRITE(&pData, USBx_DFIFO(0U));
 2561              		.loc 1 1052 7 view .LVU889
 2562 002c 0021     		movs	r1, #0
 2563              	.LVL172:
 2564              	.L173:
1055:Drivers/STM32F4xx_HAL_Driver/Src/stm32f4xx_ll_usb.c ****     {
 2565              		.loc 1 1055 5 is_stmt 1 discriminator 1 view .LVU890
1057:Drivers/STM32F4xx_HAL_Driver/Src/stm32f4xx_ll_usb.c ****       i++;
 2566              		.loc 1 1057 7 discriminator 1 view .LVU891
1057:Drivers/STM32F4xx_HAL_Driver/Src/stm32f4xx_ll_usb.c ****       i++;
 2567              		.loc 1 1057 50 is_stmt 0 discriminator 1 view .LVU892
 2568 002e CBB2     		uxtb	r3, r1
 2569 0030 DB00     		lsls	r3, r3, #3
1057:Drivers/STM32F4xx_HAL_Driver/Src/stm32f4xx_ll_usb.c ****       i++;
 2570              		.loc 1 1057 43 discriminator 1 view .LVU893
 2571 0032 24FA03F3 		lsr	r3, r4, r3
1057:Drivers/STM32F4xx_HAL_Driver/Src/stm32f4xx_ll_usb.c ****       i++;
 2572              		.loc 1 1057 25 discriminator 1 view .LVU894
 2573 0036 00F8013B 		strb	r3, [r0], #1
 2574              	.LVL173:
1058:Drivers/STM32F4xx_HAL_Driver/Src/stm32f4xx_ll_usb.c ****       pDest++;
 2575              		.loc 1 1058 7 is_stmt 1 discriminator 1 view .LVU895
ARM GAS  /tmp/ccoaixhI.s 			page 86


1058:Drivers/STM32F4xx_HAL_Driver/Src/stm32f4xx_ll_usb.c ****       pDest++;
 2576              		.loc 1 1058 8 is_stmt 0 discriminator 1 view .LVU896
 2577 003a 0131     		adds	r1, r1, #1
 2578              	.LVL174:
1059:Drivers/STM32F4xx_HAL_Driver/Src/stm32f4xx_ll_usb.c ****       remaining_bytes--;
 2579              		.loc 1 1059 7 is_stmt 1 discriminator 1 view .LVU897
1060:Drivers/STM32F4xx_HAL_Driver/Src/stm32f4xx_ll_usb.c ****     } while (remaining_bytes != 0U);
 2580              		.loc 1 1060 7 discriminator 1 view .LVU898
1060:Drivers/STM32F4xx_HAL_Driver/Src/stm32f4xx_ll_usb.c ****     } while (remaining_bytes != 0U);
 2581              		.loc 1 1060 22 is_stmt 0 discriminator 1 view .LVU899
 2582 003c 013A     		subs	r2, r2, #1
 2583              	.LVL175:
1060:Drivers/STM32F4xx_HAL_Driver/Src/stm32f4xx_ll_usb.c ****     } while (remaining_bytes != 0U);
 2584              		.loc 1 1060 22 discriminator 1 view .LVU900
 2585 003e 92B2     		uxth	r2, r2
 2586              	.LVL176:
1061:Drivers/STM32F4xx_HAL_Driver/Src/stm32f4xx_ll_usb.c ****   }
 2587              		.loc 1 1061 30 is_stmt 1 discriminator 1 view .LVU901
 2588 0040 002A     		cmp	r2, #0
 2589 0042 F4D1     		bne	.L173
 2590              	.LVL177:
 2591              	.L172:
1064:Drivers/STM32F4xx_HAL_Driver/Src/stm32f4xx_ll_usb.c **** }
 2592              		.loc 1 1064 3 view .LVU902
1065:Drivers/STM32F4xx_HAL_Driver/Src/stm32f4xx_ll_usb.c **** 
 2593              		.loc 1 1065 1 is_stmt 0 view .LVU903
 2594 0044 10BD     		pop	{r4, pc}
 2595              		.cfi_endproc
 2596              	.LFE237:
 2598              		.section	.text.USB_EPSetStall,"ax",%progbits
 2599              		.align	1
 2600              		.global	USB_EPSetStall
 2601              		.syntax unified
 2602              		.thumb
 2603              		.thumb_func
 2605              	USB_EPSetStall:
 2606              	.LVL178:
 2607              	.LFB238:
1074:Drivers/STM32F4xx_HAL_Driver/Src/stm32f4xx_ll_usb.c ****   uint32_t USBx_BASE = (uint32_t)USBx;
 2608              		.loc 1 1074 1 is_stmt 1 view -0
 2609              		.cfi_startproc
 2610              		@ args = 0, pretend = 0, frame = 0
 2611              		@ frame_needed = 0, uses_anonymous_args = 0
 2612              		@ link register save eliminated.
1075:Drivers/STM32F4xx_HAL_Driver/Src/stm32f4xx_ll_usb.c ****   uint32_t epnum = (uint32_t)ep->num;
 2613              		.loc 1 1075 3 view .LVU905
1076:Drivers/STM32F4xx_HAL_Driver/Src/stm32f4xx_ll_usb.c **** 
 2614              		.loc 1 1076 3 view .LVU906
1076:Drivers/STM32F4xx_HAL_Driver/Src/stm32f4xx_ll_usb.c **** 
 2615              		.loc 1 1076 32 is_stmt 0 view .LVU907
 2616 0000 0B78     		ldrb	r3, [r1]	@ zero_extendqisi2
 2617              	.LVL179:
1078:Drivers/STM32F4xx_HAL_Driver/Src/stm32f4xx_ll_usb.c ****   {
 2618              		.loc 1 1078 3 is_stmt 1 view .LVU908
1078:Drivers/STM32F4xx_HAL_Driver/Src/stm32f4xx_ll_usb.c ****   {
 2619              		.loc 1 1078 9 is_stmt 0 view .LVU909
 2620 0002 4A78     		ldrb	r2, [r1, #1]	@ zero_extendqisi2
ARM GAS  /tmp/ccoaixhI.s 			page 87


1078:Drivers/STM32F4xx_HAL_Driver/Src/stm32f4xx_ll_usb.c ****   {
 2621              		.loc 1 1078 6 view .LVU910
 2622 0004 012A     		cmp	r2, #1
 2623 0006 14D0     		beq	.L180
1088:Drivers/STM32F4xx_HAL_Driver/Src/stm32f4xx_ll_usb.c ****     {
 2624              		.loc 1 1088 5 is_stmt 1 view .LVU911
1088:Drivers/STM32F4xx_HAL_Driver/Src/stm32f4xx_ll_usb.c ****     {
 2625              		.loc 1 1088 11 is_stmt 0 view .LVU912
 2626 0008 00EB4310 		add	r0, r0, r3, lsl #5
 2627              	.LVL180:
1088:Drivers/STM32F4xx_HAL_Driver/Src/stm32f4xx_ll_usb.c ****     {
 2628              		.loc 1 1088 28 view .LVU913
 2629 000c D0F8002B 		ldr	r2, [r0, #2816]
1088:Drivers/STM32F4xx_HAL_Driver/Src/stm32f4xx_ll_usb.c ****     {
 2630              		.loc 1 1088 8 view .LVU914
 2631 0010 002A     		cmp	r2, #0
 2632 0012 06DB     		blt	.L179
1088:Drivers/STM32F4xx_HAL_Driver/Src/stm32f4xx_ll_usb.c ****     {
 2633              		.loc 1 1088 70 discriminator 1 view .LVU915
 2634 0014 2BB1     		cbz	r3, .L179
1090:Drivers/STM32F4xx_HAL_Driver/Src/stm32f4xx_ll_usb.c ****     }
 2635              		.loc 1 1090 7 is_stmt 1 view .LVU916
1090:Drivers/STM32F4xx_HAL_Driver/Src/stm32f4xx_ll_usb.c ****     }
 2636              		.loc 1 1090 24 is_stmt 0 view .LVU917
 2637 0016 D0F8003B 		ldr	r3, [r0, #2816]
 2638              	.LVL181:
1090:Drivers/STM32F4xx_HAL_Driver/Src/stm32f4xx_ll_usb.c ****     }
 2639              		.loc 1 1090 34 view .LVU918
 2640 001a 23F08043 		bic	r3, r3, #1073741824
 2641 001e C0F8003B 		str	r3, [r0, #2816]
 2642              	.LVL182:
 2643              	.L179:
1092:Drivers/STM32F4xx_HAL_Driver/Src/stm32f4xx_ll_usb.c ****   }
 2644              		.loc 1 1092 5 is_stmt 1 view .LVU919
1092:Drivers/STM32F4xx_HAL_Driver/Src/stm32f4xx_ll_usb.c ****   }
 2645              		.loc 1 1092 22 is_stmt 0 view .LVU920
 2646 0022 D0F8003B 		ldr	r3, [r0, #2816]
1092:Drivers/STM32F4xx_HAL_Driver/Src/stm32f4xx_ll_usb.c ****   }
 2647              		.loc 1 1092 32 view .LVU921
 2648 0026 43F40013 		orr	r3, r3, #2097152
 2649 002a C0F8003B 		str	r3, [r0, #2816]
 2650              	.L178:
1095:Drivers/STM32F4xx_HAL_Driver/Src/stm32f4xx_ll_usb.c **** }
 2651              		.loc 1 1095 3 is_stmt 1 view .LVU922
1096:Drivers/STM32F4xx_HAL_Driver/Src/stm32f4xx_ll_usb.c **** 
 2652              		.loc 1 1096 1 is_stmt 0 view .LVU923
 2653 002e 0020     		movs	r0, #0
 2654 0030 7047     		bx	lr
 2655              	.LVL183:
 2656              	.L180:
1080:Drivers/STM32F4xx_HAL_Driver/Src/stm32f4xx_ll_usb.c ****     {
 2657              		.loc 1 1080 5 is_stmt 1 view .LVU924
1080:Drivers/STM32F4xx_HAL_Driver/Src/stm32f4xx_ll_usb.c ****     {
 2658              		.loc 1 1080 11 is_stmt 0 view .LVU925
 2659 0032 00EB4310 		add	r0, r0, r3, lsl #5
 2660              	.LVL184:
1080:Drivers/STM32F4xx_HAL_Driver/Src/stm32f4xx_ll_usb.c ****     {
ARM GAS  /tmp/ccoaixhI.s 			page 88


 2661              		.loc 1 1080 27 view .LVU926
 2662 0036 D0F80029 		ldr	r2, [r0, #2304]
1080:Drivers/STM32F4xx_HAL_Driver/Src/stm32f4xx_ll_usb.c ****     {
 2663              		.loc 1 1080 8 view .LVU927
 2664 003a 002A     		cmp	r2, #0
 2665 003c 06DB     		blt	.L177
1080:Drivers/STM32F4xx_HAL_Driver/Src/stm32f4xx_ll_usb.c ****     {
 2666              		.loc 1 1080 69 discriminator 1 view .LVU928
 2667 003e 2BB1     		cbz	r3, .L177
1082:Drivers/STM32F4xx_HAL_Driver/Src/stm32f4xx_ll_usb.c ****     }
 2668              		.loc 1 1082 7 is_stmt 1 view .LVU929
1082:Drivers/STM32F4xx_HAL_Driver/Src/stm32f4xx_ll_usb.c ****     }
 2669              		.loc 1 1082 23 is_stmt 0 view .LVU930
 2670 0040 D0F80039 		ldr	r3, [r0, #2304]
 2671              	.LVL185:
1082:Drivers/STM32F4xx_HAL_Driver/Src/stm32f4xx_ll_usb.c ****     }
 2672              		.loc 1 1082 33 view .LVU931
 2673 0044 23F08043 		bic	r3, r3, #1073741824
 2674 0048 C0F80039 		str	r3, [r0, #2304]
 2675              	.LVL186:
 2676              	.L177:
1084:Drivers/STM32F4xx_HAL_Driver/Src/stm32f4xx_ll_usb.c ****   }
 2677              		.loc 1 1084 5 is_stmt 1 view .LVU932
1084:Drivers/STM32F4xx_HAL_Driver/Src/stm32f4xx_ll_usb.c ****   }
 2678              		.loc 1 1084 21 is_stmt 0 view .LVU933
 2679 004c D0F80039 		ldr	r3, [r0, #2304]
1084:Drivers/STM32F4xx_HAL_Driver/Src/stm32f4xx_ll_usb.c ****   }
 2680              		.loc 1 1084 31 view .LVU934
 2681 0050 43F40013 		orr	r3, r3, #2097152
 2682 0054 C0F80039 		str	r3, [r0, #2304]
 2683 0058 E9E7     		b	.L178
 2684              		.cfi_endproc
 2685              	.LFE238:
 2687              		.section	.text.USB_EPClearStall,"ax",%progbits
 2688              		.align	1
 2689              		.global	USB_EPClearStall
 2690              		.syntax unified
 2691              		.thumb
 2692              		.thumb_func
 2694              	USB_EPClearStall:
 2695              	.LVL187:
 2696              	.LFB239:
1105:Drivers/STM32F4xx_HAL_Driver/Src/stm32f4xx_ll_usb.c ****   uint32_t USBx_BASE = (uint32_t)USBx;
 2697              		.loc 1 1105 1 is_stmt 1 view -0
 2698              		.cfi_startproc
 2699              		@ args = 0, pretend = 0, frame = 0
 2700              		@ frame_needed = 0, uses_anonymous_args = 0
 2701              		@ link register save eliminated.
1106:Drivers/STM32F4xx_HAL_Driver/Src/stm32f4xx_ll_usb.c ****   uint32_t epnum = (uint32_t)ep->num;
 2702              		.loc 1 1106 3 view .LVU936
1107:Drivers/STM32F4xx_HAL_Driver/Src/stm32f4xx_ll_usb.c **** 
 2703              		.loc 1 1107 3 view .LVU937
1107:Drivers/STM32F4xx_HAL_Driver/Src/stm32f4xx_ll_usb.c **** 
 2704              		.loc 1 1107 32 is_stmt 0 view .LVU938
 2705 0000 0B78     		ldrb	r3, [r1]	@ zero_extendqisi2
 2706              	.LVL188:
1109:Drivers/STM32F4xx_HAL_Driver/Src/stm32f4xx_ll_usb.c ****   {
ARM GAS  /tmp/ccoaixhI.s 			page 89


 2707              		.loc 1 1109 3 is_stmt 1 view .LVU939
1109:Drivers/STM32F4xx_HAL_Driver/Src/stm32f4xx_ll_usb.c ****   {
 2708              		.loc 1 1109 9 is_stmt 0 view .LVU940
 2709 0002 4A78     		ldrb	r2, [r1, #1]	@ zero_extendqisi2
1109:Drivers/STM32F4xx_HAL_Driver/Src/stm32f4xx_ll_usb.c ****   {
 2710              		.loc 1 1109 6 view .LVU941
 2711 0004 012A     		cmp	r2, #1
 2712 0006 0ED0     		beq	.L184
1119:Drivers/STM32F4xx_HAL_Driver/Src/stm32f4xx_ll_usb.c ****     if ((ep->type == EP_TYPE_INTR) || (ep->type == EP_TYPE_BULK))
 2713              		.loc 1 1119 5 is_stmt 1 view .LVU942
1119:Drivers/STM32F4xx_HAL_Driver/Src/stm32f4xx_ll_usb.c ****     if ((ep->type == EP_TYPE_INTR) || (ep->type == EP_TYPE_BULK))
 2714              		.loc 1 1119 22 is_stmt 0 view .LVU943
 2715 0008 00EB4310 		add	r0, r0, r3, lsl #5
 2716              	.LVL189:
1119:Drivers/STM32F4xx_HAL_Driver/Src/stm32f4xx_ll_usb.c ****     if ((ep->type == EP_TYPE_INTR) || (ep->type == EP_TYPE_BULK))
 2717              		.loc 1 1119 22 view .LVU944
 2718 000c D0F8003B 		ldr	r3, [r0, #2816]
 2719              	.LVL190:
1119:Drivers/STM32F4xx_HAL_Driver/Src/stm32f4xx_ll_usb.c ****     if ((ep->type == EP_TYPE_INTR) || (ep->type == EP_TYPE_BULK))
 2720              		.loc 1 1119 32 view .LVU945
 2721 0010 23F40013 		bic	r3, r3, #2097152
 2722 0014 C0F8003B 		str	r3, [r0, #2816]
 2723              	.LVL191:
1120:Drivers/STM32F4xx_HAL_Driver/Src/stm32f4xx_ll_usb.c ****     {
 2724              		.loc 1 1120 5 is_stmt 1 view .LVU946
1120:Drivers/STM32F4xx_HAL_Driver/Src/stm32f4xx_ll_usb.c ****     {
 2725              		.loc 1 1120 12 is_stmt 0 view .LVU947
 2726 0018 0B79     		ldrb	r3, [r1, #4]	@ zero_extendqisi2
1120:Drivers/STM32F4xx_HAL_Driver/Src/stm32f4xx_ll_usb.c ****     {
 2727              		.loc 1 1120 36 view .LVU948
 2728 001a 023B     		subs	r3, r3, #2
 2729 001c DBB2     		uxtb	r3, r3
1120:Drivers/STM32F4xx_HAL_Driver/Src/stm32f4xx_ll_usb.c ****     {
 2730              		.loc 1 1120 8 view .LVU949
 2731 001e 012B     		cmp	r3, #1
 2732 0020 15D9     		bls	.L185
 2733              	.L183:
1125:Drivers/STM32F4xx_HAL_Driver/Src/stm32f4xx_ll_usb.c **** }
 2734              		.loc 1 1125 3 is_stmt 1 view .LVU950
1126:Drivers/STM32F4xx_HAL_Driver/Src/stm32f4xx_ll_usb.c **** 
 2735              		.loc 1 1126 1 is_stmt 0 view .LVU951
 2736 0022 0020     		movs	r0, #0
 2737 0024 7047     		bx	lr
 2738              	.LVL192:
 2739              	.L184:
1111:Drivers/STM32F4xx_HAL_Driver/Src/stm32f4xx_ll_usb.c ****     if ((ep->type == EP_TYPE_INTR) || (ep->type == EP_TYPE_BULK))
 2740              		.loc 1 1111 5 is_stmt 1 view .LVU952
1111:Drivers/STM32F4xx_HAL_Driver/Src/stm32f4xx_ll_usb.c ****     if ((ep->type == EP_TYPE_INTR) || (ep->type == EP_TYPE_BULK))
 2741              		.loc 1 1111 21 is_stmt 0 view .LVU953
 2742 0026 00EB4310 		add	r0, r0, r3, lsl #5
 2743              	.LVL193:
1111:Drivers/STM32F4xx_HAL_Driver/Src/stm32f4xx_ll_usb.c ****     if ((ep->type == EP_TYPE_INTR) || (ep->type == EP_TYPE_BULK))
 2744              		.loc 1 1111 21 view .LVU954
 2745 002a D0F80039 		ldr	r3, [r0, #2304]
 2746              	.LVL194:
1111:Drivers/STM32F4xx_HAL_Driver/Src/stm32f4xx_ll_usb.c ****     if ((ep->type == EP_TYPE_INTR) || (ep->type == EP_TYPE_BULK))
 2747              		.loc 1 1111 31 view .LVU955
ARM GAS  /tmp/ccoaixhI.s 			page 90


 2748 002e 23F40013 		bic	r3, r3, #2097152
 2749 0032 C0F80039 		str	r3, [r0, #2304]
 2750              	.LVL195:
1112:Drivers/STM32F4xx_HAL_Driver/Src/stm32f4xx_ll_usb.c ****     {
 2751              		.loc 1 1112 5 is_stmt 1 view .LVU956
1112:Drivers/STM32F4xx_HAL_Driver/Src/stm32f4xx_ll_usb.c ****     {
 2752              		.loc 1 1112 12 is_stmt 0 view .LVU957
 2753 0036 0B79     		ldrb	r3, [r1, #4]	@ zero_extendqisi2
1112:Drivers/STM32F4xx_HAL_Driver/Src/stm32f4xx_ll_usb.c ****     {
 2754              		.loc 1 1112 36 view .LVU958
 2755 0038 023B     		subs	r3, r3, #2
 2756 003a DBB2     		uxtb	r3, r3
1112:Drivers/STM32F4xx_HAL_Driver/Src/stm32f4xx_ll_usb.c ****     {
 2757              		.loc 1 1112 8 view .LVU959
 2758 003c 012B     		cmp	r3, #1
 2759 003e F0D8     		bhi	.L183
1114:Drivers/STM32F4xx_HAL_Driver/Src/stm32f4xx_ll_usb.c ****     }
 2760              		.loc 1 1114 7 is_stmt 1 view .LVU960
1114:Drivers/STM32F4xx_HAL_Driver/Src/stm32f4xx_ll_usb.c ****     }
 2761              		.loc 1 1114 23 is_stmt 0 view .LVU961
 2762 0040 D0F80039 		ldr	r3, [r0, #2304]
1114:Drivers/STM32F4xx_HAL_Driver/Src/stm32f4xx_ll_usb.c ****     }
 2763              		.loc 1 1114 33 view .LVU962
 2764 0044 43F08053 		orr	r3, r3, #268435456
 2765 0048 C0F80039 		str	r3, [r0, #2304]
 2766 004c E9E7     		b	.L183
 2767              	.L185:
1122:Drivers/STM32F4xx_HAL_Driver/Src/stm32f4xx_ll_usb.c ****     }
 2768              		.loc 1 1122 7 is_stmt 1 view .LVU963
1122:Drivers/STM32F4xx_HAL_Driver/Src/stm32f4xx_ll_usb.c ****     }
 2769              		.loc 1 1122 24 is_stmt 0 view .LVU964
 2770 004e D0F8003B 		ldr	r3, [r0, #2816]
1122:Drivers/STM32F4xx_HAL_Driver/Src/stm32f4xx_ll_usb.c ****     }
 2771              		.loc 1 1122 34 view .LVU965
 2772 0052 43F08053 		orr	r3, r3, #268435456
 2773 0056 C0F8003B 		str	r3, [r0, #2816]
 2774 005a E2E7     		b	.L183
 2775              		.cfi_endproc
 2776              	.LFE239:
 2778              		.section	.text.USB_StopDevice,"ax",%progbits
 2779              		.align	1
 2780              		.global	USB_StopDevice
 2781              		.syntax unified
 2782              		.thumb
 2783              		.thumb_func
 2785              	USB_StopDevice:
 2786              	.LVL196:
 2787              	.LFB240:
1134:Drivers/STM32F4xx_HAL_Driver/Src/stm32f4xx_ll_usb.c ****   HAL_StatusTypeDef ret;
 2788              		.loc 1 1134 1 is_stmt 1 view -0
 2789              		.cfi_startproc
 2790              		@ args = 0, pretend = 0, frame = 0
 2791              		@ frame_needed = 0, uses_anonymous_args = 0
1134:Drivers/STM32F4xx_HAL_Driver/Src/stm32f4xx_ll_usb.c ****   HAL_StatusTypeDef ret;
 2792              		.loc 1 1134 1 is_stmt 0 view .LVU967
 2793 0000 10B5     		push	{r4, lr}
 2794              	.LCFI35:
ARM GAS  /tmp/ccoaixhI.s 			page 91


 2795              		.cfi_def_cfa_offset 8
 2796              		.cfi_offset 4, -8
 2797              		.cfi_offset 14, -4
 2798 0002 0446     		mov	r4, r0
1135:Drivers/STM32F4xx_HAL_Driver/Src/stm32f4xx_ll_usb.c ****   uint32_t USBx_BASE = (uint32_t)USBx;
 2799              		.loc 1 1135 3 is_stmt 1 view .LVU968
1136:Drivers/STM32F4xx_HAL_Driver/Src/stm32f4xx_ll_usb.c ****   uint32_t i;
 2800              		.loc 1 1136 3 view .LVU969
 2801              	.LVL197:
1137:Drivers/STM32F4xx_HAL_Driver/Src/stm32f4xx_ll_usb.c **** 
 2802              		.loc 1 1137 3 view .LVU970
1140:Drivers/STM32F4xx_HAL_Driver/Src/stm32f4xx_ll_usb.c ****   {
 2803              		.loc 1 1140 3 view .LVU971
1140:Drivers/STM32F4xx_HAL_Driver/Src/stm32f4xx_ll_usb.c ****   {
 2804              		.loc 1 1140 10 is_stmt 0 view .LVU972
 2805 0004 0022     		movs	r2, #0
1140:Drivers/STM32F4xx_HAL_Driver/Src/stm32f4xx_ll_usb.c ****   {
 2806              		.loc 1 1140 3 view .LVU973
 2807 0006 08E0     		b	.L187
 2808              	.LVL198:
 2809              	.L188:
1142:Drivers/STM32F4xx_HAL_Driver/Src/stm32f4xx_ll_usb.c ****     USBx_OUTEP(i)->DOEPINT = 0xFB7FU;
 2810              		.loc 1 1142 5 is_stmt 1 discriminator 3 view .LVU974
 2811 0008 04EB4213 		add	r3, r4, r2, lsl #5
1142:Drivers/STM32F4xx_HAL_Driver/Src/stm32f4xx_ll_usb.c ****     USBx_OUTEP(i)->DOEPINT = 0xFB7FU;
 2812              		.loc 1 1142 27 is_stmt 0 discriminator 3 view .LVU975
 2813 000c 4FF67F31 		movw	r1, #64383
 2814 0010 C3F80819 		str	r1, [r3, #2312]
1143:Drivers/STM32F4xx_HAL_Driver/Src/stm32f4xx_ll_usb.c ****   }
 2815              		.loc 1 1143 5 is_stmt 1 discriminator 3 view .LVU976
1143:Drivers/STM32F4xx_HAL_Driver/Src/stm32f4xx_ll_usb.c ****   }
 2816              		.loc 1 1143 28 is_stmt 0 discriminator 3 view .LVU977
 2817 0014 C3F8081B 		str	r1, [r3, #2824]
1140:Drivers/STM32F4xx_HAL_Driver/Src/stm32f4xx_ll_usb.c ****   {
 2818              		.loc 1 1140 26 is_stmt 1 discriminator 3 view .LVU978
 2819 0018 0132     		adds	r2, r2, #1
 2820              	.LVL199:
 2821              	.L187:
1140:Drivers/STM32F4xx_HAL_Driver/Src/stm32f4xx_ll_usb.c ****   {
 2822              		.loc 1 1140 18 discriminator 1 view .LVU979
 2823 001a 0E2A     		cmp	r2, #14
 2824 001c F4D9     		bls	.L188
1147:Drivers/STM32F4xx_HAL_Driver/Src/stm32f4xx_ll_usb.c ****   USBx_DEVICE->DOEPMSK  = 0U;
 2825              		.loc 1 1147 3 view .LVU980
1147:Drivers/STM32F4xx_HAL_Driver/Src/stm32f4xx_ll_usb.c ****   USBx_DEVICE->DOEPMSK  = 0U;
 2826              		.loc 1 1147 25 is_stmt 0 view .LVU981
 2827 001e 0022     		movs	r2, #0
 2828              	.LVL200:
1147:Drivers/STM32F4xx_HAL_Driver/Src/stm32f4xx_ll_usb.c ****   USBx_DEVICE->DOEPMSK  = 0U;
 2829              		.loc 1 1147 25 view .LVU982
 2830 0020 C4F81028 		str	r2, [r4, #2064]
1148:Drivers/STM32F4xx_HAL_Driver/Src/stm32f4xx_ll_usb.c ****   USBx_DEVICE->DAINTMSK = 0U;
 2831              		.loc 1 1148 3 is_stmt 1 view .LVU983
1148:Drivers/STM32F4xx_HAL_Driver/Src/stm32f4xx_ll_usb.c ****   USBx_DEVICE->DAINTMSK = 0U;
 2832              		.loc 1 1148 25 is_stmt 0 view .LVU984
 2833 0024 C4F81428 		str	r2, [r4, #2068]
1149:Drivers/STM32F4xx_HAL_Driver/Src/stm32f4xx_ll_usb.c **** 
ARM GAS  /tmp/ccoaixhI.s 			page 92


 2834              		.loc 1 1149 3 is_stmt 1 view .LVU985
1149:Drivers/STM32F4xx_HAL_Driver/Src/stm32f4xx_ll_usb.c **** 
 2835              		.loc 1 1149 25 is_stmt 0 view .LVU986
 2836 0028 C4F81C28 		str	r2, [r4, #2076]
1152:Drivers/STM32F4xx_HAL_Driver/Src/stm32f4xx_ll_usb.c ****   if (ret != HAL_OK)
 2837              		.loc 1 1152 3 is_stmt 1 view .LVU987
1152:Drivers/STM32F4xx_HAL_Driver/Src/stm32f4xx_ll_usb.c ****   if (ret != HAL_OK)
 2838              		.loc 1 1152 9 is_stmt 0 view .LVU988
 2839 002c 2046     		mov	r0, r4
 2840              	.LVL201:
1152:Drivers/STM32F4xx_HAL_Driver/Src/stm32f4xx_ll_usb.c ****   if (ret != HAL_OK)
 2841              		.loc 1 1152 9 view .LVU989
 2842 002e FFF7FEFF 		bl	USB_FlushRxFifo
 2843              	.LVL202:
1153:Drivers/STM32F4xx_HAL_Driver/Src/stm32f4xx_ll_usb.c ****   {
 2844              		.loc 1 1153 3 is_stmt 1 view .LVU990
1153:Drivers/STM32F4xx_HAL_Driver/Src/stm32f4xx_ll_usb.c ****   {
 2845              		.loc 1 1153 6 is_stmt 0 view .LVU991
 2846 0032 00B1     		cbz	r0, .L191
 2847              	.L189:
1165:Drivers/STM32F4xx_HAL_Driver/Src/stm32f4xx_ll_usb.c **** 
 2848              		.loc 1 1165 1 view .LVU992
 2849 0034 10BD     		pop	{r4, pc}
 2850              	.LVL203:
 2851              	.L191:
1158:Drivers/STM32F4xx_HAL_Driver/Src/stm32f4xx_ll_usb.c ****   if (ret != HAL_OK)
 2852              		.loc 1 1158 3 is_stmt 1 view .LVU993
1158:Drivers/STM32F4xx_HAL_Driver/Src/stm32f4xx_ll_usb.c ****   if (ret != HAL_OK)
 2853              		.loc 1 1158 9 is_stmt 0 view .LVU994
 2854 0036 1021     		movs	r1, #16
 2855 0038 2046     		mov	r0, r4
 2856              	.LVL204:
1158:Drivers/STM32F4xx_HAL_Driver/Src/stm32f4xx_ll_usb.c ****   if (ret != HAL_OK)
 2857              		.loc 1 1158 9 view .LVU995
 2858 003a FFF7FEFF 		bl	USB_FlushTxFifo
 2859              	.LVL205:
1159:Drivers/STM32F4xx_HAL_Driver/Src/stm32f4xx_ll_usb.c ****   {
 2860              		.loc 1 1159 3 is_stmt 1 view .LVU996
 2861 003e F9E7     		b	.L189
 2862              		.cfi_endproc
 2863              	.LFE240:
 2865              		.section	.text.USB_SetDevAddress,"ax",%progbits
 2866              		.align	1
 2867              		.global	USB_SetDevAddress
 2868              		.syntax unified
 2869              		.thumb
 2870              		.thumb_func
 2872              	USB_SetDevAddress:
 2873              	.LVL206:
 2874              	.LFB241:
1175:Drivers/STM32F4xx_HAL_Driver/Src/stm32f4xx_ll_usb.c ****   uint32_t USBx_BASE = (uint32_t)USBx;
 2875              		.loc 1 1175 1 view -0
 2876              		.cfi_startproc
 2877              		@ args = 0, pretend = 0, frame = 0
 2878              		@ frame_needed = 0, uses_anonymous_args = 0
 2879              		@ link register save eliminated.
1176:Drivers/STM32F4xx_HAL_Driver/Src/stm32f4xx_ll_usb.c **** 
ARM GAS  /tmp/ccoaixhI.s 			page 93


 2880              		.loc 1 1176 3 view .LVU998
1178:Drivers/STM32F4xx_HAL_Driver/Src/stm32f4xx_ll_usb.c ****   USBx_DEVICE->DCFG |= ((uint32_t)address << 4) & USB_OTG_DCFG_DAD;
 2881              		.loc 1 1178 3 view .LVU999
1178:Drivers/STM32F4xx_HAL_Driver/Src/stm32f4xx_ll_usb.c ****   USBx_DEVICE->DCFG |= ((uint32_t)address << 4) & USB_OTG_DCFG_DAD;
 2882              		.loc 1 1178 14 is_stmt 0 view .LVU1000
 2883 0000 D0F80038 		ldr	r3, [r0, #2048]
1178:Drivers/STM32F4xx_HAL_Driver/Src/stm32f4xx_ll_usb.c ****   USBx_DEVICE->DCFG |= ((uint32_t)address << 4) & USB_OTG_DCFG_DAD;
 2884              		.loc 1 1178 21 view .LVU1001
 2885 0004 23F4FE63 		bic	r3, r3, #2032
 2886 0008 C0F80038 		str	r3, [r0, #2048]
1179:Drivers/STM32F4xx_HAL_Driver/Src/stm32f4xx_ll_usb.c **** 
 2887              		.loc 1 1179 3 is_stmt 1 view .LVU1002
1179:Drivers/STM32F4xx_HAL_Driver/Src/stm32f4xx_ll_usb.c **** 
 2888              		.loc 1 1179 14 is_stmt 0 view .LVU1003
 2889 000c D0F80038 		ldr	r3, [r0, #2048]
1179:Drivers/STM32F4xx_HAL_Driver/Src/stm32f4xx_ll_usb.c **** 
 2890              		.loc 1 1179 43 view .LVU1004
 2891 0010 0901     		lsls	r1, r1, #4
 2892              	.LVL207:
1179:Drivers/STM32F4xx_HAL_Driver/Src/stm32f4xx_ll_usb.c **** 
 2893              		.loc 1 1179 49 view .LVU1005
 2894 0012 01F4FE61 		and	r1, r1, #2032
1179:Drivers/STM32F4xx_HAL_Driver/Src/stm32f4xx_ll_usb.c **** 
 2895              		.loc 1 1179 21 view .LVU1006
 2896 0016 0B43     		orrs	r3, r3, r1
 2897 0018 C0F80038 		str	r3, [r0, #2048]
1181:Drivers/STM32F4xx_HAL_Driver/Src/stm32f4xx_ll_usb.c **** }
 2898              		.loc 1 1181 3 is_stmt 1 view .LVU1007
1182:Drivers/STM32F4xx_HAL_Driver/Src/stm32f4xx_ll_usb.c **** 
 2899              		.loc 1 1182 1 is_stmt 0 view .LVU1008
 2900 001c 0020     		movs	r0, #0
 2901              	.LVL208:
1182:Drivers/STM32F4xx_HAL_Driver/Src/stm32f4xx_ll_usb.c **** 
 2902              		.loc 1 1182 1 view .LVU1009
 2903 001e 7047     		bx	lr
 2904              		.cfi_endproc
 2905              	.LFE241:
 2907              		.section	.text.USB_DevConnect,"ax",%progbits
 2908              		.align	1
 2909              		.global	USB_DevConnect
 2910              		.syntax unified
 2911              		.thumb
 2912              		.thumb_func
 2914              	USB_DevConnect:
 2915              	.LVL209:
 2916              	.LFB242:
1190:Drivers/STM32F4xx_HAL_Driver/Src/stm32f4xx_ll_usb.c ****   uint32_t USBx_BASE = (uint32_t)USBx;
 2917              		.loc 1 1190 1 is_stmt 1 view -0
 2918              		.cfi_startproc
 2919              		@ args = 0, pretend = 0, frame = 0
 2920              		@ frame_needed = 0, uses_anonymous_args = 0
 2921              		@ link register save eliminated.
1191:Drivers/STM32F4xx_HAL_Driver/Src/stm32f4xx_ll_usb.c **** 
 2922              		.loc 1 1191 3 view .LVU1011
1194:Drivers/STM32F4xx_HAL_Driver/Src/stm32f4xx_ll_usb.c **** 
 2923              		.loc 1 1194 3 view .LVU1012
 2924 0000 D0F8003E 		ldr	r3, [r0, #3584]
ARM GAS  /tmp/ccoaixhI.s 			page 94


1194:Drivers/STM32F4xx_HAL_Driver/Src/stm32f4xx_ll_usb.c **** 
 2925              		.loc 1 1194 16 is_stmt 0 view .LVU1013
 2926 0004 23F00303 		bic	r3, r3, #3
 2927 0008 C0F8003E 		str	r3, [r0, #3584]
1196:Drivers/STM32F4xx_HAL_Driver/Src/stm32f4xx_ll_usb.c **** 
 2928              		.loc 1 1196 3 is_stmt 1 view .LVU1014
1196:Drivers/STM32F4xx_HAL_Driver/Src/stm32f4xx_ll_usb.c **** 
 2929              		.loc 1 1196 14 is_stmt 0 view .LVU1015
 2930 000c D0F80438 		ldr	r3, [r0, #2052]
1196:Drivers/STM32F4xx_HAL_Driver/Src/stm32f4xx_ll_usb.c **** 
 2931              		.loc 1 1196 21 view .LVU1016
 2932 0010 23F00203 		bic	r3, r3, #2
 2933 0014 C0F80438 		str	r3, [r0, #2052]
1198:Drivers/STM32F4xx_HAL_Driver/Src/stm32f4xx_ll_usb.c **** }
 2934              		.loc 1 1198 3 is_stmt 1 view .LVU1017
1199:Drivers/STM32F4xx_HAL_Driver/Src/stm32f4xx_ll_usb.c **** 
 2935              		.loc 1 1199 1 is_stmt 0 view .LVU1018
 2936 0018 0020     		movs	r0, #0
 2937              	.LVL210:
1199:Drivers/STM32F4xx_HAL_Driver/Src/stm32f4xx_ll_usb.c **** 
 2938              		.loc 1 1199 1 view .LVU1019
 2939 001a 7047     		bx	lr
 2940              		.cfi_endproc
 2941              	.LFE242:
 2943              		.section	.text.USB_DevDisconnect,"ax",%progbits
 2944              		.align	1
 2945              		.global	USB_DevDisconnect
 2946              		.syntax unified
 2947              		.thumb
 2948              		.thumb_func
 2950              	USB_DevDisconnect:
 2951              	.LVL211:
 2952              	.LFB243:
1207:Drivers/STM32F4xx_HAL_Driver/Src/stm32f4xx_ll_usb.c ****   uint32_t USBx_BASE = (uint32_t)USBx;
 2953              		.loc 1 1207 1 is_stmt 1 view -0
 2954              		.cfi_startproc
 2955              		@ args = 0, pretend = 0, frame = 0
 2956              		@ frame_needed = 0, uses_anonymous_args = 0
 2957              		@ link register save eliminated.
1208:Drivers/STM32F4xx_HAL_Driver/Src/stm32f4xx_ll_usb.c **** 
 2958              		.loc 1 1208 3 view .LVU1021
1211:Drivers/STM32F4xx_HAL_Driver/Src/stm32f4xx_ll_usb.c **** 
 2959              		.loc 1 1211 3 view .LVU1022
 2960 0000 D0F8003E 		ldr	r3, [r0, #3584]
1211:Drivers/STM32F4xx_HAL_Driver/Src/stm32f4xx_ll_usb.c **** 
 2961              		.loc 1 1211 16 is_stmt 0 view .LVU1023
 2962 0004 23F00303 		bic	r3, r3, #3
 2963 0008 C0F8003E 		str	r3, [r0, #3584]
1213:Drivers/STM32F4xx_HAL_Driver/Src/stm32f4xx_ll_usb.c **** 
 2964              		.loc 1 1213 3 is_stmt 1 view .LVU1024
1213:Drivers/STM32F4xx_HAL_Driver/Src/stm32f4xx_ll_usb.c **** 
 2965              		.loc 1 1213 14 is_stmt 0 view .LVU1025
 2966 000c D0F80438 		ldr	r3, [r0, #2052]
1213:Drivers/STM32F4xx_HAL_Driver/Src/stm32f4xx_ll_usb.c **** 
 2967              		.loc 1 1213 21 view .LVU1026
 2968 0010 43F00203 		orr	r3, r3, #2
 2969 0014 C0F80438 		str	r3, [r0, #2052]
ARM GAS  /tmp/ccoaixhI.s 			page 95


1215:Drivers/STM32F4xx_HAL_Driver/Src/stm32f4xx_ll_usb.c **** }
 2970              		.loc 1 1215 3 is_stmt 1 view .LVU1027
1216:Drivers/STM32F4xx_HAL_Driver/Src/stm32f4xx_ll_usb.c **** 
 2971              		.loc 1 1216 1 is_stmt 0 view .LVU1028
 2972 0018 0020     		movs	r0, #0
 2973              	.LVL212:
1216:Drivers/STM32F4xx_HAL_Driver/Src/stm32f4xx_ll_usb.c **** 
 2974              		.loc 1 1216 1 view .LVU1029
 2975 001a 7047     		bx	lr
 2976              		.cfi_endproc
 2977              	.LFE243:
 2979              		.section	.text.USB_ReadInterrupts,"ax",%progbits
 2980              		.align	1
 2981              		.global	USB_ReadInterrupts
 2982              		.syntax unified
 2983              		.thumb
 2984              		.thumb_func
 2986              	USB_ReadInterrupts:
 2987              	.LVL213:
 2988              	.LFB244:
1224:Drivers/STM32F4xx_HAL_Driver/Src/stm32f4xx_ll_usb.c ****   uint32_t tmpreg;
 2989              		.loc 1 1224 1 is_stmt 1 view -0
 2990              		.cfi_startproc
 2991              		@ args = 0, pretend = 0, frame = 0
 2992              		@ frame_needed = 0, uses_anonymous_args = 0
 2993              		@ link register save eliminated.
1225:Drivers/STM32F4xx_HAL_Driver/Src/stm32f4xx_ll_usb.c **** 
 2994              		.loc 1 1225 3 view .LVU1031
1227:Drivers/STM32F4xx_HAL_Driver/Src/stm32f4xx_ll_usb.c ****   tmpreg &= USBx->GINTMSK;
 2995              		.loc 1 1227 3 view .LVU1032
1227:Drivers/STM32F4xx_HAL_Driver/Src/stm32f4xx_ll_usb.c ****   tmpreg &= USBx->GINTMSK;
 2996              		.loc 1 1227 10 is_stmt 0 view .LVU1033
 2997 0000 4269     		ldr	r2, [r0, #20]
 2998              	.LVL214:
1228:Drivers/STM32F4xx_HAL_Driver/Src/stm32f4xx_ll_usb.c **** 
 2999              		.loc 1 1228 3 is_stmt 1 view .LVU1034
1228:Drivers/STM32F4xx_HAL_Driver/Src/stm32f4xx_ll_usb.c **** 
 3000              		.loc 1 1228 17 is_stmt 0 view .LVU1035
 3001 0002 8069     		ldr	r0, [r0, #24]
 3002              	.LVL215:
1230:Drivers/STM32F4xx_HAL_Driver/Src/stm32f4xx_ll_usb.c **** }
 3003              		.loc 1 1230 3 is_stmt 1 view .LVU1036
1231:Drivers/STM32F4xx_HAL_Driver/Src/stm32f4xx_ll_usb.c **** 
 3004              		.loc 1 1231 1 is_stmt 0 view .LVU1037
 3005 0004 1040     		ands	r0, r0, r2
 3006              	.LVL216:
1231:Drivers/STM32F4xx_HAL_Driver/Src/stm32f4xx_ll_usb.c **** 
 3007              		.loc 1 1231 1 view .LVU1038
 3008 0006 7047     		bx	lr
 3009              		.cfi_endproc
 3010              	.LFE244:
 3012              		.section	.text.USB_ReadChInterrupts,"ax",%progbits
 3013              		.align	1
 3014              		.global	USB_ReadChInterrupts
 3015              		.syntax unified
 3016              		.thumb
 3017              		.thumb_func
ARM GAS  /tmp/ccoaixhI.s 			page 96


 3019              	USB_ReadChInterrupts:
 3020              	.LVL217:
 3021              	.LFB245:
1240:Drivers/STM32F4xx_HAL_Driver/Src/stm32f4xx_ll_usb.c ****   uint32_t USBx_BASE = (uint32_t)USBx;
 3022              		.loc 1 1240 1 is_stmt 1 view -0
 3023              		.cfi_startproc
 3024              		@ args = 0, pretend = 0, frame = 0
 3025              		@ frame_needed = 0, uses_anonymous_args = 0
 3026              		@ link register save eliminated.
1241:Drivers/STM32F4xx_HAL_Driver/Src/stm32f4xx_ll_usb.c ****   uint32_t tmpreg;
 3027              		.loc 1 1241 3 view .LVU1040
1242:Drivers/STM32F4xx_HAL_Driver/Src/stm32f4xx_ll_usb.c **** 
 3028              		.loc 1 1242 3 view .LVU1041
1244:Drivers/STM32F4xx_HAL_Driver/Src/stm32f4xx_ll_usb.c ****   tmpreg &= USBx_HC(chnum)->HCINTMSK;
 3029              		.loc 1 1244 3 view .LVU1042
1244:Drivers/STM32F4xx_HAL_Driver/Src/stm32f4xx_ll_usb.c ****   tmpreg &= USBx_HC(chnum)->HCINTMSK;
 3030              		.loc 1 1244 12 is_stmt 0 view .LVU1043
 3031 0000 00EB4110 		add	r0, r0, r1, lsl #5
 3032              	.LVL218:
1244:Drivers/STM32F4xx_HAL_Driver/Src/stm32f4xx_ll_usb.c ****   tmpreg &= USBx_HC(chnum)->HCINTMSK;
 3033              		.loc 1 1244 12 view .LVU1044
 3034 0004 00F5A063 		add	r3, r0, #1280
1244:Drivers/STM32F4xx_HAL_Driver/Src/stm32f4xx_ll_usb.c ****   tmpreg &= USBx_HC(chnum)->HCINTMSK;
 3035              		.loc 1 1244 10 view .LVU1045
 3036 0008 D0F80805 		ldr	r0, [r0, #1288]
 3037              	.LVL219:
1245:Drivers/STM32F4xx_HAL_Driver/Src/stm32f4xx_ll_usb.c **** 
 3038              		.loc 1 1245 3 is_stmt 1 view .LVU1046
1245:Drivers/STM32F4xx_HAL_Driver/Src/stm32f4xx_ll_usb.c **** 
 3039              		.loc 1 1245 27 is_stmt 0 view .LVU1047
 3040 000c DB68     		ldr	r3, [r3, #12]
 3041              	.LVL220:
1247:Drivers/STM32F4xx_HAL_Driver/Src/stm32f4xx_ll_usb.c **** }
 3042              		.loc 1 1247 3 is_stmt 1 view .LVU1048
1248:Drivers/STM32F4xx_HAL_Driver/Src/stm32f4xx_ll_usb.c **** 
 3043              		.loc 1 1248 1 is_stmt 0 view .LVU1049
 3044 000e 1840     		ands	r0, r0, r3
 3045              	.LVL221:
1248:Drivers/STM32F4xx_HAL_Driver/Src/stm32f4xx_ll_usb.c **** 
 3046              		.loc 1 1248 1 view .LVU1050
 3047 0010 7047     		bx	lr
 3048              		.cfi_endproc
 3049              	.LFE245:
 3051              		.section	.text.USB_ReadDevAllOutEpInterrupt,"ax",%progbits
 3052              		.align	1
 3053              		.global	USB_ReadDevAllOutEpInterrupt
 3054              		.syntax unified
 3055              		.thumb
 3056              		.thumb_func
 3058              	USB_ReadDevAllOutEpInterrupt:
 3059              	.LVL222:
 3060              	.LFB246:
1256:Drivers/STM32F4xx_HAL_Driver/Src/stm32f4xx_ll_usb.c ****   uint32_t USBx_BASE = (uint32_t)USBx;
 3061              		.loc 1 1256 1 is_stmt 1 view -0
 3062              		.cfi_startproc
 3063              		@ args = 0, pretend = 0, frame = 0
 3064              		@ frame_needed = 0, uses_anonymous_args = 0
ARM GAS  /tmp/ccoaixhI.s 			page 97


 3065              		@ link register save eliminated.
1257:Drivers/STM32F4xx_HAL_Driver/Src/stm32f4xx_ll_usb.c ****   uint32_t tmpreg;
 3066              		.loc 1 1257 3 view .LVU1052
1258:Drivers/STM32F4xx_HAL_Driver/Src/stm32f4xx_ll_usb.c **** 
 3067              		.loc 1 1258 3 view .LVU1053
1260:Drivers/STM32F4xx_HAL_Driver/Src/stm32f4xx_ll_usb.c ****   tmpreg &= USBx_DEVICE->DAINTMSK;
 3068              		.loc 1 1260 3 view .LVU1054
1260:Drivers/STM32F4xx_HAL_Driver/Src/stm32f4xx_ll_usb.c ****   tmpreg &= USBx_DEVICE->DAINTMSK;
 3069              		.loc 1 1260 11 is_stmt 0 view .LVU1055
 3070 0000 D0F81838 		ldr	r3, [r0, #2072]
1260:Drivers/STM32F4xx_HAL_Driver/Src/stm32f4xx_ll_usb.c ****   tmpreg &= USBx_DEVICE->DAINTMSK;
 3071              		.loc 1 1260 13 view .LVU1056
 3072 0004 00F50060 		add	r0, r0, #2048
 3073              	.LVL223:
1261:Drivers/STM32F4xx_HAL_Driver/Src/stm32f4xx_ll_usb.c **** 
 3074              		.loc 1 1261 3 is_stmt 1 view .LVU1057
1261:Drivers/STM32F4xx_HAL_Driver/Src/stm32f4xx_ll_usb.c **** 
 3075              		.loc 1 1261 24 is_stmt 0 view .LVU1058
 3076 0008 C069     		ldr	r0, [r0, #28]
 3077              	.LVL224:
1261:Drivers/STM32F4xx_HAL_Driver/Src/stm32f4xx_ll_usb.c **** 
 3078              		.loc 1 1261 10 view .LVU1059
 3079 000a 1840     		ands	r0, r0, r3
 3080              	.LVL225:
1263:Drivers/STM32F4xx_HAL_Driver/Src/stm32f4xx_ll_usb.c **** }
 3081              		.loc 1 1263 3 is_stmt 1 view .LVU1060
1264:Drivers/STM32F4xx_HAL_Driver/Src/stm32f4xx_ll_usb.c **** 
 3082              		.loc 1 1264 1 is_stmt 0 view .LVU1061
 3083 000c 000C     		lsrs	r0, r0, #16
 3084              	.LVL226:
1264:Drivers/STM32F4xx_HAL_Driver/Src/stm32f4xx_ll_usb.c **** 
 3085              		.loc 1 1264 1 view .LVU1062
 3086 000e 7047     		bx	lr
 3087              		.cfi_endproc
 3088              	.LFE246:
 3090              		.section	.text.USB_ReadDevAllInEpInterrupt,"ax",%progbits
 3091              		.align	1
 3092              		.global	USB_ReadDevAllInEpInterrupt
 3093              		.syntax unified
 3094              		.thumb
 3095              		.thumb_func
 3097              	USB_ReadDevAllInEpInterrupt:
 3098              	.LVL227:
 3099              	.LFB247:
1272:Drivers/STM32F4xx_HAL_Driver/Src/stm32f4xx_ll_usb.c ****   uint32_t USBx_BASE = (uint32_t)USBx;
 3100              		.loc 1 1272 1 is_stmt 1 view -0
 3101              		.cfi_startproc
 3102              		@ args = 0, pretend = 0, frame = 0
 3103              		@ frame_needed = 0, uses_anonymous_args = 0
 3104              		@ link register save eliminated.
1273:Drivers/STM32F4xx_HAL_Driver/Src/stm32f4xx_ll_usb.c ****   uint32_t tmpreg;
 3105              		.loc 1 1273 3 view .LVU1064
1274:Drivers/STM32F4xx_HAL_Driver/Src/stm32f4xx_ll_usb.c **** 
 3106              		.loc 1 1274 3 view .LVU1065
1276:Drivers/STM32F4xx_HAL_Driver/Src/stm32f4xx_ll_usb.c ****   tmpreg &= USBx_DEVICE->DAINTMSK;
 3107              		.loc 1 1276 3 view .LVU1066
1276:Drivers/STM32F4xx_HAL_Driver/Src/stm32f4xx_ll_usb.c ****   tmpreg &= USBx_DEVICE->DAINTMSK;
ARM GAS  /tmp/ccoaixhI.s 			page 98


 3108              		.loc 1 1276 11 is_stmt 0 view .LVU1067
 3109 0000 D0F81838 		ldr	r3, [r0, #2072]
1276:Drivers/STM32F4xx_HAL_Driver/Src/stm32f4xx_ll_usb.c ****   tmpreg &= USBx_DEVICE->DAINTMSK;
 3110              		.loc 1 1276 13 view .LVU1068
 3111 0004 00F50060 		add	r0, r0, #2048
 3112              	.LVL228:
1277:Drivers/STM32F4xx_HAL_Driver/Src/stm32f4xx_ll_usb.c **** 
 3113              		.loc 1 1277 3 is_stmt 1 view .LVU1069
1277:Drivers/STM32F4xx_HAL_Driver/Src/stm32f4xx_ll_usb.c **** 
 3114              		.loc 1 1277 24 is_stmt 0 view .LVU1070
 3115 0008 C069     		ldr	r0, [r0, #28]
 3116              	.LVL229:
1277:Drivers/STM32F4xx_HAL_Driver/Src/stm32f4xx_ll_usb.c **** 
 3117              		.loc 1 1277 10 view .LVU1071
 3118 000a 1840     		ands	r0, r0, r3
 3119              	.LVL230:
1279:Drivers/STM32F4xx_HAL_Driver/Src/stm32f4xx_ll_usb.c **** }
 3120              		.loc 1 1279 3 is_stmt 1 view .LVU1072
1280:Drivers/STM32F4xx_HAL_Driver/Src/stm32f4xx_ll_usb.c **** 
 3121              		.loc 1 1280 1 is_stmt 0 view .LVU1073
 3122 000c 80B2     		uxth	r0, r0
 3123              	.LVL231:
1280:Drivers/STM32F4xx_HAL_Driver/Src/stm32f4xx_ll_usb.c **** 
 3124              		.loc 1 1280 1 view .LVU1074
 3125 000e 7047     		bx	lr
 3126              		.cfi_endproc
 3127              	.LFE247:
 3129              		.section	.text.USB_ReadDevOutEPInterrupt,"ax",%progbits
 3130              		.align	1
 3131              		.global	USB_ReadDevOutEPInterrupt
 3132              		.syntax unified
 3133              		.thumb
 3134              		.thumb_func
 3136              	USB_ReadDevOutEPInterrupt:
 3137              	.LVL232:
 3138              	.LFB248:
1290:Drivers/STM32F4xx_HAL_Driver/Src/stm32f4xx_ll_usb.c ****   uint32_t USBx_BASE = (uint32_t)USBx;
 3139              		.loc 1 1290 1 is_stmt 1 view -0
 3140              		.cfi_startproc
 3141              		@ args = 0, pretend = 0, frame = 0
 3142              		@ frame_needed = 0, uses_anonymous_args = 0
 3143              		@ link register save eliminated.
1291:Drivers/STM32F4xx_HAL_Driver/Src/stm32f4xx_ll_usb.c ****   uint32_t tmpreg;
 3144              		.loc 1 1291 3 view .LVU1076
1292:Drivers/STM32F4xx_HAL_Driver/Src/stm32f4xx_ll_usb.c **** 
 3145              		.loc 1 1292 3 view .LVU1077
1294:Drivers/STM32F4xx_HAL_Driver/Src/stm32f4xx_ll_usb.c ****   tmpreg &= USBx_DEVICE->DOEPMSK;
 3146              		.loc 1 1294 3 view .LVU1078
1294:Drivers/STM32F4xx_HAL_Driver/Src/stm32f4xx_ll_usb.c ****   tmpreg &= USBx_DEVICE->DOEPMSK;
 3147              		.loc 1 1294 13 is_stmt 0 view .LVU1079
 3148 0000 00EB4111 		add	r1, r0, r1, lsl #5
 3149              	.LVL233:
1294:Drivers/STM32F4xx_HAL_Driver/Src/stm32f4xx_ll_usb.c ****   tmpreg &= USBx_DEVICE->DOEPMSK;
 3150              		.loc 1 1294 11 view .LVU1080
 3151 0004 D1F8082B 		ldr	r2, [r1, #2824]
 3152              	.LVL234:
1295:Drivers/STM32F4xx_HAL_Driver/Src/stm32f4xx_ll_usb.c **** 
ARM GAS  /tmp/ccoaixhI.s 			page 99


 3153              		.loc 1 1295 3 is_stmt 1 view .LVU1081
1295:Drivers/STM32F4xx_HAL_Driver/Src/stm32f4xx_ll_usb.c **** 
 3154              		.loc 1 1295 13 is_stmt 0 view .LVU1082
 3155 0008 00F50060 		add	r0, r0, #2048
 3156              	.LVL235:
1295:Drivers/STM32F4xx_HAL_Driver/Src/stm32f4xx_ll_usb.c **** 
 3157              		.loc 1 1295 24 view .LVU1083
 3158 000c 4069     		ldr	r0, [r0, #20]
 3159              	.LVL236:
1297:Drivers/STM32F4xx_HAL_Driver/Src/stm32f4xx_ll_usb.c **** }
 3160              		.loc 1 1297 3 is_stmt 1 view .LVU1084
1298:Drivers/STM32F4xx_HAL_Driver/Src/stm32f4xx_ll_usb.c **** 
 3161              		.loc 1 1298 1 is_stmt 0 view .LVU1085
 3162 000e 1040     		ands	r0, r0, r2
 3163              	.LVL237:
1298:Drivers/STM32F4xx_HAL_Driver/Src/stm32f4xx_ll_usb.c **** 
 3164              		.loc 1 1298 1 view .LVU1086
 3165 0010 7047     		bx	lr
 3166              		.cfi_endproc
 3167              	.LFE248:
 3169              		.section	.text.USB_ReadDevInEPInterrupt,"ax",%progbits
 3170              		.align	1
 3171              		.global	USB_ReadDevInEPInterrupt
 3172              		.syntax unified
 3173              		.thumb
 3174              		.thumb_func
 3176              	USB_ReadDevInEPInterrupt:
 3177              	.LVL238:
 3178              	.LFB249:
1308:Drivers/STM32F4xx_HAL_Driver/Src/stm32f4xx_ll_usb.c ****   uint32_t USBx_BASE = (uint32_t)USBx;
 3179              		.loc 1 1308 1 is_stmt 1 view -0
 3180              		.cfi_startproc
 3181              		@ args = 0, pretend = 0, frame = 0
 3182              		@ frame_needed = 0, uses_anonymous_args = 0
 3183              		@ link register save eliminated.
1309:Drivers/STM32F4xx_HAL_Driver/Src/stm32f4xx_ll_usb.c ****   uint32_t tmpreg;
 3184              		.loc 1 1309 3 view .LVU1088
1310:Drivers/STM32F4xx_HAL_Driver/Src/stm32f4xx_ll_usb.c ****   uint32_t msk;
 3185              		.loc 1 1310 3 view .LVU1089
1311:Drivers/STM32F4xx_HAL_Driver/Src/stm32f4xx_ll_usb.c ****   uint32_t emp;
 3186              		.loc 1 1311 3 view .LVU1090
1312:Drivers/STM32F4xx_HAL_Driver/Src/stm32f4xx_ll_usb.c **** 
 3187              		.loc 1 1312 3 view .LVU1091
1314:Drivers/STM32F4xx_HAL_Driver/Src/stm32f4xx_ll_usb.c ****   emp = USBx_DEVICE->DIEPEMPMSK;
 3188              		.loc 1 1314 3 view .LVU1092
1314:Drivers/STM32F4xx_HAL_Driver/Src/stm32f4xx_ll_usb.c ****   emp = USBx_DEVICE->DIEPEMPMSK;
 3189              		.loc 1 1314 7 is_stmt 0 view .LVU1093
 3190 0000 D0F81028 		ldr	r2, [r0, #2064]
 3191              	.LVL239:
1315:Drivers/STM32F4xx_HAL_Driver/Src/stm32f4xx_ll_usb.c ****   msk |= ((emp >> (epnum & EP_ADDR_MSK)) & 0x1U) << 7;
 3192              		.loc 1 1315 3 is_stmt 1 view .LVU1094
1315:Drivers/STM32F4xx_HAL_Driver/Src/stm32f4xx_ll_usb.c ****   msk |= ((emp >> (epnum & EP_ADDR_MSK)) & 0x1U) << 7;
 3193              		.loc 1 1315 7 is_stmt 0 view .LVU1095
 3194 0004 D0F83438 		ldr	r3, [r0, #2100]
 3195              	.LVL240:
1316:Drivers/STM32F4xx_HAL_Driver/Src/stm32f4xx_ll_usb.c ****   tmpreg = USBx_INEP((uint32_t)epnum)->DIEPINT & msk;
 3196              		.loc 1 1316 3 is_stmt 1 view .LVU1096
ARM GAS  /tmp/ccoaixhI.s 			page 100


1316:Drivers/STM32F4xx_HAL_Driver/Src/stm32f4xx_ll_usb.c ****   tmpreg = USBx_INEP((uint32_t)epnum)->DIEPINT & msk;
 3197              		.loc 1 1316 26 is_stmt 0 view .LVU1097
 3198 0008 01F00F0C 		and	ip, r1, #15
1316:Drivers/STM32F4xx_HAL_Driver/Src/stm32f4xx_ll_usb.c ****   tmpreg = USBx_INEP((uint32_t)epnum)->DIEPINT & msk;
 3199              		.loc 1 1316 16 view .LVU1098
 3200 000c 23FA0CF3 		lsr	r3, r3, ip
 3201              	.LVL241:
1316:Drivers/STM32F4xx_HAL_Driver/Src/stm32f4xx_ll_usb.c ****   tmpreg = USBx_INEP((uint32_t)epnum)->DIEPINT & msk;
 3202              		.loc 1 1316 50 view .LVU1099
 3203 0010 DB01     		lsls	r3, r3, #7
 3204 0012 DBB2     		uxtb	r3, r3
1316:Drivers/STM32F4xx_HAL_Driver/Src/stm32f4xx_ll_usb.c ****   tmpreg = USBx_INEP((uint32_t)epnum)->DIEPINT & msk;
 3205              		.loc 1 1316 7 view .LVU1100
 3206 0014 1343     		orrs	r3, r3, r2
 3207              	.LVL242:
1317:Drivers/STM32F4xx_HAL_Driver/Src/stm32f4xx_ll_usb.c **** 
 3208              		.loc 1 1317 3 is_stmt 1 view .LVU1101
1317:Drivers/STM32F4xx_HAL_Driver/Src/stm32f4xx_ll_usb.c **** 
 3209              		.loc 1 1317 12 is_stmt 0 view .LVU1102
 3210 0016 00EB4110 		add	r0, r0, r1, lsl #5
 3211              	.LVL243:
1317:Drivers/STM32F4xx_HAL_Driver/Src/stm32f4xx_ll_usb.c **** 
 3212              		.loc 1 1317 12 view .LVU1103
 3213 001a 00F51060 		add	r0, r0, #2304
1317:Drivers/STM32F4xx_HAL_Driver/Src/stm32f4xx_ll_usb.c **** 
 3214              		.loc 1 1317 38 view .LVU1104
 3215 001e 8068     		ldr	r0, [r0, #8]
 3216              	.LVL244:
1319:Drivers/STM32F4xx_HAL_Driver/Src/stm32f4xx_ll_usb.c **** }
 3217              		.loc 1 1319 3 is_stmt 1 view .LVU1105
1320:Drivers/STM32F4xx_HAL_Driver/Src/stm32f4xx_ll_usb.c **** 
 3218              		.loc 1 1320 1 is_stmt 0 view .LVU1106
 3219 0020 1840     		ands	r0, r0, r3
 3220              	.LVL245:
1320:Drivers/STM32F4xx_HAL_Driver/Src/stm32f4xx_ll_usb.c **** 
 3221              		.loc 1 1320 1 view .LVU1107
 3222 0022 7047     		bx	lr
 3223              		.cfi_endproc
 3224              	.LFE249:
 3226              		.section	.text.USB_ClearInterrupts,"ax",%progbits
 3227              		.align	1
 3228              		.global	USB_ClearInterrupts
 3229              		.syntax unified
 3230              		.thumb
 3231              		.thumb_func
 3233              	USB_ClearInterrupts:
 3234              	.LVL246:
 3235              	.LFB250:
1329:Drivers/STM32F4xx_HAL_Driver/Src/stm32f4xx_ll_usb.c ****   USBx->GINTSTS &= interrupt;
 3236              		.loc 1 1329 1 is_stmt 1 view -0
 3237              		.cfi_startproc
 3238              		@ args = 0, pretend = 0, frame = 0
 3239              		@ frame_needed = 0, uses_anonymous_args = 0
 3240              		@ link register save eliminated.
1330:Drivers/STM32F4xx_HAL_Driver/Src/stm32f4xx_ll_usb.c **** }
 3241              		.loc 1 1330 3 view .LVU1109
1330:Drivers/STM32F4xx_HAL_Driver/Src/stm32f4xx_ll_usb.c **** }
ARM GAS  /tmp/ccoaixhI.s 			page 101


 3242              		.loc 1 1330 7 is_stmt 0 view .LVU1110
 3243 0000 4369     		ldr	r3, [r0, #20]
1330:Drivers/STM32F4xx_HAL_Driver/Src/stm32f4xx_ll_usb.c **** }
 3244              		.loc 1 1330 17 view .LVU1111
 3245 0002 0B40     		ands	r3, r3, r1
 3246 0004 4361     		str	r3, [r0, #20]
1331:Drivers/STM32F4xx_HAL_Driver/Src/stm32f4xx_ll_usb.c **** 
 3247              		.loc 1 1331 1 view .LVU1112
 3248 0006 7047     		bx	lr
 3249              		.cfi_endproc
 3250              	.LFE250:
 3252              		.section	.text.USB_GetMode,"ax",%progbits
 3253              		.align	1
 3254              		.global	USB_GetMode
 3255              		.syntax unified
 3256              		.thumb
 3257              		.thumb_func
 3259              	USB_GetMode:
 3260              	.LVL247:
 3261              	.LFB251:
1342:Drivers/STM32F4xx_HAL_Driver/Src/stm32f4xx_ll_usb.c ****   return ((USBx->GINTSTS) & 0x1U);
 3262              		.loc 1 1342 1 is_stmt 1 view -0
 3263              		.cfi_startproc
 3264              		@ args = 0, pretend = 0, frame = 0
 3265              		@ frame_needed = 0, uses_anonymous_args = 0
 3266              		@ link register save eliminated.
1343:Drivers/STM32F4xx_HAL_Driver/Src/stm32f4xx_ll_usb.c **** }
 3267              		.loc 1 1343 3 view .LVU1114
1343:Drivers/STM32F4xx_HAL_Driver/Src/stm32f4xx_ll_usb.c **** }
 3268              		.loc 1 1343 16 is_stmt 0 view .LVU1115
 3269 0000 4069     		ldr	r0, [r0, #20]
 3270              	.LVL248:
1344:Drivers/STM32F4xx_HAL_Driver/Src/stm32f4xx_ll_usb.c **** 
 3271              		.loc 1 1344 1 view .LVU1116
 3272 0002 00F00100 		and	r0, r0, #1
 3273 0006 7047     		bx	lr
 3274              		.cfi_endproc
 3275              	.LFE251:
 3277              		.section	.text.USB_SetCurrentMode,"ax",%progbits
 3278              		.align	1
 3279              		.global	USB_SetCurrentMode
 3280              		.syntax unified
 3281              		.thumb
 3282              		.thumb_func
 3284              	USB_SetCurrentMode:
 3285              	.LVL249:
 3286              	.LFB224:
 250:Drivers/STM32F4xx_HAL_Driver/Src/stm32f4xx_ll_usb.c ****   uint32_t ms = 0U;
 3287              		.loc 1 250 1 is_stmt 1 view -0
 3288              		.cfi_startproc
 3289              		@ args = 0, pretend = 0, frame = 0
 3290              		@ frame_needed = 0, uses_anonymous_args = 0
 250:Drivers/STM32F4xx_HAL_Driver/Src/stm32f4xx_ll_usb.c ****   uint32_t ms = 0U;
 3291              		.loc 1 250 1 is_stmt 0 view .LVU1118
 3292 0000 38B5     		push	{r3, r4, r5, lr}
 3293              	.LCFI36:
 3294              		.cfi_def_cfa_offset 16
ARM GAS  /tmp/ccoaixhI.s 			page 102


 3295              		.cfi_offset 3, -16
 3296              		.cfi_offset 4, -12
 3297              		.cfi_offset 5, -8
 3298              		.cfi_offset 14, -4
 3299 0002 0546     		mov	r5, r0
 251:Drivers/STM32F4xx_HAL_Driver/Src/stm32f4xx_ll_usb.c **** 
 3300              		.loc 1 251 3 is_stmt 1 view .LVU1119
 3301              	.LVL250:
 253:Drivers/STM32F4xx_HAL_Driver/Src/stm32f4xx_ll_usb.c **** 
 3302              		.loc 1 253 3 view .LVU1120
 253:Drivers/STM32F4xx_HAL_Driver/Src/stm32f4xx_ll_usb.c **** 
 3303              		.loc 1 253 7 is_stmt 0 view .LVU1121
 3304 0004 C368     		ldr	r3, [r0, #12]
 253:Drivers/STM32F4xx_HAL_Driver/Src/stm32f4xx_ll_usb.c **** 
 3305              		.loc 1 253 17 view .LVU1122
 3306 0006 23F0C043 		bic	r3, r3, #1610612736
 3307 000a C360     		str	r3, [r0, #12]
 255:Drivers/STM32F4xx_HAL_Driver/Src/stm32f4xx_ll_usb.c ****   {
 3308              		.loc 1 255 3 is_stmt 1 view .LVU1123
 255:Drivers/STM32F4xx_HAL_Driver/Src/stm32f4xx_ll_usb.c ****   {
 3309              		.loc 1 255 6 is_stmt 0 view .LVU1124
 3310 000c 0129     		cmp	r1, #1
 3311 000e 13D0     		beq	.L212
 265:Drivers/STM32F4xx_HAL_Driver/Src/stm32f4xx_ll_usb.c ****   {
 3312              		.loc 1 265 8 is_stmt 1 view .LVU1125
 265:Drivers/STM32F4xx_HAL_Driver/Src/stm32f4xx_ll_usb.c ****   {
 3313              		.loc 1 265 11 is_stmt 0 view .LVU1126
 3314 0010 19BB     		cbnz	r1, .L209
 267:Drivers/STM32F4xx_HAL_Driver/Src/stm32f4xx_ll_usb.c **** 
 3315              		.loc 1 267 5 is_stmt 1 view .LVU1127
 267:Drivers/STM32F4xx_HAL_Driver/Src/stm32f4xx_ll_usb.c **** 
 3316              		.loc 1 267 9 is_stmt 0 view .LVU1128
 3317 0012 C368     		ldr	r3, [r0, #12]
 267:Drivers/STM32F4xx_HAL_Driver/Src/stm32f4xx_ll_usb.c **** 
 3318              		.loc 1 267 19 view .LVU1129
 3319 0014 43F08043 		orr	r3, r3, #1073741824
 3320 0018 C360     		str	r3, [r0, #12]
 251:Drivers/STM32F4xx_HAL_Driver/Src/stm32f4xx_ll_usb.c **** 
 3321              		.loc 1 251 12 view .LVU1130
 3322 001a 0024     		movs	r4, #0
 3323              	.LVL251:
 3324              	.L208:
 269:Drivers/STM32F4xx_HAL_Driver/Src/stm32f4xx_ll_usb.c ****     {
 3325              		.loc 1 269 5 is_stmt 1 discriminator 2 view .LVU1131
 271:Drivers/STM32F4xx_HAL_Driver/Src/stm32f4xx_ll_usb.c ****       ms += 10U;
 3326              		.loc 1 271 7 discriminator 2 view .LVU1132
 3327 001c 0A20     		movs	r0, #10
 3328 001e FFF7FEFF 		bl	HAL_Delay
 3329              	.LVL252:
 272:Drivers/STM32F4xx_HAL_Driver/Src/stm32f4xx_ll_usb.c ****     } while ((USB_GetMode(USBx) != (uint32_t)USB_DEVICE_MODE) && (ms < HAL_USB_CURRENT_MODE_MAX_DEL
 3330              		.loc 1 272 7 discriminator 2 view .LVU1133
 272:Drivers/STM32F4xx_HAL_Driver/Src/stm32f4xx_ll_usb.c ****     } while ((USB_GetMode(USBx) != (uint32_t)USB_DEVICE_MODE) && (ms < HAL_USB_CURRENT_MODE_MAX_DEL
 3331              		.loc 1 272 10 is_stmt 0 discriminator 2 view .LVU1134
 3332 0022 0A34     		adds	r4, r4, #10
 3333              	.LVL253:
 273:Drivers/STM32F4xx_HAL_Driver/Src/stm32f4xx_ll_usb.c ****   }
 3334              		.loc 1 273 63 is_stmt 1 discriminator 2 view .LVU1135
ARM GAS  /tmp/ccoaixhI.s 			page 103


 273:Drivers/STM32F4xx_HAL_Driver/Src/stm32f4xx_ll_usb.c ****   }
 3335              		.loc 1 273 15 is_stmt 0 discriminator 2 view .LVU1136
 3336 0024 2846     		mov	r0, r5
 3337 0026 FFF7FEFF 		bl	USB_GetMode
 3338              	.LVL254:
 273:Drivers/STM32F4xx_HAL_Driver/Src/stm32f4xx_ll_usb.c ****   }
 3339              		.loc 1 273 63 discriminator 2 view .LVU1137
 3340 002a 08B1     		cbz	r0, .L205
 273:Drivers/STM32F4xx_HAL_Driver/Src/stm32f4xx_ll_usb.c ****   }
 3341              		.loc 1 273 63 discriminator 1 view .LVU1138
 3342 002c C72C     		cmp	r4, #199
 3343 002e F5D9     		bls	.L208
 3344              	.L205:
 280:Drivers/STM32F4xx_HAL_Driver/Src/stm32f4xx_ll_usb.c ****   {
 3345              		.loc 1 280 3 is_stmt 1 view .LVU1139
 280:Drivers/STM32F4xx_HAL_Driver/Src/stm32f4xx_ll_usb.c ****   {
 3346              		.loc 1 280 6 is_stmt 0 view .LVU1140
 3347 0030 C82C     		cmp	r4, #200
 3348 0032 14D0     		beq	.L210
 285:Drivers/STM32F4xx_HAL_Driver/Src/stm32f4xx_ll_usb.c **** }
 3349              		.loc 1 285 10 view .LVU1141
 3350 0034 0020     		movs	r0, #0
 3351              	.LVL255:
 3352              	.L207:
 286:Drivers/STM32F4xx_HAL_Driver/Src/stm32f4xx_ll_usb.c **** 
 3353              		.loc 1 286 1 view .LVU1142
 3354 0036 38BD     		pop	{r3, r4, r5, pc}
 3355              	.LVL256:
 3356              	.L212:
 257:Drivers/STM32F4xx_HAL_Driver/Src/stm32f4xx_ll_usb.c **** 
 3357              		.loc 1 257 5 is_stmt 1 view .LVU1143
 257:Drivers/STM32F4xx_HAL_Driver/Src/stm32f4xx_ll_usb.c **** 
 3358              		.loc 1 257 9 is_stmt 0 view .LVU1144
 3359 0038 C368     		ldr	r3, [r0, #12]
 257:Drivers/STM32F4xx_HAL_Driver/Src/stm32f4xx_ll_usb.c **** 
 3360              		.loc 1 257 19 view .LVU1145
 3361 003a 43F00053 		orr	r3, r3, #536870912
 3362 003e C360     		str	r3, [r0, #12]
 251:Drivers/STM32F4xx_HAL_Driver/Src/stm32f4xx_ll_usb.c **** 
 3363              		.loc 1 251 12 view .LVU1146
 3364 0040 0024     		movs	r4, #0
 3365              	.LVL257:
 3366              	.L206:
 259:Drivers/STM32F4xx_HAL_Driver/Src/stm32f4xx_ll_usb.c ****     {
 3367              		.loc 1 259 5 is_stmt 1 discriminator 2 view .LVU1147
 261:Drivers/STM32F4xx_HAL_Driver/Src/stm32f4xx_ll_usb.c ****       ms += 10U;
 3368              		.loc 1 261 7 discriminator 2 view .LVU1148
 3369 0042 0A20     		movs	r0, #10
 3370 0044 FFF7FEFF 		bl	HAL_Delay
 3371              	.LVL258:
 262:Drivers/STM32F4xx_HAL_Driver/Src/stm32f4xx_ll_usb.c ****     } while ((USB_GetMode(USBx) != (uint32_t)USB_HOST_MODE) && (ms < HAL_USB_CURRENT_MODE_MAX_DELAY
 3372              		.loc 1 262 7 discriminator 2 view .LVU1149
 262:Drivers/STM32F4xx_HAL_Driver/Src/stm32f4xx_ll_usb.c ****     } while ((USB_GetMode(USBx) != (uint32_t)USB_HOST_MODE) && (ms < HAL_USB_CURRENT_MODE_MAX_DELAY
 3373              		.loc 1 262 10 is_stmt 0 discriminator 2 view .LVU1150
 3374 0048 0A34     		adds	r4, r4, #10
 3375              	.LVL259:
 263:Drivers/STM32F4xx_HAL_Driver/Src/stm32f4xx_ll_usb.c ****   }
ARM GAS  /tmp/ccoaixhI.s 			page 104


 3376              		.loc 1 263 61 is_stmt 1 discriminator 2 view .LVU1151
 263:Drivers/STM32F4xx_HAL_Driver/Src/stm32f4xx_ll_usb.c ****   }
 3377              		.loc 1 263 15 is_stmt 0 discriminator 2 view .LVU1152
 3378 004a 2846     		mov	r0, r5
 3379 004c FFF7FEFF 		bl	USB_GetMode
 3380              	.LVL260:
 263:Drivers/STM32F4xx_HAL_Driver/Src/stm32f4xx_ll_usb.c ****   }
 3381              		.loc 1 263 61 discriminator 2 view .LVU1153
 3382 0050 0128     		cmp	r0, #1
 3383 0052 EDD0     		beq	.L205
 263:Drivers/STM32F4xx_HAL_Driver/Src/stm32f4xx_ll_usb.c ****   }
 3384              		.loc 1 263 61 discriminator 1 view .LVU1154
 3385 0054 C72C     		cmp	r4, #199
 3386 0056 F4D9     		bls	.L206
 3387 0058 EAE7     		b	.L205
 3388              	.LVL261:
 3389              	.L209:
 277:Drivers/STM32F4xx_HAL_Driver/Src/stm32f4xx_ll_usb.c ****   }
 3390              		.loc 1 277 12 view .LVU1155
 3391 005a 0120     		movs	r0, #1
 3392              	.LVL262:
 277:Drivers/STM32F4xx_HAL_Driver/Src/stm32f4xx_ll_usb.c ****   }
 3393              		.loc 1 277 12 view .LVU1156
 3394 005c EBE7     		b	.L207
 3395              	.LVL263:
 3396              	.L210:
 282:Drivers/STM32F4xx_HAL_Driver/Src/stm32f4xx_ll_usb.c ****   }
 3397              		.loc 1 282 12 view .LVU1157
 3398 005e 0120     		movs	r0, #1
 3399 0060 E9E7     		b	.L207
 3400              		.cfi_endproc
 3401              	.LFE224:
 3403              		.section	.text.USB_ActivateSetup,"ax",%progbits
 3404              		.align	1
 3405              		.global	USB_ActivateSetup
 3406              		.syntax unified
 3407              		.thumb
 3408              		.thumb_func
 3410              	USB_ActivateSetup:
 3411              	.LVL264:
 3412              	.LFB252:
1352:Drivers/STM32F4xx_HAL_Driver/Src/stm32f4xx_ll_usb.c ****   uint32_t USBx_BASE = (uint32_t)USBx;
 3413              		.loc 1 1352 1 is_stmt 1 view -0
 3414              		.cfi_startproc
 3415              		@ args = 0, pretend = 0, frame = 0
 3416              		@ frame_needed = 0, uses_anonymous_args = 0
 3417              		@ link register save eliminated.
1353:Drivers/STM32F4xx_HAL_Driver/Src/stm32f4xx_ll_usb.c **** 
 3418              		.loc 1 1353 3 view .LVU1159
1356:Drivers/STM32F4xx_HAL_Driver/Src/stm32f4xx_ll_usb.c **** 
 3419              		.loc 1 1356 3 view .LVU1160
1356:Drivers/STM32F4xx_HAL_Driver/Src/stm32f4xx_ll_usb.c **** 
 3420              		.loc 1 1356 16 is_stmt 0 view .LVU1161
 3421 0000 D0F80039 		ldr	r3, [r0, #2304]
1356:Drivers/STM32F4xx_HAL_Driver/Src/stm32f4xx_ll_usb.c **** 
 3422              		.loc 1 1356 26 view .LVU1162
 3423 0004 23F4FF63 		bic	r3, r3, #2040
ARM GAS  /tmp/ccoaixhI.s 			page 105


 3424 0008 23F00703 		bic	r3, r3, #7
 3425 000c C0F80039 		str	r3, [r0, #2304]
1358:Drivers/STM32F4xx_HAL_Driver/Src/stm32f4xx_ll_usb.c **** 
 3426              		.loc 1 1358 3 is_stmt 1 view .LVU1163
1358:Drivers/STM32F4xx_HAL_Driver/Src/stm32f4xx_ll_usb.c **** 
 3427              		.loc 1 1358 14 is_stmt 0 view .LVU1164
 3428 0010 D0F80438 		ldr	r3, [r0, #2052]
1358:Drivers/STM32F4xx_HAL_Driver/Src/stm32f4xx_ll_usb.c **** 
 3429              		.loc 1 1358 21 view .LVU1165
 3430 0014 43F48073 		orr	r3, r3, #256
 3431 0018 C0F80438 		str	r3, [r0, #2052]
1360:Drivers/STM32F4xx_HAL_Driver/Src/stm32f4xx_ll_usb.c **** }
 3432              		.loc 1 1360 3 is_stmt 1 view .LVU1166
1361:Drivers/STM32F4xx_HAL_Driver/Src/stm32f4xx_ll_usb.c **** 
 3433              		.loc 1 1361 1 is_stmt 0 view .LVU1167
 3434 001c 0020     		movs	r0, #0
 3435              	.LVL265:
1361:Drivers/STM32F4xx_HAL_Driver/Src/stm32f4xx_ll_usb.c **** 
 3436              		.loc 1 1361 1 view .LVU1168
 3437 001e 7047     		bx	lr
 3438              		.cfi_endproc
 3439              	.LFE252:
 3441              		.section	.text.USB_EP0_OutStart,"ax",%progbits
 3442              		.align	1
 3443              		.global	USB_EP0_OutStart
 3444              		.syntax unified
 3445              		.thumb
 3446              		.thumb_func
 3448              	USB_EP0_OutStart:
 3449              	.LVL266:
 3450              	.LFB253:
1374:Drivers/STM32F4xx_HAL_Driver/Src/stm32f4xx_ll_usb.c ****   uint32_t USBx_BASE = (uint32_t)USBx;
 3451              		.loc 1 1374 1 is_stmt 1 view -0
 3452              		.cfi_startproc
 3453              		@ args = 0, pretend = 0, frame = 0
 3454              		@ frame_needed = 0, uses_anonymous_args = 0
 3455              		@ link register save eliminated.
1374:Drivers/STM32F4xx_HAL_Driver/Src/stm32f4xx_ll_usb.c ****   uint32_t USBx_BASE = (uint32_t)USBx;
 3456              		.loc 1 1374 1 is_stmt 0 view .LVU1170
 3457 0000 10B4     		push	{r4}
 3458              	.LCFI37:
 3459              		.cfi_def_cfa_offset 4
 3460              		.cfi_offset 4, -4
1375:Drivers/STM32F4xx_HAL_Driver/Src/stm32f4xx_ll_usb.c ****   uint32_t gSNPSiD = *(__IO const uint32_t *)(&USBx->CID + 0x1U);
 3461              		.loc 1 1375 3 is_stmt 1 view .LVU1171
 3462              	.LVL267:
1376:Drivers/STM32F4xx_HAL_Driver/Src/stm32f4xx_ll_usb.c **** 
 3463              		.loc 1 1376 3 view .LVU1172
1376:Drivers/STM32F4xx_HAL_Driver/Src/stm32f4xx_ll_usb.c **** 
 3464              		.loc 1 1376 12 is_stmt 0 view .LVU1173
 3465 0002 046C     		ldr	r4, [r0, #64]
 3466              	.LVL268:
1378:Drivers/STM32F4xx_HAL_Driver/Src/stm32f4xx_ll_usb.c ****   {
 3467              		.loc 1 1378 3 is_stmt 1 view .LVU1174
1378:Drivers/STM32F4xx_HAL_Driver/Src/stm32f4xx_ll_usb.c ****   {
 3468              		.loc 1 1378 6 is_stmt 0 view .LVU1175
 3469 0004 154B     		ldr	r3, .L219
ARM GAS  /tmp/ccoaixhI.s 			page 106


 3470 0006 9C42     		cmp	r4, r3
 3471 0008 03D9     		bls	.L215
1380:Drivers/STM32F4xx_HAL_Driver/Src/stm32f4xx_ll_usb.c ****     {
 3472              		.loc 1 1380 5 is_stmt 1 view .LVU1176
1380:Drivers/STM32F4xx_HAL_Driver/Src/stm32f4xx_ll_usb.c ****     {
 3473              		.loc 1 1380 24 is_stmt 0 view .LVU1177
 3474 000a D0F8003B 		ldr	r3, [r0, #2816]
1380:Drivers/STM32F4xx_HAL_Driver/Src/stm32f4xx_ll_usb.c ****     {
 3475              		.loc 1 1380 8 view .LVU1178
 3476 000e 002B     		cmp	r3, #0
 3477 0010 16DB     		blt	.L216
 3478              	.L215:
1386:Drivers/STM32F4xx_HAL_Driver/Src/stm32f4xx_ll_usb.c ****   USBx_OUTEP(0U)->DOEPTSIZ |= (USB_OTG_DOEPTSIZ_PKTCNT & (1U << 19));
 3479              		.loc 1 1386 3 is_stmt 1 view .LVU1179
1386:Drivers/STM32F4xx_HAL_Driver/Src/stm32f4xx_ll_usb.c ****   USBx_OUTEP(0U)->DOEPTSIZ |= (USB_OTG_DOEPTSIZ_PKTCNT & (1U << 19));
 3480              		.loc 1 1386 28 is_stmt 0 view .LVU1180
 3481 0012 0024     		movs	r4, #0
 3482              	.LVL269:
1386:Drivers/STM32F4xx_HAL_Driver/Src/stm32f4xx_ll_usb.c ****   USBx_OUTEP(0U)->DOEPTSIZ |= (USB_OTG_DOEPTSIZ_PKTCNT & (1U << 19));
 3483              		.loc 1 1386 28 view .LVU1181
 3484 0014 C0F8104B 		str	r4, [r0, #2832]
1387:Drivers/STM32F4xx_HAL_Driver/Src/stm32f4xx_ll_usb.c ****   USBx_OUTEP(0U)->DOEPTSIZ |= (3U * 8U);
 3485              		.loc 1 1387 3 is_stmt 1 view .LVU1182
1387:Drivers/STM32F4xx_HAL_Driver/Src/stm32f4xx_ll_usb.c ****   USBx_OUTEP(0U)->DOEPTSIZ |= (3U * 8U);
 3486              		.loc 1 1387 17 is_stmt 0 view .LVU1183
 3487 0018 D0F8104B 		ldr	r4, [r0, #2832]
1387:Drivers/STM32F4xx_HAL_Driver/Src/stm32f4xx_ll_usb.c ****   USBx_OUTEP(0U)->DOEPTSIZ |= (3U * 8U);
 3488              		.loc 1 1387 28 view .LVU1184
 3489 001c 44F40024 		orr	r4, r4, #524288
 3490 0020 C0F8104B 		str	r4, [r0, #2832]
1388:Drivers/STM32F4xx_HAL_Driver/Src/stm32f4xx_ll_usb.c ****   USBx_OUTEP(0U)->DOEPTSIZ |=  USB_OTG_DOEPTSIZ_STUPCNT;
 3491              		.loc 1 1388 3 is_stmt 1 view .LVU1185
1388:Drivers/STM32F4xx_HAL_Driver/Src/stm32f4xx_ll_usb.c ****   USBx_OUTEP(0U)->DOEPTSIZ |=  USB_OTG_DOEPTSIZ_STUPCNT;
 3492              		.loc 1 1388 17 is_stmt 0 view .LVU1186
 3493 0024 D0F8104B 		ldr	r4, [r0, #2832]
1388:Drivers/STM32F4xx_HAL_Driver/Src/stm32f4xx_ll_usb.c ****   USBx_OUTEP(0U)->DOEPTSIZ |=  USB_OTG_DOEPTSIZ_STUPCNT;
 3494              		.loc 1 1388 28 view .LVU1187
 3495 0028 44F01804 		orr	r4, r4, #24
 3496 002c C0F8104B 		str	r4, [r0, #2832]
1389:Drivers/STM32F4xx_HAL_Driver/Src/stm32f4xx_ll_usb.c **** 
 3497              		.loc 1 1389 3 is_stmt 1 view .LVU1188
1389:Drivers/STM32F4xx_HAL_Driver/Src/stm32f4xx_ll_usb.c **** 
 3498              		.loc 1 1389 17 is_stmt 0 view .LVU1189
 3499 0030 D0F8104B 		ldr	r4, [r0, #2832]
1389:Drivers/STM32F4xx_HAL_Driver/Src/stm32f4xx_ll_usb.c **** 
 3500              		.loc 1 1389 28 view .LVU1190
 3501 0034 44F0C044 		orr	r4, r4, #1610612736
 3502 0038 C0F8104B 		str	r4, [r0, #2832]
1391:Drivers/STM32F4xx_HAL_Driver/Src/stm32f4xx_ll_usb.c ****   {
 3503              		.loc 1 1391 3 is_stmt 1 view .LVU1191
1391:Drivers/STM32F4xx_HAL_Driver/Src/stm32f4xx_ll_usb.c ****   {
 3504              		.loc 1 1391 6 is_stmt 0 view .LVU1192
 3505 003c 0129     		cmp	r1, #1
 3506 003e 03D0     		beq	.L218
 3507              	.L216:
1399:Drivers/STM32F4xx_HAL_Driver/Src/stm32f4xx_ll_usb.c **** 
 3508              		.loc 1 1399 1 view .LVU1193
ARM GAS  /tmp/ccoaixhI.s 			page 107


 3509 0040 0020     		movs	r0, #0
 3510              	.LVL270:
1399:Drivers/STM32F4xx_HAL_Driver/Src/stm32f4xx_ll_usb.c **** 
 3511              		.loc 1 1399 1 view .LVU1194
 3512 0042 5DF8044B 		ldr	r4, [sp], #4
 3513              	.LCFI38:
 3514              		.cfi_remember_state
 3515              		.cfi_restore 4
 3516              		.cfi_def_cfa_offset 0
 3517 0046 7047     		bx	lr
 3518              	.LVL271:
 3519              	.L218:
 3520              	.LCFI39:
 3521              		.cfi_restore_state
1393:Drivers/STM32F4xx_HAL_Driver/Src/stm32f4xx_ll_usb.c ****     /* EP enable */
 3522              		.loc 1 1393 5 is_stmt 1 view .LVU1195
1393:Drivers/STM32F4xx_HAL_Driver/Src/stm32f4xx_ll_usb.c ****     /* EP enable */
 3523              		.loc 1 1393 29 is_stmt 0 view .LVU1196
 3524 0048 C0F8142B 		str	r2, [r0, #2836]
1395:Drivers/STM32F4xx_HAL_Driver/Src/stm32f4xx_ll_usb.c ****   }
 3525              		.loc 1 1395 5 is_stmt 1 view .LVU1197
1395:Drivers/STM32F4xx_HAL_Driver/Src/stm32f4xx_ll_usb.c ****   }
 3526              		.loc 1 1395 19 is_stmt 0 view .LVU1198
 3527 004c D0F8003B 		ldr	r3, [r0, #2816]
1395:Drivers/STM32F4xx_HAL_Driver/Src/stm32f4xx_ll_usb.c ****   }
 3528              		.loc 1 1395 29 view .LVU1199
 3529 0050 43F08023 		orr	r3, r3, #-2147450880
 3530 0054 C0F8003B 		str	r3, [r0, #2816]
 3531 0058 F2E7     		b	.L216
 3532              	.L220:
 3533 005a 00BF     		.align	2
 3534              	.L219:
 3535 005c 0A30544F 		.word	1330917386
 3536              		.cfi_endproc
 3537              	.LFE253:
 3539              		.section	.text.USB_HostInit,"ax",%progbits
 3540              		.align	1
 3541              		.global	USB_HostInit
 3542              		.syntax unified
 3543              		.thumb
 3544              		.thumb_func
 3546              	USB_HostInit:
 3547              	.LVL272:
 3548              	.LFB255:
1444:Drivers/STM32F4xx_HAL_Driver/Src/stm32f4xx_ll_usb.c **** 
1445:Drivers/STM32F4xx_HAL_Driver/Src/stm32f4xx_ll_usb.c **** /**
1446:Drivers/STM32F4xx_HAL_Driver/Src/stm32f4xx_ll_usb.c ****   * @brief  USB_HostInit : Initializes the USB OTG controller registers
1447:Drivers/STM32F4xx_HAL_Driver/Src/stm32f4xx_ll_usb.c ****   *         for Host mode
1448:Drivers/STM32F4xx_HAL_Driver/Src/stm32f4xx_ll_usb.c ****   * @param  USBx  Selected device
1449:Drivers/STM32F4xx_HAL_Driver/Src/stm32f4xx_ll_usb.c ****   * @param  cfg   pointer to a USB_OTG_CfgTypeDef structure that contains
1450:Drivers/STM32F4xx_HAL_Driver/Src/stm32f4xx_ll_usb.c ****   *         the configuration information for the specified USBx peripheral.
1451:Drivers/STM32F4xx_HAL_Driver/Src/stm32f4xx_ll_usb.c ****   * @retval HAL status
1452:Drivers/STM32F4xx_HAL_Driver/Src/stm32f4xx_ll_usb.c ****   */
1453:Drivers/STM32F4xx_HAL_Driver/Src/stm32f4xx_ll_usb.c **** HAL_StatusTypeDef USB_HostInit(USB_OTG_GlobalTypeDef *USBx, USB_OTG_CfgTypeDef cfg)
1454:Drivers/STM32F4xx_HAL_Driver/Src/stm32f4xx_ll_usb.c **** {
 3549              		.loc 1 1454 1 is_stmt 1 view -0
 3550              		.cfi_startproc
ARM GAS  /tmp/ccoaixhI.s 			page 108


 3551              		@ args = 20, pretend = 16, frame = 0
 3552              		@ frame_needed = 0, uses_anonymous_args = 0
 3553              		.loc 1 1454 1 is_stmt 0 view .LVU1201
 3554 0000 84B0     		sub	sp, sp, #16
 3555              	.LCFI40:
 3556              		.cfi_def_cfa_offset 16
 3557 0002 38B5     		push	{r3, r4, r5, lr}
 3558              	.LCFI41:
 3559              		.cfi_def_cfa_offset 32
 3560              		.cfi_offset 3, -32
 3561              		.cfi_offset 4, -28
 3562              		.cfi_offset 5, -24
 3563              		.cfi_offset 14, -20
 3564 0004 0446     		mov	r4, r0
 3565 0006 05A8     		add	r0, sp, #20
 3566              	.LVL273:
 3567              		.loc 1 1454 1 view .LVU1202
 3568 0008 80E80E00 		stm	r0, {r1, r2, r3}
1455:Drivers/STM32F4xx_HAL_Driver/Src/stm32f4xx_ll_usb.c ****   HAL_StatusTypeDef ret = HAL_OK;
 3569              		.loc 1 1455 3 is_stmt 1 view .LVU1203
 3570              	.LVL274:
1456:Drivers/STM32F4xx_HAL_Driver/Src/stm32f4xx_ll_usb.c ****   uint32_t USBx_BASE = (uint32_t)USBx;
 3571              		.loc 1 1456 3 view .LVU1204
1457:Drivers/STM32F4xx_HAL_Driver/Src/stm32f4xx_ll_usb.c ****   uint32_t i;
 3572              		.loc 1 1457 3 view .LVU1205
1458:Drivers/STM32F4xx_HAL_Driver/Src/stm32f4xx_ll_usb.c **** 
1459:Drivers/STM32F4xx_HAL_Driver/Src/stm32f4xx_ll_usb.c ****   /* Restart the Phy Clock */
1460:Drivers/STM32F4xx_HAL_Driver/Src/stm32f4xx_ll_usb.c ****   USBx_PCGCCTL = 0U;
 3573              		.loc 1 1460 3 view .LVU1206
 3574              		.loc 1 1460 16 is_stmt 0 view .LVU1207
 3575 000c 0023     		movs	r3, #0
 3576 000e C4F8003E 		str	r3, [r4, #3584]
1461:Drivers/STM32F4xx_HAL_Driver/Src/stm32f4xx_ll_usb.c **** 
1462:Drivers/STM32F4xx_HAL_Driver/Src/stm32f4xx_ll_usb.c **** #if defined(STM32F446xx) || defined(STM32F469xx) || defined(STM32F479xx) || defined(STM32F412Zx) \
1463:Drivers/STM32F4xx_HAL_Driver/Src/stm32f4xx_ll_usb.c ****  || defined(STM32F412Vx) || defined(STM32F412Rx) || defined(STM32F412Cx) || defined(STM32F413xx) \
1464:Drivers/STM32F4xx_HAL_Driver/Src/stm32f4xx_ll_usb.c ****  || defined(STM32F423xx)
1465:Drivers/STM32F4xx_HAL_Driver/Src/stm32f4xx_ll_usb.c ****   /* Disable HW VBUS sensing */
1466:Drivers/STM32F4xx_HAL_Driver/Src/stm32f4xx_ll_usb.c ****   USBx->GCCFG &= ~(USB_OTG_GCCFG_VBDEN);
1467:Drivers/STM32F4xx_HAL_Driver/Src/stm32f4xx_ll_usb.c **** #else
1468:Drivers/STM32F4xx_HAL_Driver/Src/stm32f4xx_ll_usb.c ****   /*
1469:Drivers/STM32F4xx_HAL_Driver/Src/stm32f4xx_ll_usb.c ****   * Disable HW VBUS sensing. VBUS is internally considered to be always
1470:Drivers/STM32F4xx_HAL_Driver/Src/stm32f4xx_ll_usb.c ****   * at VBUS-Valid level (5V).
1471:Drivers/STM32F4xx_HAL_Driver/Src/stm32f4xx_ll_usb.c ****   */
1472:Drivers/STM32F4xx_HAL_Driver/Src/stm32f4xx_ll_usb.c ****   USBx->GCCFG |= USB_OTG_GCCFG_NOVBUSSENS;
 3577              		.loc 1 1472 3 is_stmt 1 view .LVU1208
 3578              		.loc 1 1472 7 is_stmt 0 view .LVU1209
 3579 0012 A36B     		ldr	r3, [r4, #56]
 3580              		.loc 1 1472 15 view .LVU1210
 3581 0014 43F40013 		orr	r3, r3, #2097152
 3582 0018 A363     		str	r3, [r4, #56]
1473:Drivers/STM32F4xx_HAL_Driver/Src/stm32f4xx_ll_usb.c ****   USBx->GCCFG &= ~USB_OTG_GCCFG_VBUSBSEN;
 3583              		.loc 1 1473 3 is_stmt 1 view .LVU1211
 3584              		.loc 1 1473 7 is_stmt 0 view .LVU1212
 3585 001a A36B     		ldr	r3, [r4, #56]
 3586              		.loc 1 1473 15 view .LVU1213
 3587 001c 23F40023 		bic	r3, r3, #524288
 3588 0020 A363     		str	r3, [r4, #56]
ARM GAS  /tmp/ccoaixhI.s 			page 109


1474:Drivers/STM32F4xx_HAL_Driver/Src/stm32f4xx_ll_usb.c ****   USBx->GCCFG &= ~USB_OTG_GCCFG_VBUSASEN;
 3589              		.loc 1 1474 3 is_stmt 1 view .LVU1214
 3590              		.loc 1 1474 7 is_stmt 0 view .LVU1215
 3591 0022 A36B     		ldr	r3, [r4, #56]
 3592              		.loc 1 1474 15 view .LVU1216
 3593 0024 23F48023 		bic	r3, r3, #262144
 3594 0028 A363     		str	r3, [r4, #56]
1475:Drivers/STM32F4xx_HAL_Driver/Src/stm32f4xx_ll_usb.c **** #endif /* defined(STM32F446xx) || defined(STM32F469xx) || defined(STM32F479xx) || defined(STM32F412
1476:Drivers/STM32F4xx_HAL_Driver/Src/stm32f4xx_ll_usb.c ****           defined(STM32F412Vx) || defined(STM32F412Rx) || defined(STM32F412Cx) || defined(STM32F413
1477:Drivers/STM32F4xx_HAL_Driver/Src/stm32f4xx_ll_usb.c ****           defined(STM32F423xx) */
1478:Drivers/STM32F4xx_HAL_Driver/Src/stm32f4xx_ll_usb.c **** #if defined(STM32F412Zx) || defined(STM32F412Vx) || defined(STM32F412Rx) \
1479:Drivers/STM32F4xx_HAL_Driver/Src/stm32f4xx_ll_usb.c ****  || defined(STM32F412Cx) || defined(STM32F413xx) || defined(STM32F423xx)
1480:Drivers/STM32F4xx_HAL_Driver/Src/stm32f4xx_ll_usb.c ****   /* Disable Battery chargin detector */
1481:Drivers/STM32F4xx_HAL_Driver/Src/stm32f4xx_ll_usb.c ****   USBx->GCCFG &= ~(USB_OTG_GCCFG_BCDEN);
1482:Drivers/STM32F4xx_HAL_Driver/Src/stm32f4xx_ll_usb.c **** #endif /* defined(STM32F412Zx) || defined(STM32F412Vx) || defined(STM32F412Rx) ||
1483:Drivers/STM32F4xx_HAL_Driver/Src/stm32f4xx_ll_usb.c ****           defined(STM32F412Cx) || defined(STM32F413xx) || defined(STM32F423xx) */
1484:Drivers/STM32F4xx_HAL_Driver/Src/stm32f4xx_ll_usb.c **** 
1485:Drivers/STM32F4xx_HAL_Driver/Src/stm32f4xx_ll_usb.c ****   if ((USBx->GUSBCFG & USB_OTG_GUSBCFG_PHYSEL) == 0U)
 3595              		.loc 1 1485 3 is_stmt 1 view .LVU1217
 3596              		.loc 1 1485 12 is_stmt 0 view .LVU1218
 3597 002a E368     		ldr	r3, [r4, #12]
 3598              		.loc 1 1485 6 view .LVU1219
 3599 002c 13F0400F 		tst	r3, #64
 3600 0030 11D1     		bne	.L222
1486:Drivers/STM32F4xx_HAL_Driver/Src/stm32f4xx_ll_usb.c ****   {
1487:Drivers/STM32F4xx_HAL_Driver/Src/stm32f4xx_ll_usb.c ****     if (cfg.speed == USBH_FSLS_SPEED)
 3601              		.loc 1 1487 5 is_stmt 1 view .LVU1220
 3602              		.loc 1 1487 12 is_stmt 0 view .LVU1221
 3603 0032 9DF81730 		ldrb	r3, [sp, #23]	@ zero_extendqisi2
 3604              		.loc 1 1487 8 view .LVU1222
 3605 0036 012B     		cmp	r3, #1
 3606 0038 06D0     		beq	.L233
1488:Drivers/STM32F4xx_HAL_Driver/Src/stm32f4xx_ll_usb.c ****     {
1489:Drivers/STM32F4xx_HAL_Driver/Src/stm32f4xx_ll_usb.c ****       /* Force Device Enumeration to FS/LS mode only */
1490:Drivers/STM32F4xx_HAL_Driver/Src/stm32f4xx_ll_usb.c ****       USBx_HOST->HCFG |= USB_OTG_HCFG_FSLSS;
1491:Drivers/STM32F4xx_HAL_Driver/Src/stm32f4xx_ll_usb.c ****     }
1492:Drivers/STM32F4xx_HAL_Driver/Src/stm32f4xx_ll_usb.c ****     else
1493:Drivers/STM32F4xx_HAL_Driver/Src/stm32f4xx_ll_usb.c ****     {
1494:Drivers/STM32F4xx_HAL_Driver/Src/stm32f4xx_ll_usb.c ****       /* Set default Max speed support */
1495:Drivers/STM32F4xx_HAL_Driver/Src/stm32f4xx_ll_usb.c ****       USBx_HOST->HCFG &= ~(USB_OTG_HCFG_FSLSS);
 3607              		.loc 1 1495 7 is_stmt 1 view .LVU1223
 3608              		.loc 1 1495 16 is_stmt 0 view .LVU1224
 3609 003a D4F80034 		ldr	r3, [r4, #1024]
 3610              		.loc 1 1495 23 view .LVU1225
 3611 003e 23F00403 		bic	r3, r3, #4
 3612 0042 C4F80034 		str	r3, [r4, #1024]
 3613 0046 0CE0     		b	.L224
 3614              	.L233:
1490:Drivers/STM32F4xx_HAL_Driver/Src/stm32f4xx_ll_usb.c ****     }
 3615              		.loc 1 1490 7 is_stmt 1 view .LVU1226
1490:Drivers/STM32F4xx_HAL_Driver/Src/stm32f4xx_ll_usb.c ****     }
 3616              		.loc 1 1490 16 is_stmt 0 view .LVU1227
 3617 0048 D4F80034 		ldr	r3, [r4, #1024]
1490:Drivers/STM32F4xx_HAL_Driver/Src/stm32f4xx_ll_usb.c ****     }
 3618              		.loc 1 1490 23 view .LVU1228
 3619 004c 43F00403 		orr	r3, r3, #4
 3620 0050 C4F80034 		str	r3, [r4, #1024]
ARM GAS  /tmp/ccoaixhI.s 			page 110


 3621 0054 05E0     		b	.L224
 3622              	.L222:
1496:Drivers/STM32F4xx_HAL_Driver/Src/stm32f4xx_ll_usb.c ****     }
1497:Drivers/STM32F4xx_HAL_Driver/Src/stm32f4xx_ll_usb.c ****   }
1498:Drivers/STM32F4xx_HAL_Driver/Src/stm32f4xx_ll_usb.c ****   else
1499:Drivers/STM32F4xx_HAL_Driver/Src/stm32f4xx_ll_usb.c ****   {
1500:Drivers/STM32F4xx_HAL_Driver/Src/stm32f4xx_ll_usb.c ****     /* Set default Max speed support */
1501:Drivers/STM32F4xx_HAL_Driver/Src/stm32f4xx_ll_usb.c ****     USBx_HOST->HCFG &= ~(USB_OTG_HCFG_FSLSS);
 3623              		.loc 1 1501 5 is_stmt 1 view .LVU1229
 3624              		.loc 1 1501 14 is_stmt 0 view .LVU1230
 3625 0056 D4F80034 		ldr	r3, [r4, #1024]
 3626              		.loc 1 1501 21 view .LVU1231
 3627 005a 23F00403 		bic	r3, r3, #4
 3628 005e C4F80034 		str	r3, [r4, #1024]
 3629              	.L224:
1502:Drivers/STM32F4xx_HAL_Driver/Src/stm32f4xx_ll_usb.c ****   }
1503:Drivers/STM32F4xx_HAL_Driver/Src/stm32f4xx_ll_usb.c **** 
1504:Drivers/STM32F4xx_HAL_Driver/Src/stm32f4xx_ll_usb.c ****   /* Make sure the FIFOs are flushed. */
1505:Drivers/STM32F4xx_HAL_Driver/Src/stm32f4xx_ll_usb.c ****   if (USB_FlushTxFifo(USBx, 0x10U) != HAL_OK) /* all Tx FIFOs */
 3630              		.loc 1 1505 3 is_stmt 1 view .LVU1232
 3631              		.loc 1 1505 7 is_stmt 0 view .LVU1233
 3632 0062 1021     		movs	r1, #16
 3633 0064 2046     		mov	r0, r4
 3634 0066 FFF7FEFF 		bl	USB_FlushTxFifo
 3635              	.LVL275:
 3636              		.loc 1 1505 6 view .LVU1234
 3637 006a 0546     		mov	r5, r0
 3638 006c 00B1     		cbz	r0, .L225
1506:Drivers/STM32F4xx_HAL_Driver/Src/stm32f4xx_ll_usb.c ****   {
1507:Drivers/STM32F4xx_HAL_Driver/Src/stm32f4xx_ll_usb.c ****     ret = HAL_ERROR;
 3639              		.loc 1 1507 9 view .LVU1235
 3640 006e 0125     		movs	r5, #1
 3641              	.L225:
 3642              	.LVL276:
1508:Drivers/STM32F4xx_HAL_Driver/Src/stm32f4xx_ll_usb.c ****   }
1509:Drivers/STM32F4xx_HAL_Driver/Src/stm32f4xx_ll_usb.c **** 
1510:Drivers/STM32F4xx_HAL_Driver/Src/stm32f4xx_ll_usb.c ****   if (USB_FlushRxFifo(USBx) != HAL_OK)
 3643              		.loc 1 1510 3 is_stmt 1 view .LVU1236
 3644              		.loc 1 1510 7 is_stmt 0 view .LVU1237
 3645 0070 2046     		mov	r0, r4
 3646 0072 FFF7FEFF 		bl	USB_FlushRxFifo
 3647              	.LVL277:
 3648              		.loc 1 1510 6 view .LVU1238
 3649 0076 00B1     		cbz	r0, .L226
1511:Drivers/STM32F4xx_HAL_Driver/Src/stm32f4xx_ll_usb.c ****   {
1512:Drivers/STM32F4xx_HAL_Driver/Src/stm32f4xx_ll_usb.c ****     ret = HAL_ERROR;
 3650              		.loc 1 1512 9 view .LVU1239
 3651 0078 0125     		movs	r5, #1
 3652              	.LVL278:
 3653              	.L226:
1513:Drivers/STM32F4xx_HAL_Driver/Src/stm32f4xx_ll_usb.c ****   }
1514:Drivers/STM32F4xx_HAL_Driver/Src/stm32f4xx_ll_usb.c **** 
1515:Drivers/STM32F4xx_HAL_Driver/Src/stm32f4xx_ll_usb.c ****   /* Clear all pending HC Interrupts */
1516:Drivers/STM32F4xx_HAL_Driver/Src/stm32f4xx_ll_usb.c ****   for (i = 0U; i < cfg.Host_channels; i++)
 3654              		.loc 1 1516 3 is_stmt 1 view .LVU1240
 3655              		.loc 1 1516 10 is_stmt 0 view .LVU1241
 3656 007a 0022     		movs	r2, #0
ARM GAS  /tmp/ccoaixhI.s 			page 111


 3657              		.loc 1 1516 3 view .LVU1242
 3658 007c 09E0     		b	.L227
 3659              	.LVL279:
 3660              	.L228:
1517:Drivers/STM32F4xx_HAL_Driver/Src/stm32f4xx_ll_usb.c ****   {
1518:Drivers/STM32F4xx_HAL_Driver/Src/stm32f4xx_ll_usb.c ****     USBx_HC(i)->HCINT = CLEAR_INTERRUPT_MASK;
 3661              		.loc 1 1518 5 is_stmt 1 discriminator 3 view .LVU1243
 3662 007e 04EB4213 		add	r3, r4, r2, lsl #5
 3663              		.loc 1 1518 23 is_stmt 0 discriminator 3 view .LVU1244
 3664 0082 4FF0FF31 		mov	r1, #-1
 3665 0086 C3F80815 		str	r1, [r3, #1288]
1519:Drivers/STM32F4xx_HAL_Driver/Src/stm32f4xx_ll_usb.c ****     USBx_HC(i)->HCINTMSK = 0U;
 3666              		.loc 1 1519 5 is_stmt 1 discriminator 3 view .LVU1245
 3667              		.loc 1 1519 26 is_stmt 0 discriminator 3 view .LVU1246
 3668 008a 0021     		movs	r1, #0
 3669 008c C3F80C15 		str	r1, [r3, #1292]
1516:Drivers/STM32F4xx_HAL_Driver/Src/stm32f4xx_ll_usb.c ****   {
 3670              		.loc 1 1516 40 is_stmt 1 discriminator 3 view .LVU1247
 3671 0090 0132     		adds	r2, r2, #1
 3672              	.LVL280:
 3673              	.L227:
1516:Drivers/STM32F4xx_HAL_Driver/Src/stm32f4xx_ll_usb.c ****   {
 3674              		.loc 1 1516 18 discriminator 1 view .LVU1248
1516:Drivers/STM32F4xx_HAL_Driver/Src/stm32f4xx_ll_usb.c ****   {
 3675              		.loc 1 1516 23 is_stmt 0 discriminator 1 view .LVU1249
 3676 0092 9DF81530 		ldrb	r3, [sp, #21]	@ zero_extendqisi2
1516:Drivers/STM32F4xx_HAL_Driver/Src/stm32f4xx_ll_usb.c ****   {
 3677              		.loc 1 1516 18 discriminator 1 view .LVU1250
 3678 0096 9342     		cmp	r3, r2
 3679 0098 F1D8     		bhi	.L228
1520:Drivers/STM32F4xx_HAL_Driver/Src/stm32f4xx_ll_usb.c ****   }
1521:Drivers/STM32F4xx_HAL_Driver/Src/stm32f4xx_ll_usb.c **** 
1522:Drivers/STM32F4xx_HAL_Driver/Src/stm32f4xx_ll_usb.c ****   /* Disable all interrupts. */
1523:Drivers/STM32F4xx_HAL_Driver/Src/stm32f4xx_ll_usb.c ****   USBx->GINTMSK = 0U;
 3680              		.loc 1 1523 3 is_stmt 1 view .LVU1251
 3681              		.loc 1 1523 17 is_stmt 0 view .LVU1252
 3682 009a 0023     		movs	r3, #0
 3683 009c A361     		str	r3, [r4, #24]
1524:Drivers/STM32F4xx_HAL_Driver/Src/stm32f4xx_ll_usb.c **** 
1525:Drivers/STM32F4xx_HAL_Driver/Src/stm32f4xx_ll_usb.c ****   /* Clear any pending interrupts */
1526:Drivers/STM32F4xx_HAL_Driver/Src/stm32f4xx_ll_usb.c ****   USBx->GINTSTS = CLEAR_INTERRUPT_MASK;
 3684              		.loc 1 1526 3 is_stmt 1 view .LVU1253
 3685              		.loc 1 1526 17 is_stmt 0 view .LVU1254
 3686 009e 4FF0FF33 		mov	r3, #-1
 3687 00a2 6361     		str	r3, [r4, #20]
1527:Drivers/STM32F4xx_HAL_Driver/Src/stm32f4xx_ll_usb.c **** #if defined (USB_OTG_HS)
1528:Drivers/STM32F4xx_HAL_Driver/Src/stm32f4xx_ll_usb.c ****   if (USBx == USB_OTG_HS)
1529:Drivers/STM32F4xx_HAL_Driver/Src/stm32f4xx_ll_usb.c ****   {
1530:Drivers/STM32F4xx_HAL_Driver/Src/stm32f4xx_ll_usb.c ****     /* set Rx FIFO size */
1531:Drivers/STM32F4xx_HAL_Driver/Src/stm32f4xx_ll_usb.c ****     USBx->GRXFSIZ  = 0x200U;
1532:Drivers/STM32F4xx_HAL_Driver/Src/stm32f4xx_ll_usb.c ****     USBx->DIEPTXF0_HNPTXFSIZ = (uint32_t)(((0x100U << 16) & USB_OTG_NPTXFD) | 0x200U);
1533:Drivers/STM32F4xx_HAL_Driver/Src/stm32f4xx_ll_usb.c ****     USBx->HPTXFSIZ = (uint32_t)(((0xE0U << 16) & USB_OTG_HPTXFSIZ_PTXFD) | 0x300U);
1534:Drivers/STM32F4xx_HAL_Driver/Src/stm32f4xx_ll_usb.c ****   }
1535:Drivers/STM32F4xx_HAL_Driver/Src/stm32f4xx_ll_usb.c ****   else
1536:Drivers/STM32F4xx_HAL_Driver/Src/stm32f4xx_ll_usb.c **** #endif /* defined (USB_OTG_HS) */
1537:Drivers/STM32F4xx_HAL_Driver/Src/stm32f4xx_ll_usb.c ****   {
1538:Drivers/STM32F4xx_HAL_Driver/Src/stm32f4xx_ll_usb.c ****     /* set Rx FIFO size */
ARM GAS  /tmp/ccoaixhI.s 			page 112


1539:Drivers/STM32F4xx_HAL_Driver/Src/stm32f4xx_ll_usb.c ****     USBx->GRXFSIZ  = 0x80U;
 3688              		.loc 1 1539 5 is_stmt 1 view .LVU1255
 3689              		.loc 1 1539 20 is_stmt 0 view .LVU1256
 3690 00a4 8023     		movs	r3, #128
 3691 00a6 6362     		str	r3, [r4, #36]
1540:Drivers/STM32F4xx_HAL_Driver/Src/stm32f4xx_ll_usb.c ****     USBx->DIEPTXF0_HNPTXFSIZ = (uint32_t)(((0x60U << 16) & USB_OTG_NPTXFD) | 0x80U);
 3692              		.loc 1 1540 5 is_stmt 1 view .LVU1257
 3693              		.loc 1 1540 30 is_stmt 0 view .LVU1258
 3694 00a8 03F5C003 		add	r3, r3, #6291456
 3695 00ac A362     		str	r3, [r4, #40]
1541:Drivers/STM32F4xx_HAL_Driver/Src/stm32f4xx_ll_usb.c ****     USBx->HPTXFSIZ = (uint32_t)(((0x40U << 16)& USB_OTG_HPTXFSIZ_PTXFD) | 0xE0U);
 3696              		.loc 1 1541 5 is_stmt 1 view .LVU1259
 3697              		.loc 1 1541 20 is_stmt 0 view .LVU1260
 3698 00ae 094B     		ldr	r3, .L234
 3699 00b0 C4F80031 		str	r3, [r4, #256]
1542:Drivers/STM32F4xx_HAL_Driver/Src/stm32f4xx_ll_usb.c ****   }
1543:Drivers/STM32F4xx_HAL_Driver/Src/stm32f4xx_ll_usb.c **** 
1544:Drivers/STM32F4xx_HAL_Driver/Src/stm32f4xx_ll_usb.c ****   /* Enable the common interrupts */
1545:Drivers/STM32F4xx_HAL_Driver/Src/stm32f4xx_ll_usb.c ****   if (cfg.dma_enable == 0U)
 3700              		.loc 1 1545 3 is_stmt 1 view .LVU1261
 3701              		.loc 1 1545 10 is_stmt 0 view .LVU1262
 3702 00b4 9DF81630 		ldrb	r3, [sp, #22]	@ zero_extendqisi2
 3703              		.loc 1 1545 6 view .LVU1263
 3704 00b8 1BB9     		cbnz	r3, .L229
1546:Drivers/STM32F4xx_HAL_Driver/Src/stm32f4xx_ll_usb.c ****   {
1547:Drivers/STM32F4xx_HAL_Driver/Src/stm32f4xx_ll_usb.c ****     USBx->GINTMSK |= USB_OTG_GINTMSK_RXFLVLM;
 3705              		.loc 1 1547 5 is_stmt 1 view .LVU1264
 3706              		.loc 1 1547 9 is_stmt 0 view .LVU1265
 3707 00ba A369     		ldr	r3, [r4, #24]
 3708              		.loc 1 1547 19 view .LVU1266
 3709 00bc 43F01003 		orr	r3, r3, #16
 3710 00c0 A361     		str	r3, [r4, #24]
 3711              	.L229:
1548:Drivers/STM32F4xx_HAL_Driver/Src/stm32f4xx_ll_usb.c ****   }
1549:Drivers/STM32F4xx_HAL_Driver/Src/stm32f4xx_ll_usb.c **** 
1550:Drivers/STM32F4xx_HAL_Driver/Src/stm32f4xx_ll_usb.c ****   /* Enable interrupts matching to the Host mode ONLY */
1551:Drivers/STM32F4xx_HAL_Driver/Src/stm32f4xx_ll_usb.c ****   USBx->GINTMSK |= (USB_OTG_GINTMSK_PRTIM            | USB_OTG_GINTMSK_HCIM | \
 3712              		.loc 1 1551 3 is_stmt 1 view .LVU1267
 3713              		.loc 1 1551 7 is_stmt 0 view .LVU1268
 3714 00c2 A269     		ldr	r2, [r4, #24]
 3715              	.LVL281:
 3716              		.loc 1 1551 17 view .LVU1269
 3717 00c4 044B     		ldr	r3, .L234+4
 3718 00c6 1343     		orrs	r3, r3, r2
 3719 00c8 A361     		str	r3, [r4, #24]
1552:Drivers/STM32F4xx_HAL_Driver/Src/stm32f4xx_ll_usb.c ****                     USB_OTG_GINTMSK_SOFM             | USB_OTG_GINTSTS_DISCINT | \
1553:Drivers/STM32F4xx_HAL_Driver/Src/stm32f4xx_ll_usb.c ****                     USB_OTG_GINTMSK_PXFRM_IISOOXFRM  | USB_OTG_GINTMSK_WUIM);
1554:Drivers/STM32F4xx_HAL_Driver/Src/stm32f4xx_ll_usb.c **** 
1555:Drivers/STM32F4xx_HAL_Driver/Src/stm32f4xx_ll_usb.c ****   return ret;
 3720              		.loc 1 1555 3 is_stmt 1 view .LVU1270
1556:Drivers/STM32F4xx_HAL_Driver/Src/stm32f4xx_ll_usb.c **** }
 3721              		.loc 1 1556 1 is_stmt 0 view .LVU1271
 3722 00ca 2846     		mov	r0, r5
 3723 00cc BDE83840 		pop	{r3, r4, r5, lr}
 3724              	.LCFI42:
 3725              		.cfi_restore 14
 3726              		.cfi_restore 5
ARM GAS  /tmp/ccoaixhI.s 			page 113


 3727              		.cfi_restore 4
 3728              		.cfi_restore 3
 3729              		.cfi_def_cfa_offset 16
 3730              	.LVL282:
 3731              		.loc 1 1556 1 view .LVU1272
 3732 00d0 04B0     		add	sp, sp, #16
 3733              	.LCFI43:
 3734              		.cfi_def_cfa_offset 0
 3735 00d2 7047     		bx	lr
 3736              	.L235:
 3737              		.align	2
 3738              	.L234:
 3739 00d4 E0004000 		.word	4194528
 3740 00d8 080020A3 		.word	-1558183928
 3741              		.cfi_endproc
 3742              	.LFE255:
 3744              		.section	.text.USB_InitFSLSPClkSel,"ax",%progbits
 3745              		.align	1
 3746              		.global	USB_InitFSLSPClkSel
 3747              		.syntax unified
 3748              		.thumb
 3749              		.thumb_func
 3751              	USB_InitFSLSPClkSel:
 3752              	.LVL283:
 3753              	.LFB256:
1557:Drivers/STM32F4xx_HAL_Driver/Src/stm32f4xx_ll_usb.c **** 
1558:Drivers/STM32F4xx_HAL_Driver/Src/stm32f4xx_ll_usb.c **** /**
1559:Drivers/STM32F4xx_HAL_Driver/Src/stm32f4xx_ll_usb.c ****   * @brief  USB_InitFSLSPClkSel : Initializes the FSLSPClkSel field of the
1560:Drivers/STM32F4xx_HAL_Driver/Src/stm32f4xx_ll_usb.c ****   *         HCFG register on the PHY type and set the right frame interval
1561:Drivers/STM32F4xx_HAL_Driver/Src/stm32f4xx_ll_usb.c ****   * @param  USBx  Selected device
1562:Drivers/STM32F4xx_HAL_Driver/Src/stm32f4xx_ll_usb.c ****   * @param  freq  clock frequency
1563:Drivers/STM32F4xx_HAL_Driver/Src/stm32f4xx_ll_usb.c ****   *          This parameter can be one of these values:
1564:Drivers/STM32F4xx_HAL_Driver/Src/stm32f4xx_ll_usb.c ****   *           HCFG_48_MHZ : Full Speed 48 MHz Clock
1565:Drivers/STM32F4xx_HAL_Driver/Src/stm32f4xx_ll_usb.c ****   *           HCFG_6_MHZ : Low Speed 6 MHz Clock
1566:Drivers/STM32F4xx_HAL_Driver/Src/stm32f4xx_ll_usb.c ****   * @retval HAL status
1567:Drivers/STM32F4xx_HAL_Driver/Src/stm32f4xx_ll_usb.c ****   */
1568:Drivers/STM32F4xx_HAL_Driver/Src/stm32f4xx_ll_usb.c **** HAL_StatusTypeDef USB_InitFSLSPClkSel(const USB_OTG_GlobalTypeDef *USBx, uint8_t freq)
1569:Drivers/STM32F4xx_HAL_Driver/Src/stm32f4xx_ll_usb.c **** {
 3754              		.loc 1 1569 1 is_stmt 1 view -0
 3755              		.cfi_startproc
 3756              		@ args = 0, pretend = 0, frame = 0
 3757              		@ frame_needed = 0, uses_anonymous_args = 0
 3758              		@ link register save eliminated.
1570:Drivers/STM32F4xx_HAL_Driver/Src/stm32f4xx_ll_usb.c ****   uint32_t USBx_BASE = (uint32_t)USBx;
 3759              		.loc 1 1570 3 view .LVU1274
1571:Drivers/STM32F4xx_HAL_Driver/Src/stm32f4xx_ll_usb.c **** 
1572:Drivers/STM32F4xx_HAL_Driver/Src/stm32f4xx_ll_usb.c ****   USBx_HOST->HCFG &= ~(USB_OTG_HCFG_FSLSPCS);
 3760              		.loc 1 1572 3 view .LVU1275
 3761              		.loc 1 1572 12 is_stmt 0 view .LVU1276
 3762 0000 00F5806C 		add	ip, r0, #1024
 3763 0004 D0F80034 		ldr	r3, [r0, #1024]
 3764              		.loc 1 1572 19 view .LVU1277
 3765 0008 23F00303 		bic	r3, r3, #3
 3766 000c C0F80034 		str	r3, [r0, #1024]
1573:Drivers/STM32F4xx_HAL_Driver/Src/stm32f4xx_ll_usb.c ****   USBx_HOST->HCFG |= (uint32_t)freq & USB_OTG_HCFG_FSLSPCS;
 3767              		.loc 1 1573 3 is_stmt 1 view .LVU1278
 3768              		.loc 1 1573 12 is_stmt 0 view .LVU1279
ARM GAS  /tmp/ccoaixhI.s 			page 114


 3769 0010 D0F80034 		ldr	r3, [r0, #1024]
 3770              		.loc 1 1573 37 view .LVU1280
 3771 0014 01F00302 		and	r2, r1, #3
 3772              		.loc 1 1573 19 view .LVU1281
 3773 0018 1343     		orrs	r3, r3, r2
 3774 001a C0F80034 		str	r3, [r0, #1024]
1574:Drivers/STM32F4xx_HAL_Driver/Src/stm32f4xx_ll_usb.c **** 
1575:Drivers/STM32F4xx_HAL_Driver/Src/stm32f4xx_ll_usb.c ****   if (freq == HCFG_48_MHZ)
 3775              		.loc 1 1575 3 is_stmt 1 view .LVU1282
 3776              		.loc 1 1575 6 is_stmt 0 view .LVU1283
 3777 001e 0129     		cmp	r1, #1
 3778 0020 07D0     		beq	.L240
1576:Drivers/STM32F4xx_HAL_Driver/Src/stm32f4xx_ll_usb.c ****   {
1577:Drivers/STM32F4xx_HAL_Driver/Src/stm32f4xx_ll_usb.c ****     USBx_HOST->HFIR = HFIR_48_MHZ;
1578:Drivers/STM32F4xx_HAL_Driver/Src/stm32f4xx_ll_usb.c ****   }
1579:Drivers/STM32F4xx_HAL_Driver/Src/stm32f4xx_ll_usb.c ****   else if (freq == HCFG_6_MHZ)
 3779              		.loc 1 1579 8 is_stmt 1 view .LVU1284
 3780              		.loc 1 1579 11 is_stmt 0 view .LVU1285
 3781 0022 0229     		cmp	r1, #2
 3782 0024 0BD1     		bne	.L239
1580:Drivers/STM32F4xx_HAL_Driver/Src/stm32f4xx_ll_usb.c ****   {
1581:Drivers/STM32F4xx_HAL_Driver/Src/stm32f4xx_ll_usb.c ****     USBx_HOST->HFIR = HFIR_6_MHZ;
 3783              		.loc 1 1581 5 is_stmt 1 view .LVU1286
 3784              		.loc 1 1581 21 is_stmt 0 view .LVU1287
 3785 0026 41F27073 		movw	r3, #6000
 3786 002a CCF80430 		str	r3, [ip, #4]
1582:Drivers/STM32F4xx_HAL_Driver/Src/stm32f4xx_ll_usb.c ****   }
1583:Drivers/STM32F4xx_HAL_Driver/Src/stm32f4xx_ll_usb.c ****   else
1584:Drivers/STM32F4xx_HAL_Driver/Src/stm32f4xx_ll_usb.c ****   {
1585:Drivers/STM32F4xx_HAL_Driver/Src/stm32f4xx_ll_usb.c ****     return HAL_ERROR;
1586:Drivers/STM32F4xx_HAL_Driver/Src/stm32f4xx_ll_usb.c ****   }
1587:Drivers/STM32F4xx_HAL_Driver/Src/stm32f4xx_ll_usb.c **** 
1588:Drivers/STM32F4xx_HAL_Driver/Src/stm32f4xx_ll_usb.c ****   return HAL_OK;
 3787              		.loc 1 1588 10 view .LVU1288
 3788 002e 0020     		movs	r0, #0
 3789              	.LVL284:
 3790              		.loc 1 1588 10 view .LVU1289
 3791 0030 7047     		bx	lr
 3792              	.LVL285:
 3793              	.L240:
1577:Drivers/STM32F4xx_HAL_Driver/Src/stm32f4xx_ll_usb.c ****   }
 3794              		.loc 1 1577 5 is_stmt 1 view .LVU1290
1577:Drivers/STM32F4xx_HAL_Driver/Src/stm32f4xx_ll_usb.c ****   }
 3795              		.loc 1 1577 21 is_stmt 0 view .LVU1291
 3796 0032 4BF68033 		movw	r3, #48000
 3797 0036 CCF80430 		str	r3, [ip, #4]
 3798              		.loc 1 1588 10 view .LVU1292
 3799 003a 0020     		movs	r0, #0
 3800              	.LVL286:
 3801              		.loc 1 1588 10 view .LVU1293
 3802 003c 7047     		bx	lr
 3803              	.LVL287:
 3804              	.L239:
1585:Drivers/STM32F4xx_HAL_Driver/Src/stm32f4xx_ll_usb.c ****   }
 3805              		.loc 1 1585 12 view .LVU1294
 3806 003e 0120     		movs	r0, #1
 3807              	.LVL288:
ARM GAS  /tmp/ccoaixhI.s 			page 115


1589:Drivers/STM32F4xx_HAL_Driver/Src/stm32f4xx_ll_usb.c **** }
 3808              		.loc 1 1589 1 view .LVU1295
 3809 0040 7047     		bx	lr
 3810              		.cfi_endproc
 3811              	.LFE256:
 3813              		.section	.text.USB_ResetPort,"ax",%progbits
 3814              		.align	1
 3815              		.global	USB_ResetPort
 3816              		.syntax unified
 3817              		.thumb
 3818              		.thumb_func
 3820              	USB_ResetPort:
 3821              	.LVL289:
 3822              	.LFB257:
1590:Drivers/STM32F4xx_HAL_Driver/Src/stm32f4xx_ll_usb.c **** 
1591:Drivers/STM32F4xx_HAL_Driver/Src/stm32f4xx_ll_usb.c **** /**
1592:Drivers/STM32F4xx_HAL_Driver/Src/stm32f4xx_ll_usb.c ****   * @brief  USB_OTG_ResetPort : Reset Host Port
1593:Drivers/STM32F4xx_HAL_Driver/Src/stm32f4xx_ll_usb.c ****   * @param  USBx  Selected device
1594:Drivers/STM32F4xx_HAL_Driver/Src/stm32f4xx_ll_usb.c ****   * @retval HAL status
1595:Drivers/STM32F4xx_HAL_Driver/Src/stm32f4xx_ll_usb.c ****   * @note (1)The application must wait at least 10 ms
1596:Drivers/STM32F4xx_HAL_Driver/Src/stm32f4xx_ll_usb.c ****   *   before clearing the reset bit.
1597:Drivers/STM32F4xx_HAL_Driver/Src/stm32f4xx_ll_usb.c ****   */
1598:Drivers/STM32F4xx_HAL_Driver/Src/stm32f4xx_ll_usb.c **** HAL_StatusTypeDef USB_ResetPort(const USB_OTG_GlobalTypeDef *USBx)
1599:Drivers/STM32F4xx_HAL_Driver/Src/stm32f4xx_ll_usb.c **** {
 3823              		.loc 1 1599 1 is_stmt 1 view -0
 3824              		.cfi_startproc
 3825              		@ args = 0, pretend = 0, frame = 8
 3826              		@ frame_needed = 0, uses_anonymous_args = 0
 3827              		.loc 1 1599 1 is_stmt 0 view .LVU1297
 3828 0000 30B5     		push	{r4, r5, lr}
 3829              	.LCFI44:
 3830              		.cfi_def_cfa_offset 12
 3831              		.cfi_offset 4, -12
 3832              		.cfi_offset 5, -8
 3833              		.cfi_offset 14, -4
 3834 0002 83B0     		sub	sp, sp, #12
 3835              	.LCFI45:
 3836              		.cfi_def_cfa_offset 24
 3837 0004 0446     		mov	r4, r0
1600:Drivers/STM32F4xx_HAL_Driver/Src/stm32f4xx_ll_usb.c ****   uint32_t USBx_BASE = (uint32_t)USBx;
 3838              		.loc 1 1600 3 is_stmt 1 view .LVU1298
 3839              	.LVL290:
1601:Drivers/STM32F4xx_HAL_Driver/Src/stm32f4xx_ll_usb.c **** 
1602:Drivers/STM32F4xx_HAL_Driver/Src/stm32f4xx_ll_usb.c ****   __IO uint32_t hprt0 = 0U;
 3840              		.loc 1 1602 3 view .LVU1299
 3841              		.loc 1 1602 17 is_stmt 0 view .LVU1300
 3842 0006 0025     		movs	r5, #0
 3843 0008 0195     		str	r5, [sp, #4]
1603:Drivers/STM32F4xx_HAL_Driver/Src/stm32f4xx_ll_usb.c **** 
1604:Drivers/STM32F4xx_HAL_Driver/Src/stm32f4xx_ll_usb.c ****   hprt0 = USBx_HPRT0;
 3844              		.loc 1 1604 3 is_stmt 1 view .LVU1301
 3845              		.loc 1 1604 11 is_stmt 0 view .LVU1302
 3846 000a D0F84034 		ldr	r3, [r0, #1088]
 3847              		.loc 1 1604 9 view .LVU1303
 3848 000e 0193     		str	r3, [sp, #4]
1605:Drivers/STM32F4xx_HAL_Driver/Src/stm32f4xx_ll_usb.c **** 
1606:Drivers/STM32F4xx_HAL_Driver/Src/stm32f4xx_ll_usb.c ****   hprt0 &= ~(USB_OTG_HPRT_PENA | USB_OTG_HPRT_PCDET |
ARM GAS  /tmp/ccoaixhI.s 			page 116


 3849              		.loc 1 1606 3 is_stmt 1 view .LVU1304
 3850              		.loc 1 1606 9 is_stmt 0 view .LVU1305
 3851 0010 019B     		ldr	r3, [sp, #4]
 3852 0012 23F02E03 		bic	r3, r3, #46
 3853 0016 0193     		str	r3, [sp, #4]
1607:Drivers/STM32F4xx_HAL_Driver/Src/stm32f4xx_ll_usb.c ****              USB_OTG_HPRT_PENCHNG | USB_OTG_HPRT_POCCHNG);
1608:Drivers/STM32F4xx_HAL_Driver/Src/stm32f4xx_ll_usb.c **** 
1609:Drivers/STM32F4xx_HAL_Driver/Src/stm32f4xx_ll_usb.c ****   USBx_HPRT0 = (USB_OTG_HPRT_PRST | hprt0);
 3854              		.loc 1 1609 3 is_stmt 1 view .LVU1306
 3855              		.loc 1 1609 35 is_stmt 0 view .LVU1307
 3856 0018 019B     		ldr	r3, [sp, #4]
 3857 001a 43F48073 		orr	r3, r3, #256
 3858              		.loc 1 1609 14 view .LVU1308
 3859 001e C0F84034 		str	r3, [r0, #1088]
1610:Drivers/STM32F4xx_HAL_Driver/Src/stm32f4xx_ll_usb.c ****   HAL_Delay(100U);                                 /* See Note #1 */
 3860              		.loc 1 1610 3 is_stmt 1 view .LVU1309
 3861 0022 6420     		movs	r0, #100
 3862              	.LVL291:
 3863              		.loc 1 1610 3 is_stmt 0 view .LVU1310
 3864 0024 FFF7FEFF 		bl	HAL_Delay
 3865              	.LVL292:
1611:Drivers/STM32F4xx_HAL_Driver/Src/stm32f4xx_ll_usb.c ****   USBx_HPRT0 = ((~USB_OTG_HPRT_PRST) & hprt0);
 3866              		.loc 1 1611 3 is_stmt 1 view .LVU1311
 3867              		.loc 1 1611 38 is_stmt 0 view .LVU1312
 3868 0028 019B     		ldr	r3, [sp, #4]
 3869 002a 23F48073 		bic	r3, r3, #256
 3870              		.loc 1 1611 14 view .LVU1313
 3871 002e C4F84034 		str	r3, [r4, #1088]
1612:Drivers/STM32F4xx_HAL_Driver/Src/stm32f4xx_ll_usb.c ****   HAL_Delay(10U);
 3872              		.loc 1 1612 3 is_stmt 1 view .LVU1314
 3873 0032 0A20     		movs	r0, #10
 3874 0034 FFF7FEFF 		bl	HAL_Delay
 3875              	.LVL293:
1613:Drivers/STM32F4xx_HAL_Driver/Src/stm32f4xx_ll_usb.c **** 
1614:Drivers/STM32F4xx_HAL_Driver/Src/stm32f4xx_ll_usb.c ****   return HAL_OK;
 3876              		.loc 1 1614 3 view .LVU1315
1615:Drivers/STM32F4xx_HAL_Driver/Src/stm32f4xx_ll_usb.c **** }
 3877              		.loc 1 1615 1 is_stmt 0 view .LVU1316
 3878 0038 2846     		mov	r0, r5
 3879 003a 03B0     		add	sp, sp, #12
 3880              	.LCFI46:
 3881              		.cfi_def_cfa_offset 12
 3882              		@ sp needed
 3883 003c 30BD     		pop	{r4, r5, pc}
 3884              		.loc 1 1615 1 view .LVU1317
 3885              		.cfi_endproc
 3886              	.LFE257:
 3888              		.section	.text.USB_DriveVbus,"ax",%progbits
 3889              		.align	1
 3890              		.global	USB_DriveVbus
 3891              		.syntax unified
 3892              		.thumb
 3893              		.thumb_func
 3895              	USB_DriveVbus:
 3896              	.LVL294:
 3897              	.LFB258:
1616:Drivers/STM32F4xx_HAL_Driver/Src/stm32f4xx_ll_usb.c **** 
ARM GAS  /tmp/ccoaixhI.s 			page 117


1617:Drivers/STM32F4xx_HAL_Driver/Src/stm32f4xx_ll_usb.c **** /**
1618:Drivers/STM32F4xx_HAL_Driver/Src/stm32f4xx_ll_usb.c ****   * @brief  USB_DriveVbus : activate or de-activate vbus
1619:Drivers/STM32F4xx_HAL_Driver/Src/stm32f4xx_ll_usb.c ****   * @param  state  VBUS state
1620:Drivers/STM32F4xx_HAL_Driver/Src/stm32f4xx_ll_usb.c ****   *          This parameter can be one of these values:
1621:Drivers/STM32F4xx_HAL_Driver/Src/stm32f4xx_ll_usb.c ****   *           0 : Deactivate VBUS
1622:Drivers/STM32F4xx_HAL_Driver/Src/stm32f4xx_ll_usb.c ****   *           1 : Activate VBUS
1623:Drivers/STM32F4xx_HAL_Driver/Src/stm32f4xx_ll_usb.c ****   * @retval HAL status
1624:Drivers/STM32F4xx_HAL_Driver/Src/stm32f4xx_ll_usb.c ****   */
1625:Drivers/STM32F4xx_HAL_Driver/Src/stm32f4xx_ll_usb.c **** HAL_StatusTypeDef USB_DriveVbus(const USB_OTG_GlobalTypeDef *USBx, uint8_t state)
1626:Drivers/STM32F4xx_HAL_Driver/Src/stm32f4xx_ll_usb.c **** {
 3898              		.loc 1 1626 1 is_stmt 1 view -0
 3899              		.cfi_startproc
 3900              		@ args = 0, pretend = 0, frame = 8
 3901              		@ frame_needed = 0, uses_anonymous_args = 0
 3902              		@ link register save eliminated.
 3903              		.loc 1 1626 1 is_stmt 0 view .LVU1319
 3904 0000 82B0     		sub	sp, sp, #8
 3905              	.LCFI47:
 3906              		.cfi_def_cfa_offset 8
1627:Drivers/STM32F4xx_HAL_Driver/Src/stm32f4xx_ll_usb.c ****   uint32_t USBx_BASE = (uint32_t)USBx;
 3907              		.loc 1 1627 3 is_stmt 1 view .LVU1320
 3908              	.LVL295:
1628:Drivers/STM32F4xx_HAL_Driver/Src/stm32f4xx_ll_usb.c ****   __IO uint32_t hprt0 = 0U;
 3909              		.loc 1 1628 3 view .LVU1321
 3910              		.loc 1 1628 17 is_stmt 0 view .LVU1322
 3911 0002 0023     		movs	r3, #0
 3912 0004 0193     		str	r3, [sp, #4]
1629:Drivers/STM32F4xx_HAL_Driver/Src/stm32f4xx_ll_usb.c **** 
1630:Drivers/STM32F4xx_HAL_Driver/Src/stm32f4xx_ll_usb.c ****   hprt0 = USBx_HPRT0;
 3913              		.loc 1 1630 3 is_stmt 1 view .LVU1323
 3914              		.loc 1 1630 11 is_stmt 0 view .LVU1324
 3915 0006 D0F84034 		ldr	r3, [r0, #1088]
 3916              		.loc 1 1630 9 view .LVU1325
 3917 000a 0193     		str	r3, [sp, #4]
1631:Drivers/STM32F4xx_HAL_Driver/Src/stm32f4xx_ll_usb.c **** 
1632:Drivers/STM32F4xx_HAL_Driver/Src/stm32f4xx_ll_usb.c ****   hprt0 &= ~(USB_OTG_HPRT_PENA | USB_OTG_HPRT_PCDET |
 3918              		.loc 1 1632 3 is_stmt 1 view .LVU1326
 3919              		.loc 1 1632 9 is_stmt 0 view .LVU1327
 3920 000c 019B     		ldr	r3, [sp, #4]
 3921 000e 23F02E03 		bic	r3, r3, #46
 3922 0012 0193     		str	r3, [sp, #4]
1633:Drivers/STM32F4xx_HAL_Driver/Src/stm32f4xx_ll_usb.c ****              USB_OTG_HPRT_PENCHNG | USB_OTG_HPRT_POCCHNG);
1634:Drivers/STM32F4xx_HAL_Driver/Src/stm32f4xx_ll_usb.c **** 
1635:Drivers/STM32F4xx_HAL_Driver/Src/stm32f4xx_ll_usb.c ****   if (((hprt0 & USB_OTG_HPRT_PPWR) == 0U) && (state == 1U))
 3923              		.loc 1 1635 3 is_stmt 1 view .LVU1328
 3924              		.loc 1 1635 15 is_stmt 0 view .LVU1329
 3925 0014 019B     		ldr	r3, [sp, #4]
 3926              		.loc 1 1635 6 view .LVU1330
 3927 0016 13F4805F 		tst	r3, #4096
 3928 001a 01D1     		bne	.L244
 3929              		.loc 1 1635 43 discriminator 1 view .LVU1331
 3930 001c 0129     		cmp	r1, #1
 3931 001e 0CD0     		beq	.L247
 3932              	.L244:
1636:Drivers/STM32F4xx_HAL_Driver/Src/stm32f4xx_ll_usb.c ****   {
1637:Drivers/STM32F4xx_HAL_Driver/Src/stm32f4xx_ll_usb.c ****     USBx_HPRT0 = (USB_OTG_HPRT_PPWR | hprt0);
1638:Drivers/STM32F4xx_HAL_Driver/Src/stm32f4xx_ll_usb.c ****   }
ARM GAS  /tmp/ccoaixhI.s 			page 118


1639:Drivers/STM32F4xx_HAL_Driver/Src/stm32f4xx_ll_usb.c ****   if (((hprt0 & USB_OTG_HPRT_PPWR) == USB_OTG_HPRT_PPWR) && (state == 0U))
 3933              		.loc 1 1639 3 is_stmt 1 view .LVU1332
 3934              		.loc 1 1639 15 is_stmt 0 view .LVU1333
 3935 0020 019B     		ldr	r3, [sp, #4]
 3936              		.loc 1 1639 6 view .LVU1334
 3937 0022 13F4805F 		tst	r3, #4096
 3938 0026 05D0     		beq	.L245
 3939              		.loc 1 1639 58 discriminator 1 view .LVU1335
 3940 0028 21B9     		cbnz	r1, .L245
1640:Drivers/STM32F4xx_HAL_Driver/Src/stm32f4xx_ll_usb.c ****   {
1641:Drivers/STM32F4xx_HAL_Driver/Src/stm32f4xx_ll_usb.c ****     USBx_HPRT0 = ((~USB_OTG_HPRT_PPWR) & hprt0);
 3941              		.loc 1 1641 5 is_stmt 1 view .LVU1336
 3942              		.loc 1 1641 40 is_stmt 0 view .LVU1337
 3943 002a 019B     		ldr	r3, [sp, #4]
 3944 002c 23F48053 		bic	r3, r3, #4096
 3945              		.loc 1 1641 16 view .LVU1338
 3946 0030 C0F84034 		str	r3, [r0, #1088]
 3947              	.L245:
1642:Drivers/STM32F4xx_HAL_Driver/Src/stm32f4xx_ll_usb.c ****   }
1643:Drivers/STM32F4xx_HAL_Driver/Src/stm32f4xx_ll_usb.c ****   return HAL_OK;
 3948              		.loc 1 1643 3 is_stmt 1 view .LVU1339
1644:Drivers/STM32F4xx_HAL_Driver/Src/stm32f4xx_ll_usb.c **** }
 3949              		.loc 1 1644 1 is_stmt 0 view .LVU1340
 3950 0034 0020     		movs	r0, #0
 3951              	.LVL296:
 3952              		.loc 1 1644 1 view .LVU1341
 3953 0036 02B0     		add	sp, sp, #8
 3954              	.LCFI48:
 3955              		.cfi_remember_state
 3956              		.cfi_def_cfa_offset 0
 3957              		@ sp needed
 3958 0038 7047     		bx	lr
 3959              	.LVL297:
 3960              	.L247:
 3961              	.LCFI49:
 3962              		.cfi_restore_state
1637:Drivers/STM32F4xx_HAL_Driver/Src/stm32f4xx_ll_usb.c ****   }
 3963              		.loc 1 1637 5 is_stmt 1 view .LVU1342
1637:Drivers/STM32F4xx_HAL_Driver/Src/stm32f4xx_ll_usb.c ****   }
 3964              		.loc 1 1637 37 is_stmt 0 view .LVU1343
 3965 003a 019B     		ldr	r3, [sp, #4]
 3966 003c 43F48053 		orr	r3, r3, #4096
1637:Drivers/STM32F4xx_HAL_Driver/Src/stm32f4xx_ll_usb.c ****   }
 3967              		.loc 1 1637 16 view .LVU1344
 3968 0040 C0F84034 		str	r3, [r0, #1088]
 3969 0044 ECE7     		b	.L244
 3970              		.cfi_endproc
 3971              	.LFE258:
 3973              		.section	.text.USB_GetHostSpeed,"ax",%progbits
 3974              		.align	1
 3975              		.global	USB_GetHostSpeed
 3976              		.syntax unified
 3977              		.thumb
 3978              		.thumb_func
 3980              	USB_GetHostSpeed:
 3981              	.LVL298:
 3982              	.LFB259:
ARM GAS  /tmp/ccoaixhI.s 			page 119


1645:Drivers/STM32F4xx_HAL_Driver/Src/stm32f4xx_ll_usb.c **** 
1646:Drivers/STM32F4xx_HAL_Driver/Src/stm32f4xx_ll_usb.c **** /**
1647:Drivers/STM32F4xx_HAL_Driver/Src/stm32f4xx_ll_usb.c ****   * @brief  Return Host Port speed
1648:Drivers/STM32F4xx_HAL_Driver/Src/stm32f4xx_ll_usb.c ****   * @param  USBx  Selected device
1649:Drivers/STM32F4xx_HAL_Driver/Src/stm32f4xx_ll_usb.c ****   * @retval speed : Host port device speed
1650:Drivers/STM32F4xx_HAL_Driver/Src/stm32f4xx_ll_usb.c ****   *          This parameter can be one of these values:
1651:Drivers/STM32F4xx_HAL_Driver/Src/stm32f4xx_ll_usb.c ****   *            @arg HCD_DEVICE_SPEED_HIGH: High speed mode
1652:Drivers/STM32F4xx_HAL_Driver/Src/stm32f4xx_ll_usb.c ****   *            @arg HCD_DEVICE_SPEED_FULL: Full speed mode
1653:Drivers/STM32F4xx_HAL_Driver/Src/stm32f4xx_ll_usb.c ****   *            @arg HCD_DEVICE_SPEED_LOW: Low speed mode
1654:Drivers/STM32F4xx_HAL_Driver/Src/stm32f4xx_ll_usb.c ****   */
1655:Drivers/STM32F4xx_HAL_Driver/Src/stm32f4xx_ll_usb.c **** uint32_t USB_GetHostSpeed(USB_OTG_GlobalTypeDef const *USBx)
1656:Drivers/STM32F4xx_HAL_Driver/Src/stm32f4xx_ll_usb.c **** {
 3983              		.loc 1 1656 1 is_stmt 1 view -0
 3984              		.cfi_startproc
 3985              		@ args = 0, pretend = 0, frame = 8
 3986              		@ frame_needed = 0, uses_anonymous_args = 0
 3987              		@ link register save eliminated.
 3988              		.loc 1 1656 1 is_stmt 0 view .LVU1346
 3989 0000 82B0     		sub	sp, sp, #8
 3990              	.LCFI50:
 3991              		.cfi_def_cfa_offset 8
1657:Drivers/STM32F4xx_HAL_Driver/Src/stm32f4xx_ll_usb.c ****   uint32_t USBx_BASE = (uint32_t)USBx;
 3992              		.loc 1 1657 3 is_stmt 1 view .LVU1347
 3993              	.LVL299:
1658:Drivers/STM32F4xx_HAL_Driver/Src/stm32f4xx_ll_usb.c ****   __IO uint32_t hprt0 = 0U;
 3994              		.loc 1 1658 3 view .LVU1348
 3995              		.loc 1 1658 17 is_stmt 0 view .LVU1349
 3996 0002 0023     		movs	r3, #0
 3997 0004 0193     		str	r3, [sp, #4]
1659:Drivers/STM32F4xx_HAL_Driver/Src/stm32f4xx_ll_usb.c **** 
1660:Drivers/STM32F4xx_HAL_Driver/Src/stm32f4xx_ll_usb.c ****   hprt0 = USBx_HPRT0;
 3998              		.loc 1 1660 3 is_stmt 1 view .LVU1350
 3999              		.loc 1 1660 11 is_stmt 0 view .LVU1351
 4000 0006 D0F84034 		ldr	r3, [r0, #1088]
 4001              		.loc 1 1660 9 view .LVU1352
 4002 000a 0193     		str	r3, [sp, #4]
1661:Drivers/STM32F4xx_HAL_Driver/Src/stm32f4xx_ll_usb.c ****   return ((hprt0 & USB_OTG_HPRT_PSPD) >> 17);
 4003              		.loc 1 1661 3 is_stmt 1 view .LVU1353
 4004              		.loc 1 1661 39 is_stmt 0 view .LVU1354
 4005 000c 0198     		ldr	r0, [sp, #4]
 4006              	.LVL300:
1662:Drivers/STM32F4xx_HAL_Driver/Src/stm32f4xx_ll_usb.c **** }
 4007              		.loc 1 1662 1 view .LVU1355
 4008 000e C0F34140 		ubfx	r0, r0, #17, #2
 4009 0012 02B0     		add	sp, sp, #8
 4010              	.LCFI51:
 4011              		.cfi_def_cfa_offset 0
 4012              		@ sp needed
 4013 0014 7047     		bx	lr
 4014              		.cfi_endproc
 4015              	.LFE259:
 4017              		.section	.text.USB_GetCurrentFrame,"ax",%progbits
 4018              		.align	1
 4019              		.global	USB_GetCurrentFrame
 4020              		.syntax unified
 4021              		.thumb
 4022              		.thumb_func
ARM GAS  /tmp/ccoaixhI.s 			page 120


 4024              	USB_GetCurrentFrame:
 4025              	.LVL301:
 4026              	.LFB260:
1663:Drivers/STM32F4xx_HAL_Driver/Src/stm32f4xx_ll_usb.c **** 
1664:Drivers/STM32F4xx_HAL_Driver/Src/stm32f4xx_ll_usb.c **** /**
1665:Drivers/STM32F4xx_HAL_Driver/Src/stm32f4xx_ll_usb.c ****   * @brief  Return Host Current Frame number
1666:Drivers/STM32F4xx_HAL_Driver/Src/stm32f4xx_ll_usb.c ****   * @param  USBx  Selected device
1667:Drivers/STM32F4xx_HAL_Driver/Src/stm32f4xx_ll_usb.c ****   * @retval current frame number
1668:Drivers/STM32F4xx_HAL_Driver/Src/stm32f4xx_ll_usb.c ****   */
1669:Drivers/STM32F4xx_HAL_Driver/Src/stm32f4xx_ll_usb.c **** uint32_t USB_GetCurrentFrame(USB_OTG_GlobalTypeDef const *USBx)
1670:Drivers/STM32F4xx_HAL_Driver/Src/stm32f4xx_ll_usb.c **** {
 4027              		.loc 1 1670 1 is_stmt 1 view -0
 4028              		.cfi_startproc
 4029              		@ args = 0, pretend = 0, frame = 0
 4030              		@ frame_needed = 0, uses_anonymous_args = 0
 4031              		@ link register save eliminated.
1671:Drivers/STM32F4xx_HAL_Driver/Src/stm32f4xx_ll_usb.c ****   uint32_t USBx_BASE = (uint32_t)USBx;
 4032              		.loc 1 1671 3 view .LVU1357
1672:Drivers/STM32F4xx_HAL_Driver/Src/stm32f4xx_ll_usb.c **** 
1673:Drivers/STM32F4xx_HAL_Driver/Src/stm32f4xx_ll_usb.c ****   return (USBx_HOST->HFNUM & USB_OTG_HFNUM_FRNUM);
 4033              		.loc 1 1673 3 view .LVU1358
 4034              		.loc 1 1673 11 is_stmt 0 view .LVU1359
 4035 0000 00F58060 		add	r0, r0, #1024
 4036              	.LVL302:
 4037              		.loc 1 1673 20 view .LVU1360
 4038 0004 8068     		ldr	r0, [r0, #8]
 4039              	.LVL303:
1674:Drivers/STM32F4xx_HAL_Driver/Src/stm32f4xx_ll_usb.c **** }
 4040              		.loc 1 1674 1 view .LVU1361
 4041 0006 80B2     		uxth	r0, r0
 4042 0008 7047     		bx	lr
 4043              		.cfi_endproc
 4044              	.LFE260:
 4046              		.section	.text.USB_HC_Init,"ax",%progbits
 4047              		.align	1
 4048              		.global	USB_HC_Init
 4049              		.syntax unified
 4050              		.thumb
 4051              		.thumb_func
 4053              	USB_HC_Init:
 4054              	.LVL304:
 4055              	.LFB261:
1675:Drivers/STM32F4xx_HAL_Driver/Src/stm32f4xx_ll_usb.c **** 
1676:Drivers/STM32F4xx_HAL_Driver/Src/stm32f4xx_ll_usb.c **** /**
1677:Drivers/STM32F4xx_HAL_Driver/Src/stm32f4xx_ll_usb.c ****   * @brief  Initialize a host channel
1678:Drivers/STM32F4xx_HAL_Driver/Src/stm32f4xx_ll_usb.c ****   * @param  USBx  Selected device
1679:Drivers/STM32F4xx_HAL_Driver/Src/stm32f4xx_ll_usb.c ****   * @param  ch_num  Channel number
1680:Drivers/STM32F4xx_HAL_Driver/Src/stm32f4xx_ll_usb.c ****   *         This parameter can be a value from 1 to 15
1681:Drivers/STM32F4xx_HAL_Driver/Src/stm32f4xx_ll_usb.c ****   * @param  epnum  Endpoint number
1682:Drivers/STM32F4xx_HAL_Driver/Src/stm32f4xx_ll_usb.c ****   *          This parameter can be a value from 1 to 15
1683:Drivers/STM32F4xx_HAL_Driver/Src/stm32f4xx_ll_usb.c ****   * @param  dev_address  Current device address
1684:Drivers/STM32F4xx_HAL_Driver/Src/stm32f4xx_ll_usb.c ****   *          This parameter can be a value from 0 to 255
1685:Drivers/STM32F4xx_HAL_Driver/Src/stm32f4xx_ll_usb.c ****   * @param  speed  Current device speed
1686:Drivers/STM32F4xx_HAL_Driver/Src/stm32f4xx_ll_usb.c ****   *          This parameter can be one of these values:
1687:Drivers/STM32F4xx_HAL_Driver/Src/stm32f4xx_ll_usb.c ****   *            @arg USB_OTG_SPEED_HIGH: High speed mode
1688:Drivers/STM32F4xx_HAL_Driver/Src/stm32f4xx_ll_usb.c ****   *            @arg USB_OTG_SPEED_FULL: Full speed mode
1689:Drivers/STM32F4xx_HAL_Driver/Src/stm32f4xx_ll_usb.c ****   *            @arg USB_OTG_SPEED_LOW: Low speed mode
ARM GAS  /tmp/ccoaixhI.s 			page 121


1690:Drivers/STM32F4xx_HAL_Driver/Src/stm32f4xx_ll_usb.c ****   * @param  ep_type  Endpoint Type
1691:Drivers/STM32F4xx_HAL_Driver/Src/stm32f4xx_ll_usb.c ****   *          This parameter can be one of these values:
1692:Drivers/STM32F4xx_HAL_Driver/Src/stm32f4xx_ll_usb.c ****   *            @arg EP_TYPE_CTRL: Control type
1693:Drivers/STM32F4xx_HAL_Driver/Src/stm32f4xx_ll_usb.c ****   *            @arg EP_TYPE_ISOC: Isochronous type
1694:Drivers/STM32F4xx_HAL_Driver/Src/stm32f4xx_ll_usb.c ****   *            @arg EP_TYPE_BULK: Bulk type
1695:Drivers/STM32F4xx_HAL_Driver/Src/stm32f4xx_ll_usb.c ****   *            @arg EP_TYPE_INTR: Interrupt type
1696:Drivers/STM32F4xx_HAL_Driver/Src/stm32f4xx_ll_usb.c ****   * @param  mps  Max Packet Size
1697:Drivers/STM32F4xx_HAL_Driver/Src/stm32f4xx_ll_usb.c ****   *          This parameter can be a value from 0 to 32K
1698:Drivers/STM32F4xx_HAL_Driver/Src/stm32f4xx_ll_usb.c ****   * @retval HAL state
1699:Drivers/STM32F4xx_HAL_Driver/Src/stm32f4xx_ll_usb.c ****   */
1700:Drivers/STM32F4xx_HAL_Driver/Src/stm32f4xx_ll_usb.c **** HAL_StatusTypeDef USB_HC_Init(USB_OTG_GlobalTypeDef *USBx, uint8_t ch_num,
1701:Drivers/STM32F4xx_HAL_Driver/Src/stm32f4xx_ll_usb.c ****                               uint8_t epnum, uint8_t dev_address, uint8_t speed,
1702:Drivers/STM32F4xx_HAL_Driver/Src/stm32f4xx_ll_usb.c ****                               uint8_t ep_type, uint16_t mps)
1703:Drivers/STM32F4xx_HAL_Driver/Src/stm32f4xx_ll_usb.c **** {
 4056              		.loc 1 1703 1 is_stmt 1 view -0
 4057              		.cfi_startproc
 4058              		@ args = 12, pretend = 0, frame = 0
 4059              		@ frame_needed = 0, uses_anonymous_args = 0
 4060              		.loc 1 1703 1 is_stmt 0 view .LVU1363
 4061 0000 2DE9F843 		push	{r3, r4, r5, r6, r7, r8, r9, lr}
 4062              	.LCFI52:
 4063              		.cfi_def_cfa_offset 32
 4064              		.cfi_offset 3, -32
 4065              		.cfi_offset 4, -28
 4066              		.cfi_offset 5, -24
 4067              		.cfi_offset 6, -20
 4068              		.cfi_offset 7, -16
 4069              		.cfi_offset 8, -12
 4070              		.cfi_offset 9, -8
 4071              		.cfi_offset 14, -4
 4072 0004 9146     		mov	r9, r2
 4073 0006 1C46     		mov	r4, r3
 4074 0008 9DF82450 		ldrb	r5, [sp, #36]	@ zero_extendqisi2
1704:Drivers/STM32F4xx_HAL_Driver/Src/stm32f4xx_ll_usb.c ****   HAL_StatusTypeDef ret = HAL_OK;
 4075              		.loc 1 1704 3 is_stmt 1 view .LVU1364
 4076              	.LVL305:
1705:Drivers/STM32F4xx_HAL_Driver/Src/stm32f4xx_ll_usb.c ****   uint32_t USBx_BASE = (uint32_t)USBx;
 4077              		.loc 1 1705 3 view .LVU1365
1706:Drivers/STM32F4xx_HAL_Driver/Src/stm32f4xx_ll_usb.c ****   uint32_t HCcharEpDir;
 4078              		.loc 1 1706 3 view .LVU1366
1707:Drivers/STM32F4xx_HAL_Driver/Src/stm32f4xx_ll_usb.c ****   uint32_t HCcharLowSpeed;
 4079              		.loc 1 1707 3 view .LVU1367
1708:Drivers/STM32F4xx_HAL_Driver/Src/stm32f4xx_ll_usb.c ****   uint32_t HostCoreSpeed;
 4080              		.loc 1 1708 3 view .LVU1368
1709:Drivers/STM32F4xx_HAL_Driver/Src/stm32f4xx_ll_usb.c **** 
1710:Drivers/STM32F4xx_HAL_Driver/Src/stm32f4xx_ll_usb.c ****   /* Clear old interrupt conditions for this host channel. */
1711:Drivers/STM32F4xx_HAL_Driver/Src/stm32f4xx_ll_usb.c ****   USBx_HC((uint32_t)ch_num)->HCINT = CLEAR_INTERRUPT_MASK;
 4081              		.loc 1 1711 3 view .LVU1369
 4082 000c 00EB4116 		add	r6, r0, r1, lsl #5
 4083 0010 06F5A063 		add	r3, r6, #1280
 4084              	.LVL306:
 4085              		.loc 1 1711 36 is_stmt 0 view .LVU1370
 4086 0014 4FF0FF32 		mov	r2, #-1
 4087              	.LVL307:
 4088              		.loc 1 1711 36 view .LVU1371
 4089 0018 9A60     		str	r2, [r3, #8]
1712:Drivers/STM32F4xx_HAL_Driver/Src/stm32f4xx_ll_usb.c **** 
ARM GAS  /tmp/ccoaixhI.s 			page 122


1713:Drivers/STM32F4xx_HAL_Driver/Src/stm32f4xx_ll_usb.c ****   /* Enable channel interrupts required for this transfer. */
1714:Drivers/STM32F4xx_HAL_Driver/Src/stm32f4xx_ll_usb.c ****   switch (ep_type)
 4090              		.loc 1 1714 3 is_stmt 1 view .LVU1372
 4091 001a 032D     		cmp	r5, #3
 4092 001c 71D8     		bhi	.L261
 4093 001e DFE805F0 		tbb	[pc, r5]
 4094              	.L254:
 4095 0022 02       		.byte	(.L255-.L254)/2
 4096 0023 62       		.byte	(.L256-.L254)/2
 4097 0024 02       		.byte	(.L255-.L254)/2
 4098 0025 54       		.byte	(.L253-.L254)/2
 4099              		.p2align 1
 4100              	.L255:
1715:Drivers/STM32F4xx_HAL_Driver/Src/stm32f4xx_ll_usb.c ****   {
1716:Drivers/STM32F4xx_HAL_Driver/Src/stm32f4xx_ll_usb.c ****     case EP_TYPE_CTRL:
1717:Drivers/STM32F4xx_HAL_Driver/Src/stm32f4xx_ll_usb.c ****     case EP_TYPE_BULK:
1718:Drivers/STM32F4xx_HAL_Driver/Src/stm32f4xx_ll_usb.c ****       USBx_HC((uint32_t)ch_num)->HCINTMSK = USB_OTG_HCINTMSK_XFRCM  |
 4101              		.loc 1 1718 7 view .LVU1373
 4102              		.loc 1 1718 43 is_stmt 0 view .LVU1374
 4103 0026 40F29D42 		movw	r2, #1181
 4104 002a DA60     		str	r2, [r3, #12]
1719:Drivers/STM32F4xx_HAL_Driver/Src/stm32f4xx_ll_usb.c ****                                             USB_OTG_HCINTMSK_STALLM |
1720:Drivers/STM32F4xx_HAL_Driver/Src/stm32f4xx_ll_usb.c ****                                             USB_OTG_HCINTMSK_TXERRM |
1721:Drivers/STM32F4xx_HAL_Driver/Src/stm32f4xx_ll_usb.c ****                                             USB_OTG_HCINTMSK_DTERRM |
1722:Drivers/STM32F4xx_HAL_Driver/Src/stm32f4xx_ll_usb.c ****                                             USB_OTG_HCINTMSK_AHBERR |
1723:Drivers/STM32F4xx_HAL_Driver/Src/stm32f4xx_ll_usb.c ****                                             USB_OTG_HCINTMSK_NAKM;
1724:Drivers/STM32F4xx_HAL_Driver/Src/stm32f4xx_ll_usb.c **** 
1725:Drivers/STM32F4xx_HAL_Driver/Src/stm32f4xx_ll_usb.c ****       if ((epnum & 0x80U) == 0x80U)
 4105              		.loc 1 1725 7 is_stmt 1 view .LVU1375
 4106              		.loc 1 1725 10 is_stmt 0 view .LVU1376
 4107 002c 19F0800F 		tst	r9, #128
 4108 0030 45D1     		bne	.L269
1704:Drivers/STM32F4xx_HAL_Driver/Src/stm32f4xx_ll_usb.c ****   uint32_t USBx_BASE = (uint32_t)USBx;
 4109              		.loc 1 1704 21 view .LVU1377
 4110 0032 0027     		movs	r7, #0
 4111              	.L252:
 4112              	.LVL308:
1726:Drivers/STM32F4xx_HAL_Driver/Src/stm32f4xx_ll_usb.c ****       {
1727:Drivers/STM32F4xx_HAL_Driver/Src/stm32f4xx_ll_usb.c ****         USBx_HC((uint32_t)ch_num)->HCINTMSK |= USB_OTG_HCINTMSK_BBERRM;
1728:Drivers/STM32F4xx_HAL_Driver/Src/stm32f4xx_ll_usb.c ****       }
1729:Drivers/STM32F4xx_HAL_Driver/Src/stm32f4xx_ll_usb.c ****       else
1730:Drivers/STM32F4xx_HAL_Driver/Src/stm32f4xx_ll_usb.c ****       {
1731:Drivers/STM32F4xx_HAL_Driver/Src/stm32f4xx_ll_usb.c **** #if defined (USB_OTG_HS)
1732:Drivers/STM32F4xx_HAL_Driver/Src/stm32f4xx_ll_usb.c ****         if (USBx == USB_OTG_HS)
1733:Drivers/STM32F4xx_HAL_Driver/Src/stm32f4xx_ll_usb.c ****         {
1734:Drivers/STM32F4xx_HAL_Driver/Src/stm32f4xx_ll_usb.c ****           USBx_HC((uint32_t)ch_num)->HCINTMSK |= USB_OTG_HCINTMSK_NYET |
1735:Drivers/STM32F4xx_HAL_Driver/Src/stm32f4xx_ll_usb.c ****                                                  USB_OTG_HCINTMSK_ACKM;
1736:Drivers/STM32F4xx_HAL_Driver/Src/stm32f4xx_ll_usb.c ****         }
1737:Drivers/STM32F4xx_HAL_Driver/Src/stm32f4xx_ll_usb.c **** #endif /* defined (USB_OTG_HS) */
1738:Drivers/STM32F4xx_HAL_Driver/Src/stm32f4xx_ll_usb.c ****       }
1739:Drivers/STM32F4xx_HAL_Driver/Src/stm32f4xx_ll_usb.c ****       break;
1740:Drivers/STM32F4xx_HAL_Driver/Src/stm32f4xx_ll_usb.c **** 
1741:Drivers/STM32F4xx_HAL_Driver/Src/stm32f4xx_ll_usb.c ****     case EP_TYPE_INTR:
1742:Drivers/STM32F4xx_HAL_Driver/Src/stm32f4xx_ll_usb.c ****       USBx_HC((uint32_t)ch_num)->HCINTMSK = USB_OTG_HCINTMSK_XFRCM  |
1743:Drivers/STM32F4xx_HAL_Driver/Src/stm32f4xx_ll_usb.c ****                                             USB_OTG_HCINTMSK_STALLM |
1744:Drivers/STM32F4xx_HAL_Driver/Src/stm32f4xx_ll_usb.c ****                                             USB_OTG_HCINTMSK_TXERRM |
1745:Drivers/STM32F4xx_HAL_Driver/Src/stm32f4xx_ll_usb.c ****                                             USB_OTG_HCINTMSK_DTERRM |
ARM GAS  /tmp/ccoaixhI.s 			page 123


1746:Drivers/STM32F4xx_HAL_Driver/Src/stm32f4xx_ll_usb.c ****                                             USB_OTG_HCINTMSK_NAKM   |
1747:Drivers/STM32F4xx_HAL_Driver/Src/stm32f4xx_ll_usb.c ****                                             USB_OTG_HCINTMSK_AHBERR |
1748:Drivers/STM32F4xx_HAL_Driver/Src/stm32f4xx_ll_usb.c ****                                             USB_OTG_HCINTMSK_FRMORM;
1749:Drivers/STM32F4xx_HAL_Driver/Src/stm32f4xx_ll_usb.c **** 
1750:Drivers/STM32F4xx_HAL_Driver/Src/stm32f4xx_ll_usb.c ****       if ((epnum & 0x80U) == 0x80U)
1751:Drivers/STM32F4xx_HAL_Driver/Src/stm32f4xx_ll_usb.c ****       {
1752:Drivers/STM32F4xx_HAL_Driver/Src/stm32f4xx_ll_usb.c ****         USBx_HC((uint32_t)ch_num)->HCINTMSK |= USB_OTG_HCINTMSK_BBERRM;
1753:Drivers/STM32F4xx_HAL_Driver/Src/stm32f4xx_ll_usb.c ****       }
1754:Drivers/STM32F4xx_HAL_Driver/Src/stm32f4xx_ll_usb.c **** 
1755:Drivers/STM32F4xx_HAL_Driver/Src/stm32f4xx_ll_usb.c ****       break;
1756:Drivers/STM32F4xx_HAL_Driver/Src/stm32f4xx_ll_usb.c **** 
1757:Drivers/STM32F4xx_HAL_Driver/Src/stm32f4xx_ll_usb.c ****     case EP_TYPE_ISOC:
1758:Drivers/STM32F4xx_HAL_Driver/Src/stm32f4xx_ll_usb.c ****       USBx_HC((uint32_t)ch_num)->HCINTMSK = USB_OTG_HCINTMSK_XFRCM  |
1759:Drivers/STM32F4xx_HAL_Driver/Src/stm32f4xx_ll_usb.c ****                                             USB_OTG_HCINTMSK_ACKM   |
1760:Drivers/STM32F4xx_HAL_Driver/Src/stm32f4xx_ll_usb.c ****                                             USB_OTG_HCINTMSK_AHBERR |
1761:Drivers/STM32F4xx_HAL_Driver/Src/stm32f4xx_ll_usb.c ****                                             USB_OTG_HCINTMSK_FRMORM;
1762:Drivers/STM32F4xx_HAL_Driver/Src/stm32f4xx_ll_usb.c **** 
1763:Drivers/STM32F4xx_HAL_Driver/Src/stm32f4xx_ll_usb.c ****       if ((epnum & 0x80U) == 0x80U)
1764:Drivers/STM32F4xx_HAL_Driver/Src/stm32f4xx_ll_usb.c ****       {
1765:Drivers/STM32F4xx_HAL_Driver/Src/stm32f4xx_ll_usb.c ****         USBx_HC((uint32_t)ch_num)->HCINTMSK |= (USB_OTG_HCINTMSK_TXERRM | USB_OTG_HCINTMSK_BBERRM);
1766:Drivers/STM32F4xx_HAL_Driver/Src/stm32f4xx_ll_usb.c ****       }
1767:Drivers/STM32F4xx_HAL_Driver/Src/stm32f4xx_ll_usb.c ****       break;
1768:Drivers/STM32F4xx_HAL_Driver/Src/stm32f4xx_ll_usb.c **** 
1769:Drivers/STM32F4xx_HAL_Driver/Src/stm32f4xx_ll_usb.c ****     default:
1770:Drivers/STM32F4xx_HAL_Driver/Src/stm32f4xx_ll_usb.c ****       ret = HAL_ERROR;
1771:Drivers/STM32F4xx_HAL_Driver/Src/stm32f4xx_ll_usb.c ****       break;
1772:Drivers/STM32F4xx_HAL_Driver/Src/stm32f4xx_ll_usb.c ****   }
1773:Drivers/STM32F4xx_HAL_Driver/Src/stm32f4xx_ll_usb.c **** 
1774:Drivers/STM32F4xx_HAL_Driver/Src/stm32f4xx_ll_usb.c ****   /* Clear Hub Start Split transaction */
1775:Drivers/STM32F4xx_HAL_Driver/Src/stm32f4xx_ll_usb.c ****   USBx_HC((uint32_t)ch_num)->HCSPLT = 0U;
 4113              		.loc 1 1775 3 is_stmt 1 view .LVU1378
 4114              		.loc 1 1775 37 is_stmt 0 view .LVU1379
 4115 0034 0022     		movs	r2, #0
 4116 0036 5A60     		str	r2, [r3, #4]
1776:Drivers/STM32F4xx_HAL_Driver/Src/stm32f4xx_ll_usb.c **** 
1777:Drivers/STM32F4xx_HAL_Driver/Src/stm32f4xx_ll_usb.c ****   /* Enable host channel Halt interrupt */
1778:Drivers/STM32F4xx_HAL_Driver/Src/stm32f4xx_ll_usb.c ****   USBx_HC((uint32_t)ch_num)->HCINTMSK |= USB_OTG_HCINTMSK_CHHM;
 4117              		.loc 1 1778 3 is_stmt 1 view .LVU1380
 4118              		.loc 1 1778 28 is_stmt 0 view .LVU1381
 4119 0038 DA68     		ldr	r2, [r3, #12]
 4120              		.loc 1 1778 39 view .LVU1382
 4121 003a 42F00202 		orr	r2, r2, #2
 4122 003e DA60     		str	r2, [r3, #12]
1779:Drivers/STM32F4xx_HAL_Driver/Src/stm32f4xx_ll_usb.c **** 
1780:Drivers/STM32F4xx_HAL_Driver/Src/stm32f4xx_ll_usb.c ****   /* Enable the top level host channel interrupt. */
1781:Drivers/STM32F4xx_HAL_Driver/Src/stm32f4xx_ll_usb.c ****   USBx_HOST->HAINTMSK |= 1UL << (ch_num & 0xFU);
 4123              		.loc 1 1781 3 is_stmt 1 view .LVU1383
 4124              		.loc 1 1781 12 is_stmt 0 view .LVU1384
 4125 0040 D0F81834 		ldr	r3, [r0, #1048]
 4126              		.loc 1 1781 41 view .LVU1385
 4127 0044 01F00F01 		and	r1, r1, #15
 4128              	.LVL309:
 4129              		.loc 1 1781 30 view .LVU1386
 4130 0048 0122     		movs	r2, #1
 4131 004a 8A40     		lsls	r2, r2, r1
 4132              		.loc 1 1781 23 view .LVU1387
 4133 004c 1343     		orrs	r3, r3, r2
ARM GAS  /tmp/ccoaixhI.s 			page 124


 4134 004e C0F81834 		str	r3, [r0, #1048]
1782:Drivers/STM32F4xx_HAL_Driver/Src/stm32f4xx_ll_usb.c **** 
1783:Drivers/STM32F4xx_HAL_Driver/Src/stm32f4xx_ll_usb.c ****   /* Make sure host channel interrupts are enabled. */
1784:Drivers/STM32F4xx_HAL_Driver/Src/stm32f4xx_ll_usb.c ****   USBx->GINTMSK |= USB_OTG_GINTMSK_HCIM;
 4135              		.loc 1 1784 3 is_stmt 1 view .LVU1388
 4136              		.loc 1 1784 7 is_stmt 0 view .LVU1389
 4137 0052 8369     		ldr	r3, [r0, #24]
 4138              		.loc 1 1784 17 view .LVU1390
 4139 0054 43F00073 		orr	r3, r3, #33554432
 4140 0058 8361     		str	r3, [r0, #24]
1785:Drivers/STM32F4xx_HAL_Driver/Src/stm32f4xx_ll_usb.c **** 
1786:Drivers/STM32F4xx_HAL_Driver/Src/stm32f4xx_ll_usb.c ****   /* Program the HCCHAR register */
1787:Drivers/STM32F4xx_HAL_Driver/Src/stm32f4xx_ll_usb.c ****   if ((epnum & 0x80U) == 0x80U)
 4141              		.loc 1 1787 3 is_stmt 1 view .LVU1391
 4142              		.loc 1 1787 6 is_stmt 0 view .LVU1392
 4143 005a 19F0800F 		tst	r9, #128
 4144 005e 52D1     		bne	.L270
1788:Drivers/STM32F4xx_HAL_Driver/Src/stm32f4xx_ll_usb.c ****   {
1789:Drivers/STM32F4xx_HAL_Driver/Src/stm32f4xx_ll_usb.c ****     HCcharEpDir = (0x1U << 15) & USB_OTG_HCCHAR_EPDIR;
1790:Drivers/STM32F4xx_HAL_Driver/Src/stm32f4xx_ll_usb.c ****   }
1791:Drivers/STM32F4xx_HAL_Driver/Src/stm32f4xx_ll_usb.c ****   else
1792:Drivers/STM32F4xx_HAL_Driver/Src/stm32f4xx_ll_usb.c ****   {
1793:Drivers/STM32F4xx_HAL_Driver/Src/stm32f4xx_ll_usb.c ****     HCcharEpDir = 0U;
 4145              		.loc 1 1793 17 view .LVU1393
 4146 0060 4FF00008 		mov	r8, #0
 4147              	.L257:
 4148              	.LVL310:
1794:Drivers/STM32F4xx_HAL_Driver/Src/stm32f4xx_ll_usb.c ****   }
1795:Drivers/STM32F4xx_HAL_Driver/Src/stm32f4xx_ll_usb.c **** 
1796:Drivers/STM32F4xx_HAL_Driver/Src/stm32f4xx_ll_usb.c ****   HostCoreSpeed = USB_GetHostSpeed(USBx);
 4149              		.loc 1 1796 3 is_stmt 1 view .LVU1394
 4150              		.loc 1 1796 19 is_stmt 0 view .LVU1395
 4151 0064 FFF7FEFF 		bl	USB_GetHostSpeed
 4152              	.LVL311:
1797:Drivers/STM32F4xx_HAL_Driver/Src/stm32f4xx_ll_usb.c **** 
1798:Drivers/STM32F4xx_HAL_Driver/Src/stm32f4xx_ll_usb.c ****   /* LS device plugged to HUB */
1799:Drivers/STM32F4xx_HAL_Driver/Src/stm32f4xx_ll_usb.c ****   if ((speed == HPRT0_PRTSPD_LOW_SPEED) && (HostCoreSpeed != HPRT0_PRTSPD_LOW_SPEED))
 4153              		.loc 1 1799 3 is_stmt 1 view .LVU1396
 4154              		.loc 1 1799 6 is_stmt 0 view .LVU1397
 4155 0068 9DF82030 		ldrb	r3, [sp, #32]	@ zero_extendqisi2
 4156 006c 022B     		cmp	r3, #2
 4157 006e 4DD0     		beq	.L271
1800:Drivers/STM32F4xx_HAL_Driver/Src/stm32f4xx_ll_usb.c ****   {
1801:Drivers/STM32F4xx_HAL_Driver/Src/stm32f4xx_ll_usb.c ****     HCcharLowSpeed = (0x1U << 17) & USB_OTG_HCCHAR_LSDEV;
1802:Drivers/STM32F4xx_HAL_Driver/Src/stm32f4xx_ll_usb.c ****   }
1803:Drivers/STM32F4xx_HAL_Driver/Src/stm32f4xx_ll_usb.c ****   else
1804:Drivers/STM32F4xx_HAL_Driver/Src/stm32f4xx_ll_usb.c ****   {
1805:Drivers/STM32F4xx_HAL_Driver/Src/stm32f4xx_ll_usb.c ****     HCcharLowSpeed = 0U;
 4158              		.loc 1 1805 20 view .LVU1398
 4159 0070 0022     		movs	r2, #0
 4160              	.L258:
 4161              	.LVL312:
1806:Drivers/STM32F4xx_HAL_Driver/Src/stm32f4xx_ll_usb.c ****   }
1807:Drivers/STM32F4xx_HAL_Driver/Src/stm32f4xx_ll_usb.c **** 
1808:Drivers/STM32F4xx_HAL_Driver/Src/stm32f4xx_ll_usb.c ****   USBx_HC((uint32_t)ch_num)->HCCHAR = (((uint32_t)dev_address << 22) & USB_OTG_HCCHAR_DAD) |
 4162              		.loc 1 1808 3 is_stmt 1 view .LVU1399
 4163              		.loc 1 1808 63 is_stmt 0 view .LVU1400
ARM GAS  /tmp/ccoaixhI.s 			page 125


 4164 0072 A305     		lsls	r3, r4, #22
 4165              		.loc 1 1808 70 view .LVU1401
 4166 0074 03F0FE53 		and	r3, r3, #532676608
1809:Drivers/STM32F4xx_HAL_Driver/Src/stm32f4xx_ll_usb.c ****                                       ((((uint32_t)epnum & 0x7FU) << 11) & USB_OTG_HCCHAR_EPNUM) |
 4167              		.loc 1 1809 67 view .LVU1402
 4168 0078 4FEAC929 		lsl	r9, r9, #11
 4169              		.loc 1 1809 74 view .LVU1403
 4170 007c 09F4F049 		and	r9, r9, #30720
1808:Drivers/STM32F4xx_HAL_Driver/Src/stm32f4xx_ll_usb.c ****                                       ((((uint32_t)epnum & 0x7FU) << 11) & USB_OTG_HCCHAR_EPNUM) |
 4171              		.loc 1 1808 92 view .LVU1404
 4172 0080 43EA0903 		orr	r3, r3, r9
1810:Drivers/STM32F4xx_HAL_Driver/Src/stm32f4xx_ll_usb.c ****                                       (((uint32_t)ep_type << 18) & USB_OTG_HCCHAR_EPTYP) |
 4173              		.loc 1 1810 59 view .LVU1405
 4174 0084 A904     		lsls	r1, r5, #18
 4175              		.loc 1 1810 66 view .LVU1406
 4176 0086 01F44021 		and	r1, r1, #786432
1809:Drivers/STM32F4xx_HAL_Driver/Src/stm32f4xx_ll_usb.c ****                                       ((((uint32_t)epnum & 0x7FU) << 11) & USB_OTG_HCCHAR_EPNUM) |
 4177              		.loc 1 1809 98 view .LVU1407
 4178 008a 0B43     		orrs	r3, r3, r1
1811:Drivers/STM32F4xx_HAL_Driver/Src/stm32f4xx_ll_usb.c ****                                       ((uint32_t)mps & USB_OTG_HCCHAR_MPSIZ) |
 4179              		.loc 1 1811 54 view .LVU1408
 4180 008c BDF82810 		ldrh	r1, [sp, #40]
 4181 0090 C1F30A01 		ubfx	r1, r1, #0, #11
1810:Drivers/STM32F4xx_HAL_Driver/Src/stm32f4xx_ll_usb.c ****                                       (((uint32_t)ep_type << 18) & USB_OTG_HCCHAR_EPTYP) |
 4182              		.loc 1 1810 90 view .LVU1409
 4183 0094 0B43     		orrs	r3, r3, r1
1812:Drivers/STM32F4xx_HAL_Driver/Src/stm32f4xx_ll_usb.c ****                                       USB_OTG_HCCHAR_MC_0 | HCcharEpDir | HCcharLowSpeed;
 4184              		.loc 1 1812 59 view .LVU1410
 4185 0096 43EA0803 		orr	r3, r3, r8
 4186              		.loc 1 1812 73 view .LVU1411
 4187 009a 1343     		orrs	r3, r3, r2
 4188 009c 43F48013 		orr	r3, r3, #1048576
1808:Drivers/STM32F4xx_HAL_Driver/Src/stm32f4xx_ll_usb.c ****                                       ((((uint32_t)epnum & 0x7FU) << 11) & USB_OTG_HCCHAR_EPNUM) |
 4189              		.loc 1 1808 37 view .LVU1412
 4190 00a0 C6F80035 		str	r3, [r6, #1280]
1813:Drivers/STM32F4xx_HAL_Driver/Src/stm32f4xx_ll_usb.c **** 
1814:Drivers/STM32F4xx_HAL_Driver/Src/stm32f4xx_ll_usb.c ****   if ((ep_type == EP_TYPE_INTR) || (ep_type == EP_TYPE_ISOC))
 4191              		.loc 1 1814 3 is_stmt 1 view .LVU1413
 4192              		.loc 1 1814 6 is_stmt 0 view .LVU1414
 4193 00a4 032D     		cmp	r5, #3
 4194 00a6 01D0     		beq	.L259
 4195              		.loc 1 1814 33 discriminator 1 view .LVU1415
 4196 00a8 012D     		cmp	r5, #1
 4197 00aa 05D1     		bne	.L260
 4198              	.L259:
1815:Drivers/STM32F4xx_HAL_Driver/Src/stm32f4xx_ll_usb.c ****   {
1816:Drivers/STM32F4xx_HAL_Driver/Src/stm32f4xx_ll_usb.c ****     USBx_HC((uint32_t)ch_num)->HCCHAR |= USB_OTG_HCCHAR_ODDFRM;
 4199              		.loc 1 1816 5 is_stmt 1 view .LVU1416
 4200              		.loc 1 1816 30 is_stmt 0 view .LVU1417
 4201 00ac D6F80035 		ldr	r3, [r6, #1280]
 4202              		.loc 1 1816 39 view .LVU1418
 4203 00b0 43F00053 		orr	r3, r3, #536870912
 4204 00b4 C6F80035 		str	r3, [r6, #1280]
 4205              	.L260:
1817:Drivers/STM32F4xx_HAL_Driver/Src/stm32f4xx_ll_usb.c ****   }
1818:Drivers/STM32F4xx_HAL_Driver/Src/stm32f4xx_ll_usb.c **** 
1819:Drivers/STM32F4xx_HAL_Driver/Src/stm32f4xx_ll_usb.c ****   return ret;
ARM GAS  /tmp/ccoaixhI.s 			page 126


 4206              		.loc 1 1819 3 is_stmt 1 view .LVU1419
1820:Drivers/STM32F4xx_HAL_Driver/Src/stm32f4xx_ll_usb.c **** }
 4207              		.loc 1 1820 1 is_stmt 0 view .LVU1420
 4208 00b8 3846     		mov	r0, r7
 4209              	.LVL313:
 4210              		.loc 1 1820 1 view .LVU1421
 4211 00ba BDE8F883 		pop	{r3, r4, r5, r6, r7, r8, r9, pc}
 4212              	.LVL314:
 4213              	.L269:
1727:Drivers/STM32F4xx_HAL_Driver/Src/stm32f4xx_ll_usb.c ****       }
 4214              		.loc 1 1727 9 is_stmt 1 view .LVU1422
1727:Drivers/STM32F4xx_HAL_Driver/Src/stm32f4xx_ll_usb.c ****       }
 4215              		.loc 1 1727 34 is_stmt 0 view .LVU1423
 4216 00be DA68     		ldr	r2, [r3, #12]
1727:Drivers/STM32F4xx_HAL_Driver/Src/stm32f4xx_ll_usb.c ****       }
 4217              		.loc 1 1727 45 view .LVU1424
 4218 00c0 42F48072 		orr	r2, r2, #256
 4219 00c4 DA60     		str	r2, [r3, #12]
1704:Drivers/STM32F4xx_HAL_Driver/Src/stm32f4xx_ll_usb.c ****   uint32_t USBx_BASE = (uint32_t)USBx;
 4220              		.loc 1 1704 21 view .LVU1425
 4221 00c6 0027     		movs	r7, #0
 4222 00c8 B4E7     		b	.L252
 4223              	.L253:
1742:Drivers/STM32F4xx_HAL_Driver/Src/stm32f4xx_ll_usb.c ****                                             USB_OTG_HCINTMSK_STALLM |
 4224              		.loc 1 1742 7 is_stmt 1 view .LVU1426
1742:Drivers/STM32F4xx_HAL_Driver/Src/stm32f4xx_ll_usb.c ****                                             USB_OTG_HCINTMSK_STALLM |
 4225              		.loc 1 1742 43 is_stmt 0 view .LVU1427
 4226 00ca 40F29D62 		movw	r2, #1693
 4227 00ce DA60     		str	r2, [r3, #12]
1750:Drivers/STM32F4xx_HAL_Driver/Src/stm32f4xx_ll_usb.c ****       {
 4228              		.loc 1 1750 7 is_stmt 1 view .LVU1428
1750:Drivers/STM32F4xx_HAL_Driver/Src/stm32f4xx_ll_usb.c ****       {
 4229              		.loc 1 1750 10 is_stmt 0 view .LVU1429
 4230 00d0 19F0800F 		tst	r9, #128
 4231 00d4 01D1     		bne	.L272
1704:Drivers/STM32F4xx_HAL_Driver/Src/stm32f4xx_ll_usb.c ****   uint32_t USBx_BASE = (uint32_t)USBx;
 4232              		.loc 1 1704 21 view .LVU1430
 4233 00d6 0027     		movs	r7, #0
 4234 00d8 ACE7     		b	.L252
 4235              	.L272:
1752:Drivers/STM32F4xx_HAL_Driver/Src/stm32f4xx_ll_usb.c ****       }
 4236              		.loc 1 1752 9 is_stmt 1 view .LVU1431
1752:Drivers/STM32F4xx_HAL_Driver/Src/stm32f4xx_ll_usb.c ****       }
 4237              		.loc 1 1752 34 is_stmt 0 view .LVU1432
 4238 00da DA68     		ldr	r2, [r3, #12]
1752:Drivers/STM32F4xx_HAL_Driver/Src/stm32f4xx_ll_usb.c ****       }
 4239              		.loc 1 1752 45 view .LVU1433
 4240 00dc 42F48072 		orr	r2, r2, #256
 4241 00e0 DA60     		str	r2, [r3, #12]
1704:Drivers/STM32F4xx_HAL_Driver/Src/stm32f4xx_ll_usb.c ****   uint32_t USBx_BASE = (uint32_t)USBx;
 4242              		.loc 1 1704 21 view .LVU1434
 4243 00e2 0027     		movs	r7, #0
 4244 00e4 A6E7     		b	.L252
 4245              	.L256:
1758:Drivers/STM32F4xx_HAL_Driver/Src/stm32f4xx_ll_usb.c ****                                             USB_OTG_HCINTMSK_ACKM   |
 4246              		.loc 1 1758 7 is_stmt 1 view .LVU1435
1758:Drivers/STM32F4xx_HAL_Driver/Src/stm32f4xx_ll_usb.c ****                                             USB_OTG_HCINTMSK_ACKM   |
ARM GAS  /tmp/ccoaixhI.s 			page 127


 4247              		.loc 1 1758 43 is_stmt 0 view .LVU1436
 4248 00e6 40F22522 		movw	r2, #549
 4249 00ea DA60     		str	r2, [r3, #12]
1763:Drivers/STM32F4xx_HAL_Driver/Src/stm32f4xx_ll_usb.c ****       {
 4250              		.loc 1 1763 7 is_stmt 1 view .LVU1437
1763:Drivers/STM32F4xx_HAL_Driver/Src/stm32f4xx_ll_usb.c ****       {
 4251              		.loc 1 1763 10 is_stmt 0 view .LVU1438
 4252 00ec 19F0800F 		tst	r9, #128
 4253 00f0 01D1     		bne	.L273
1704:Drivers/STM32F4xx_HAL_Driver/Src/stm32f4xx_ll_usb.c ****   uint32_t USBx_BASE = (uint32_t)USBx;
 4254              		.loc 1 1704 21 view .LVU1439
 4255 00f2 0027     		movs	r7, #0
 4256 00f4 9EE7     		b	.L252
 4257              	.L273:
1765:Drivers/STM32F4xx_HAL_Driver/Src/stm32f4xx_ll_usb.c ****       }
 4258              		.loc 1 1765 9 is_stmt 1 view .LVU1440
1765:Drivers/STM32F4xx_HAL_Driver/Src/stm32f4xx_ll_usb.c ****       }
 4259              		.loc 1 1765 34 is_stmt 0 view .LVU1441
 4260 00f6 DA68     		ldr	r2, [r3, #12]
1765:Drivers/STM32F4xx_HAL_Driver/Src/stm32f4xx_ll_usb.c ****       }
 4261              		.loc 1 1765 45 view .LVU1442
 4262 00f8 42F4C072 		orr	r2, r2, #384
 4263 00fc DA60     		str	r2, [r3, #12]
1704:Drivers/STM32F4xx_HAL_Driver/Src/stm32f4xx_ll_usb.c ****   uint32_t USBx_BASE = (uint32_t)USBx;
 4264              		.loc 1 1704 21 view .LVU1443
 4265 00fe 0027     		movs	r7, #0
 4266 0100 98E7     		b	.L252
 4267              	.L261:
1714:Drivers/STM32F4xx_HAL_Driver/Src/stm32f4xx_ll_usb.c ****   {
 4268              		.loc 1 1714 3 view .LVU1444
 4269 0102 0127     		movs	r7, #1
 4270 0104 96E7     		b	.L252
 4271              	.LVL315:
 4272              	.L270:
1789:Drivers/STM32F4xx_HAL_Driver/Src/stm32f4xx_ll_usb.c ****   }
 4273              		.loc 1 1789 17 view .LVU1445
 4274 0106 4FF40048 		mov	r8, #32768
 4275 010a ABE7     		b	.L257
 4276              	.LVL316:
 4277              	.L271:
1799:Drivers/STM32F4xx_HAL_Driver/Src/stm32f4xx_ll_usb.c ****   {
 4278              		.loc 1 1799 41 discriminator 1 view .LVU1446
 4279 010c 0228     		cmp	r0, #2
 4280 010e 02D0     		beq	.L274
1801:Drivers/STM32F4xx_HAL_Driver/Src/stm32f4xx_ll_usb.c ****   }
 4281              		.loc 1 1801 20 view .LVU1447
 4282 0110 4FF40032 		mov	r2, #131072
 4283 0114 ADE7     		b	.L258
 4284              	.L274:
1805:Drivers/STM32F4xx_HAL_Driver/Src/stm32f4xx_ll_usb.c ****   }
 4285              		.loc 1 1805 20 view .LVU1448
 4286 0116 0022     		movs	r2, #0
 4287 0118 ABE7     		b	.L258
 4288              		.cfi_endproc
 4289              	.LFE261:
 4291              		.section	.text.USB_HC_StartXfer,"ax",%progbits
 4292              		.align	1
ARM GAS  /tmp/ccoaixhI.s 			page 128


 4293              		.global	USB_HC_StartXfer
 4294              		.syntax unified
 4295              		.thumb
 4296              		.thumb_func
 4298              	USB_HC_StartXfer:
 4299              	.LVL317:
 4300              	.LFB262:
1821:Drivers/STM32F4xx_HAL_Driver/Src/stm32f4xx_ll_usb.c **** 
1822:Drivers/STM32F4xx_HAL_Driver/Src/stm32f4xx_ll_usb.c **** /**
1823:Drivers/STM32F4xx_HAL_Driver/Src/stm32f4xx_ll_usb.c ****   * @brief  Start a transfer over a host channel
1824:Drivers/STM32F4xx_HAL_Driver/Src/stm32f4xx_ll_usb.c ****   * @param  USBx  Selected device
1825:Drivers/STM32F4xx_HAL_Driver/Src/stm32f4xx_ll_usb.c ****   * @param  hc  pointer to host channel structure
1826:Drivers/STM32F4xx_HAL_Driver/Src/stm32f4xx_ll_usb.c ****   * @param  dma USB dma enabled or disabled
1827:Drivers/STM32F4xx_HAL_Driver/Src/stm32f4xx_ll_usb.c ****   *          This parameter can be one of these values:
1828:Drivers/STM32F4xx_HAL_Driver/Src/stm32f4xx_ll_usb.c ****   *           0 : DMA feature not used
1829:Drivers/STM32F4xx_HAL_Driver/Src/stm32f4xx_ll_usb.c ****   *           1 : DMA feature used
1830:Drivers/STM32F4xx_HAL_Driver/Src/stm32f4xx_ll_usb.c ****   * @retval HAL state
1831:Drivers/STM32F4xx_HAL_Driver/Src/stm32f4xx_ll_usb.c ****   */
1832:Drivers/STM32F4xx_HAL_Driver/Src/stm32f4xx_ll_usb.c **** HAL_StatusTypeDef USB_HC_StartXfer(USB_OTG_GlobalTypeDef *USBx, USB_OTG_HCTypeDef *hc, uint8_t dma)
1833:Drivers/STM32F4xx_HAL_Driver/Src/stm32f4xx_ll_usb.c **** {
 4301              		.loc 1 1833 1 is_stmt 1 view -0
 4302              		.cfi_startproc
 4303              		@ args = 0, pretend = 0, frame = 8
 4304              		@ frame_needed = 0, uses_anonymous_args = 0
 4305              		.loc 1 1833 1 is_stmt 0 view .LVU1450
 4306 0000 30B5     		push	{r4, r5, lr}
 4307              	.LCFI53:
 4308              		.cfi_def_cfa_offset 12
 4309              		.cfi_offset 4, -12
 4310              		.cfi_offset 5, -8
 4311              		.cfi_offset 14, -4
 4312 0002 85B0     		sub	sp, sp, #20
 4313              	.LCFI54:
 4314              		.cfi_def_cfa_offset 32
1834:Drivers/STM32F4xx_HAL_Driver/Src/stm32f4xx_ll_usb.c ****   uint32_t USBx_BASE = (uint32_t)USBx;
 4315              		.loc 1 1834 3 is_stmt 1 view .LVU1451
 4316              	.LVL318:
1835:Drivers/STM32F4xx_HAL_Driver/Src/stm32f4xx_ll_usb.c ****   uint32_t ch_num = (uint32_t)hc->ch_num;
 4317              		.loc 1 1835 3 view .LVU1452
 4318              		.loc 1 1835 33 is_stmt 0 view .LVU1453
 4319 0004 4B78     		ldrb	r3, [r1, #1]	@ zero_extendqisi2
 4320              	.LVL319:
1836:Drivers/STM32F4xx_HAL_Driver/Src/stm32f4xx_ll_usb.c ****   __IO uint32_t tmpreg;
 4321              		.loc 1 1836 3 is_stmt 1 view .LVU1454
1837:Drivers/STM32F4xx_HAL_Driver/Src/stm32f4xx_ll_usb.c ****   uint8_t  is_oddframe;
 4322              		.loc 1 1837 3 view .LVU1455
1838:Drivers/STM32F4xx_HAL_Driver/Src/stm32f4xx_ll_usb.c ****   uint16_t len_words;
 4323              		.loc 1 1838 3 view .LVU1456
1839:Drivers/STM32F4xx_HAL_Driver/Src/stm32f4xx_ll_usb.c ****   uint16_t num_packets;
 4324              		.loc 1 1839 3 view .LVU1457
1840:Drivers/STM32F4xx_HAL_Driver/Src/stm32f4xx_ll_usb.c ****   uint16_t max_hc_pkt_count = HC_MAX_PKT_CNT;
 4325              		.loc 1 1840 3 view .LVU1458
1841:Drivers/STM32F4xx_HAL_Driver/Src/stm32f4xx_ll_usb.c **** 
1842:Drivers/STM32F4xx_HAL_Driver/Src/stm32f4xx_ll_usb.c **** #if defined (USB_OTG_HS)
1843:Drivers/STM32F4xx_HAL_Driver/Src/stm32f4xx_ll_usb.c ****   if (USBx == USB_OTG_HS)
1844:Drivers/STM32F4xx_HAL_Driver/Src/stm32f4xx_ll_usb.c ****   {
1845:Drivers/STM32F4xx_HAL_Driver/Src/stm32f4xx_ll_usb.c ****     /* in DMA mode host Core automatically issues ping in case of NYET/NAK */
ARM GAS  /tmp/ccoaixhI.s 			page 129


1846:Drivers/STM32F4xx_HAL_Driver/Src/stm32f4xx_ll_usb.c ****     if (dma == 1U)
1847:Drivers/STM32F4xx_HAL_Driver/Src/stm32f4xx_ll_usb.c ****     {
1848:Drivers/STM32F4xx_HAL_Driver/Src/stm32f4xx_ll_usb.c ****       if (((hc->ep_type == EP_TYPE_CTRL) || (hc->ep_type == EP_TYPE_BULK)) && (hc->do_ssplit == 0U)
1849:Drivers/STM32F4xx_HAL_Driver/Src/stm32f4xx_ll_usb.c ****       {
1850:Drivers/STM32F4xx_HAL_Driver/Src/stm32f4xx_ll_usb.c **** 
1851:Drivers/STM32F4xx_HAL_Driver/Src/stm32f4xx_ll_usb.c ****         USBx_HC((uint32_t)ch_num)->HCINTMSK &= ~(USB_OTG_HCINTMSK_NYET |
1852:Drivers/STM32F4xx_HAL_Driver/Src/stm32f4xx_ll_usb.c ****                                                  USB_OTG_HCINTMSK_ACKM |
1853:Drivers/STM32F4xx_HAL_Driver/Src/stm32f4xx_ll_usb.c ****                                                  USB_OTG_HCINTMSK_NAKM);
1854:Drivers/STM32F4xx_HAL_Driver/Src/stm32f4xx_ll_usb.c ****       }
1855:Drivers/STM32F4xx_HAL_Driver/Src/stm32f4xx_ll_usb.c ****     }
1856:Drivers/STM32F4xx_HAL_Driver/Src/stm32f4xx_ll_usb.c ****     else
1857:Drivers/STM32F4xx_HAL_Driver/Src/stm32f4xx_ll_usb.c ****     {
1858:Drivers/STM32F4xx_HAL_Driver/Src/stm32f4xx_ll_usb.c ****       if ((hc->speed == USBH_HS_SPEED) && (hc->do_ping == 1U))
1859:Drivers/STM32F4xx_HAL_Driver/Src/stm32f4xx_ll_usb.c ****       {
1860:Drivers/STM32F4xx_HAL_Driver/Src/stm32f4xx_ll_usb.c ****         (void)USB_DoPing(USBx, hc->ch_num);
1861:Drivers/STM32F4xx_HAL_Driver/Src/stm32f4xx_ll_usb.c ****         return HAL_OK;
1862:Drivers/STM32F4xx_HAL_Driver/Src/stm32f4xx_ll_usb.c ****       }
1863:Drivers/STM32F4xx_HAL_Driver/Src/stm32f4xx_ll_usb.c ****     }
1864:Drivers/STM32F4xx_HAL_Driver/Src/stm32f4xx_ll_usb.c ****   }
1865:Drivers/STM32F4xx_HAL_Driver/Src/stm32f4xx_ll_usb.c **** #endif /* defined (USB_OTG_HS) */
1866:Drivers/STM32F4xx_HAL_Driver/Src/stm32f4xx_ll_usb.c **** 
1867:Drivers/STM32F4xx_HAL_Driver/Src/stm32f4xx_ll_usb.c ****   if (hc->do_ssplit == 1U)
 4326              		.loc 1 1867 3 view .LVU1459
 4327              		.loc 1 1867 9 is_stmt 0 view .LVU1460
 4328 0006 8C79     		ldrb	r4, [r1, #6]	@ zero_extendqisi2
 4329              		.loc 1 1867 6 view .LVU1461
 4330 0008 012C     		cmp	r4, #1
 4331 000a 13D0     		beq	.L308
1868:Drivers/STM32F4xx_HAL_Driver/Src/stm32f4xx_ll_usb.c ****   {
1869:Drivers/STM32F4xx_HAL_Driver/Src/stm32f4xx_ll_usb.c ****     /* Set number of packet to 1 for Split transaction */
1870:Drivers/STM32F4xx_HAL_Driver/Src/stm32f4xx_ll_usb.c ****     num_packets = 1U;
1871:Drivers/STM32F4xx_HAL_Driver/Src/stm32f4xx_ll_usb.c **** 
1872:Drivers/STM32F4xx_HAL_Driver/Src/stm32f4xx_ll_usb.c ****     if (hc->ep_is_in != 0U)
1873:Drivers/STM32F4xx_HAL_Driver/Src/stm32f4xx_ll_usb.c ****     {
1874:Drivers/STM32F4xx_HAL_Driver/Src/stm32f4xx_ll_usb.c ****       hc->XferSize = (uint32_t)num_packets * hc->max_packet;
1875:Drivers/STM32F4xx_HAL_Driver/Src/stm32f4xx_ll_usb.c ****     }
1876:Drivers/STM32F4xx_HAL_Driver/Src/stm32f4xx_ll_usb.c ****     else
1877:Drivers/STM32F4xx_HAL_Driver/Src/stm32f4xx_ll_usb.c ****     {
1878:Drivers/STM32F4xx_HAL_Driver/Src/stm32f4xx_ll_usb.c ****       if (hc->ep_type == EP_TYPE_ISOC)
1879:Drivers/STM32F4xx_HAL_Driver/Src/stm32f4xx_ll_usb.c ****       {
1880:Drivers/STM32F4xx_HAL_Driver/Src/stm32f4xx_ll_usb.c ****         if (hc->xfer_len > ISO_SPLT_MPS)
1881:Drivers/STM32F4xx_HAL_Driver/Src/stm32f4xx_ll_usb.c ****         {
1882:Drivers/STM32F4xx_HAL_Driver/Src/stm32f4xx_ll_usb.c ****           /* Isochrone Max Packet Size for Split mode */
1883:Drivers/STM32F4xx_HAL_Driver/Src/stm32f4xx_ll_usb.c ****           hc->XferSize = hc->max_packet;
1884:Drivers/STM32F4xx_HAL_Driver/Src/stm32f4xx_ll_usb.c ****           hc->xfer_len = hc->XferSize;
1885:Drivers/STM32F4xx_HAL_Driver/Src/stm32f4xx_ll_usb.c **** 
1886:Drivers/STM32F4xx_HAL_Driver/Src/stm32f4xx_ll_usb.c ****           if ((hc->iso_splt_xactPos == HCSPLT_BEGIN) || (hc->iso_splt_xactPos == HCSPLT_MIDDLE))
1887:Drivers/STM32F4xx_HAL_Driver/Src/stm32f4xx_ll_usb.c ****           {
1888:Drivers/STM32F4xx_HAL_Driver/Src/stm32f4xx_ll_usb.c ****             hc->iso_splt_xactPos = HCSPLT_MIDDLE;
1889:Drivers/STM32F4xx_HAL_Driver/Src/stm32f4xx_ll_usb.c ****           }
1890:Drivers/STM32F4xx_HAL_Driver/Src/stm32f4xx_ll_usb.c ****           else
1891:Drivers/STM32F4xx_HAL_Driver/Src/stm32f4xx_ll_usb.c ****           {
1892:Drivers/STM32F4xx_HAL_Driver/Src/stm32f4xx_ll_usb.c ****             hc->iso_splt_xactPos = HCSPLT_BEGIN;
1893:Drivers/STM32F4xx_HAL_Driver/Src/stm32f4xx_ll_usb.c ****           }
1894:Drivers/STM32F4xx_HAL_Driver/Src/stm32f4xx_ll_usb.c ****         }
1895:Drivers/STM32F4xx_HAL_Driver/Src/stm32f4xx_ll_usb.c ****         else
1896:Drivers/STM32F4xx_HAL_Driver/Src/stm32f4xx_ll_usb.c ****         {
ARM GAS  /tmp/ccoaixhI.s 			page 130


1897:Drivers/STM32F4xx_HAL_Driver/Src/stm32f4xx_ll_usb.c ****           hc->XferSize = hc->xfer_len;
1898:Drivers/STM32F4xx_HAL_Driver/Src/stm32f4xx_ll_usb.c **** 
1899:Drivers/STM32F4xx_HAL_Driver/Src/stm32f4xx_ll_usb.c ****           if ((hc->iso_splt_xactPos != HCSPLT_BEGIN) && (hc->iso_splt_xactPos != HCSPLT_MIDDLE))
1900:Drivers/STM32F4xx_HAL_Driver/Src/stm32f4xx_ll_usb.c ****           {
1901:Drivers/STM32F4xx_HAL_Driver/Src/stm32f4xx_ll_usb.c ****             hc->iso_splt_xactPos = HCSPLT_FULL;
1902:Drivers/STM32F4xx_HAL_Driver/Src/stm32f4xx_ll_usb.c ****           }
1903:Drivers/STM32F4xx_HAL_Driver/Src/stm32f4xx_ll_usb.c ****           else
1904:Drivers/STM32F4xx_HAL_Driver/Src/stm32f4xx_ll_usb.c ****           {
1905:Drivers/STM32F4xx_HAL_Driver/Src/stm32f4xx_ll_usb.c ****             hc->iso_splt_xactPos = HCSPLT_END;
1906:Drivers/STM32F4xx_HAL_Driver/Src/stm32f4xx_ll_usb.c ****           }
1907:Drivers/STM32F4xx_HAL_Driver/Src/stm32f4xx_ll_usb.c ****         }
1908:Drivers/STM32F4xx_HAL_Driver/Src/stm32f4xx_ll_usb.c ****       }
1909:Drivers/STM32F4xx_HAL_Driver/Src/stm32f4xx_ll_usb.c ****       else
1910:Drivers/STM32F4xx_HAL_Driver/Src/stm32f4xx_ll_usb.c ****       {
1911:Drivers/STM32F4xx_HAL_Driver/Src/stm32f4xx_ll_usb.c ****         if ((dma == 1U) && (hc->xfer_len > hc->max_packet))
1912:Drivers/STM32F4xx_HAL_Driver/Src/stm32f4xx_ll_usb.c ****         {
1913:Drivers/STM32F4xx_HAL_Driver/Src/stm32f4xx_ll_usb.c ****           hc->XferSize = (uint32_t)num_packets * hc->max_packet;
1914:Drivers/STM32F4xx_HAL_Driver/Src/stm32f4xx_ll_usb.c ****         }
1915:Drivers/STM32F4xx_HAL_Driver/Src/stm32f4xx_ll_usb.c ****         else
1916:Drivers/STM32F4xx_HAL_Driver/Src/stm32f4xx_ll_usb.c ****         {
1917:Drivers/STM32F4xx_HAL_Driver/Src/stm32f4xx_ll_usb.c ****           hc->XferSize = hc->xfer_len;
1918:Drivers/STM32F4xx_HAL_Driver/Src/stm32f4xx_ll_usb.c ****         }
1919:Drivers/STM32F4xx_HAL_Driver/Src/stm32f4xx_ll_usb.c ****       }
1920:Drivers/STM32F4xx_HAL_Driver/Src/stm32f4xx_ll_usb.c ****     }
1921:Drivers/STM32F4xx_HAL_Driver/Src/stm32f4xx_ll_usb.c ****   }
1922:Drivers/STM32F4xx_HAL_Driver/Src/stm32f4xx_ll_usb.c ****   else
1923:Drivers/STM32F4xx_HAL_Driver/Src/stm32f4xx_ll_usb.c ****   {
1924:Drivers/STM32F4xx_HAL_Driver/Src/stm32f4xx_ll_usb.c ****     /* Compute the expected number of packets associated to the transfer */
1925:Drivers/STM32F4xx_HAL_Driver/Src/stm32f4xx_ll_usb.c ****     if (hc->xfer_len > 0U)
 4332              		.loc 1 1925 5 is_stmt 1 view .LVU1462
 4333              		.loc 1 1925 11 is_stmt 0 view .LVU1463
 4334 000c 0C6A     		ldr	r4, [r1, #32]
 4335              		.loc 1 1925 8 view .LVU1464
 4336 000e 002C     		cmp	r4, #0
 4337 0010 4BD0     		beq	.L304
1926:Drivers/STM32F4xx_HAL_Driver/Src/stm32f4xx_ll_usb.c ****     {
1927:Drivers/STM32F4xx_HAL_Driver/Src/stm32f4xx_ll_usb.c ****       num_packets = (uint16_t)((hc->xfer_len + hc->max_packet - 1U) / hc->max_packet);
 4338              		.loc 1 1927 7 is_stmt 1 view .LVU1465
 4339              		.loc 1 1927 50 is_stmt 0 view .LVU1466
 4340 0012 8D8A     		ldrh	r5, [r1, #20]
 4341              		.loc 1 1927 46 view .LVU1467
 4342 0014 04EB050C 		add	ip, r4, r5
 4343              		.loc 1 1927 63 view .LVU1468
 4344 0018 0CF1FF3C 		add	ip, ip, #-1
 4345              		.loc 1 1927 69 view .LVU1469
 4346 001c BCFBF5FC 		udiv	ip, ip, r5
 4347              		.loc 1 1927 19 view .LVU1470
 4348 0020 1FFA8CFC 		uxth	ip, ip
 4349              	.LVL320:
1928:Drivers/STM32F4xx_HAL_Driver/Src/stm32f4xx_ll_usb.c **** 
1929:Drivers/STM32F4xx_HAL_Driver/Src/stm32f4xx_ll_usb.c ****       if (num_packets > max_hc_pkt_count)
 4350              		.loc 1 1929 7 is_stmt 1 view .LVU1471
 4351              		.loc 1 1929 10 is_stmt 0 view .LVU1472
 4352 0024 BCF5807F 		cmp	ip, #256
 4353 0028 41D9     		bls	.L284
1930:Drivers/STM32F4xx_HAL_Driver/Src/stm32f4xx_ll_usb.c ****       {
1931:Drivers/STM32F4xx_HAL_Driver/Src/stm32f4xx_ll_usb.c ****         num_packets = max_hc_pkt_count;
ARM GAS  /tmp/ccoaixhI.s 			page 131


 4354              		.loc 1 1931 9 is_stmt 1 view .LVU1473
 4355              	.LVL321:
1932:Drivers/STM32F4xx_HAL_Driver/Src/stm32f4xx_ll_usb.c ****         hc->XferSize = (uint32_t)num_packets * hc->max_packet;
 4356              		.loc 1 1932 9 view .LVU1474
 4357              		.loc 1 1932 46 is_stmt 0 view .LVU1475
 4358 002a 2D02     		lsls	r5, r5, #8
 4359              		.loc 1 1932 22 view .LVU1476
 4360 002c CD61     		str	r5, [r1, #28]
1931:Drivers/STM32F4xx_HAL_Driver/Src/stm32f4xx_ll_usb.c ****         hc->XferSize = (uint32_t)num_packets * hc->max_packet;
 4361              		.loc 1 1931 21 view .LVU1477
 4362 002e 4FF4807C 		mov	ip, #256
 4363 0032 3CE0     		b	.L284
 4364              	.LVL322:
 4365              	.L308:
1870:Drivers/STM32F4xx_HAL_Driver/Src/stm32f4xx_ll_usb.c **** 
 4366              		.loc 1 1870 5 is_stmt 1 view .LVU1478
1872:Drivers/STM32F4xx_HAL_Driver/Src/stm32f4xx_ll_usb.c ****     {
 4367              		.loc 1 1872 5 view .LVU1479
1872:Drivers/STM32F4xx_HAL_Driver/Src/stm32f4xx_ll_usb.c ****     {
 4368              		.loc 1 1872 11 is_stmt 0 view .LVU1480
 4369 0034 CC78     		ldrb	r4, [r1, #3]	@ zero_extendqisi2
1872:Drivers/STM32F4xx_HAL_Driver/Src/stm32f4xx_ll_usb.c ****     {
 4370              		.loc 1 1872 8 view .LVU1481
 4371 0036 24B1     		cbz	r4, .L277
1874:Drivers/STM32F4xx_HAL_Driver/Src/stm32f4xx_ll_usb.c ****     }
 4372              		.loc 1 1874 7 is_stmt 1 view .LVU1482
1874:Drivers/STM32F4xx_HAL_Driver/Src/stm32f4xx_ll_usb.c ****     }
 4373              		.loc 1 1874 48 is_stmt 0 view .LVU1483
 4374 0038 8C8A     		ldrh	r4, [r1, #20]
1874:Drivers/STM32F4xx_HAL_Driver/Src/stm32f4xx_ll_usb.c ****     }
 4375              		.loc 1 1874 20 view .LVU1484
 4376 003a CC61     		str	r4, [r1, #28]
1870:Drivers/STM32F4xx_HAL_Driver/Src/stm32f4xx_ll_usb.c **** 
 4377              		.loc 1 1870 17 view .LVU1485
 4378 003c 4FF0010C 		mov	ip, #1
 4379 0040 3CE0     		b	.L278
 4380              	.L277:
1878:Drivers/STM32F4xx_HAL_Driver/Src/stm32f4xx_ll_usb.c ****       {
 4381              		.loc 1 1878 7 is_stmt 1 view .LVU1486
1878:Drivers/STM32F4xx_HAL_Driver/Src/stm32f4xx_ll_usb.c ****       {
 4382              		.loc 1 1878 13 is_stmt 0 view .LVU1487
 4383 0042 8C7C     		ldrb	r4, [r1, #18]	@ zero_extendqisi2
1878:Drivers/STM32F4xx_HAL_Driver/Src/stm32f4xx_ll_usb.c ****       {
 4384              		.loc 1 1878 10 view .LVU1488
 4385 0044 012C     		cmp	r4, #1
 4386 0046 06D0     		beq	.L309
1911:Drivers/STM32F4xx_HAL_Driver/Src/stm32f4xx_ll_usb.c ****         {
 4387              		.loc 1 1911 9 is_stmt 1 view .LVU1489
1911:Drivers/STM32F4xx_HAL_Driver/Src/stm32f4xx_ll_usb.c ****         {
 4388              		.loc 1 1911 12 is_stmt 0 view .LVU1490
 4389 0048 012A     		cmp	r2, #1
 4390 004a 26D0     		beq	.L310
 4391              	.L283:
1917:Drivers/STM32F4xx_HAL_Driver/Src/stm32f4xx_ll_usb.c ****         }
 4392              		.loc 1 1917 11 is_stmt 1 view .LVU1491
1917:Drivers/STM32F4xx_HAL_Driver/Src/stm32f4xx_ll_usb.c ****         }
 4393              		.loc 1 1917 28 is_stmt 0 view .LVU1492
ARM GAS  /tmp/ccoaixhI.s 			page 132


 4394 004c 0C6A     		ldr	r4, [r1, #32]
1917:Drivers/STM32F4xx_HAL_Driver/Src/stm32f4xx_ll_usb.c ****         }
 4395              		.loc 1 1917 24 view .LVU1493
 4396 004e CC61     		str	r4, [r1, #28]
1870:Drivers/STM32F4xx_HAL_Driver/Src/stm32f4xx_ll_usb.c **** 
 4397              		.loc 1 1870 17 view .LVU1494
 4398 0050 4FF0010C 		mov	ip, #1
 4399 0054 32E0     		b	.L278
 4400              	.L309:
1880:Drivers/STM32F4xx_HAL_Driver/Src/stm32f4xx_ll_usb.c ****         {
 4401              		.loc 1 1880 9 is_stmt 1 view .LVU1495
1880:Drivers/STM32F4xx_HAL_Driver/Src/stm32f4xx_ll_usb.c ****         {
 4402              		.loc 1 1880 15 is_stmt 0 view .LVU1496
 4403 0056 0C6A     		ldr	r4, [r1, #32]
1880:Drivers/STM32F4xx_HAL_Driver/Src/stm32f4xx_ll_usb.c ****         {
 4404              		.loc 1 1880 12 view .LVU1497
 4405 0058 BC2C     		cmp	r4, #188
 4406 005a 0FD9     		bls	.L280
1883:Drivers/STM32F4xx_HAL_Driver/Src/stm32f4xx_ll_usb.c ****           hc->xfer_len = hc->XferSize;
 4407              		.loc 1 1883 11 is_stmt 1 view .LVU1498
1883:Drivers/STM32F4xx_HAL_Driver/Src/stm32f4xx_ll_usb.c ****           hc->xfer_len = hc->XferSize;
 4408              		.loc 1 1883 28 is_stmt 0 view .LVU1499
 4409 005c 8C8A     		ldrh	r4, [r1, #20]
1883:Drivers/STM32F4xx_HAL_Driver/Src/stm32f4xx_ll_usb.c ****           hc->xfer_len = hc->XferSize;
 4410              		.loc 1 1883 24 view .LVU1500
 4411 005e CC61     		str	r4, [r1, #28]
1884:Drivers/STM32F4xx_HAL_Driver/Src/stm32f4xx_ll_usb.c **** 
 4412              		.loc 1 1884 11 is_stmt 1 view .LVU1501
1884:Drivers/STM32F4xx_HAL_Driver/Src/stm32f4xx_ll_usb.c **** 
 4413              		.loc 1 1884 24 is_stmt 0 view .LVU1502
 4414 0060 0C62     		str	r4, [r1, #32]
1886:Drivers/STM32F4xx_HAL_Driver/Src/stm32f4xx_ll_usb.c ****           {
 4415              		.loc 1 1886 11 is_stmt 1 view .LVU1503
1886:Drivers/STM32F4xx_HAL_Driver/Src/stm32f4xx_ll_usb.c ****           {
 4416              		.loc 1 1886 18 is_stmt 0 view .LVU1504
 4417 0062 CC68     		ldr	r4, [r1, #12]
1886:Drivers/STM32F4xx_HAL_Driver/Src/stm32f4xx_ll_usb.c ****           {
 4418              		.loc 1 1886 54 view .LVU1505
 4419 0064 013C     		subs	r4, r4, #1
1886:Drivers/STM32F4xx_HAL_Driver/Src/stm32f4xx_ll_usb.c ****           {
 4420              		.loc 1 1886 14 view .LVU1506
 4421 0066 012C     		cmp	r4, #1
 4422 0068 03D9     		bls	.L311
1892:Drivers/STM32F4xx_HAL_Driver/Src/stm32f4xx_ll_usb.c ****           }
 4423              		.loc 1 1892 13 is_stmt 1 view .LVU1507
1892:Drivers/STM32F4xx_HAL_Driver/Src/stm32f4xx_ll_usb.c ****           }
 4424              		.loc 1 1892 34 is_stmt 0 view .LVU1508
 4425 006a 0124     		movs	r4, #1
 4426 006c CC60     		str	r4, [r1, #12]
1870:Drivers/STM32F4xx_HAL_Driver/Src/stm32f4xx_ll_usb.c **** 
 4427              		.loc 1 1870 17 view .LVU1509
 4428 006e A446     		mov	ip, r4
 4429 0070 24E0     		b	.L278
 4430              	.L311:
1888:Drivers/STM32F4xx_HAL_Driver/Src/stm32f4xx_ll_usb.c ****           }
 4431              		.loc 1 1888 13 is_stmt 1 view .LVU1510
1888:Drivers/STM32F4xx_HAL_Driver/Src/stm32f4xx_ll_usb.c ****           }
ARM GAS  /tmp/ccoaixhI.s 			page 133


 4432              		.loc 1 1888 34 is_stmt 0 view .LVU1511
 4433 0072 0224     		movs	r4, #2
 4434 0074 CC60     		str	r4, [r1, #12]
1870:Drivers/STM32F4xx_HAL_Driver/Src/stm32f4xx_ll_usb.c **** 
 4435              		.loc 1 1870 17 view .LVU1512
 4436 0076 4FF0010C 		mov	ip, #1
 4437 007a 1FE0     		b	.L278
 4438              	.L280:
1897:Drivers/STM32F4xx_HAL_Driver/Src/stm32f4xx_ll_usb.c **** 
 4439              		.loc 1 1897 11 is_stmt 1 view .LVU1513
1897:Drivers/STM32F4xx_HAL_Driver/Src/stm32f4xx_ll_usb.c **** 
 4440              		.loc 1 1897 24 is_stmt 0 view .LVU1514
 4441 007c CC61     		str	r4, [r1, #28]
1899:Drivers/STM32F4xx_HAL_Driver/Src/stm32f4xx_ll_usb.c ****           {
 4442              		.loc 1 1899 11 is_stmt 1 view .LVU1515
1899:Drivers/STM32F4xx_HAL_Driver/Src/stm32f4xx_ll_usb.c ****           {
 4443              		.loc 1 1899 18 is_stmt 0 view .LVU1516
 4444 007e CC68     		ldr	r4, [r1, #12]
1899:Drivers/STM32F4xx_HAL_Driver/Src/stm32f4xx_ll_usb.c ****           {
 4445              		.loc 1 1899 54 view .LVU1517
 4446 0080 013C     		subs	r4, r4, #1
1899:Drivers/STM32F4xx_HAL_Driver/Src/stm32f4xx_ll_usb.c ****           {
 4447              		.loc 1 1899 14 view .LVU1518
 4448 0082 012C     		cmp	r4, #1
 4449 0084 04D9     		bls	.L282
1901:Drivers/STM32F4xx_HAL_Driver/Src/stm32f4xx_ll_usb.c ****           }
 4450              		.loc 1 1901 13 is_stmt 1 view .LVU1519
1901:Drivers/STM32F4xx_HAL_Driver/Src/stm32f4xx_ll_usb.c ****           }
 4451              		.loc 1 1901 34 is_stmt 0 view .LVU1520
 4452 0086 0424     		movs	r4, #4
 4453 0088 CC60     		str	r4, [r1, #12]
1870:Drivers/STM32F4xx_HAL_Driver/Src/stm32f4xx_ll_usb.c **** 
 4454              		.loc 1 1870 17 view .LVU1521
 4455 008a 4FF0010C 		mov	ip, #1
 4456 008e 15E0     		b	.L278
 4457              	.L282:
1905:Drivers/STM32F4xx_HAL_Driver/Src/stm32f4xx_ll_usb.c ****           }
 4458              		.loc 1 1905 13 is_stmt 1 view .LVU1522
1905:Drivers/STM32F4xx_HAL_Driver/Src/stm32f4xx_ll_usb.c ****           }
 4459              		.loc 1 1905 34 is_stmt 0 view .LVU1523
 4460 0090 0324     		movs	r4, #3
 4461 0092 CC60     		str	r4, [r1, #12]
1870:Drivers/STM32F4xx_HAL_Driver/Src/stm32f4xx_ll_usb.c **** 
 4462              		.loc 1 1870 17 view .LVU1524
 4463 0094 4FF0010C 		mov	ip, #1
 4464 0098 10E0     		b	.L278
 4465              	.L310:
1911:Drivers/STM32F4xx_HAL_Driver/Src/stm32f4xx_ll_usb.c ****         {
 4466              		.loc 1 1911 31 discriminator 1 view .LVU1525
 4467 009a 0D6A     		ldr	r5, [r1, #32]
1911:Drivers/STM32F4xx_HAL_Driver/Src/stm32f4xx_ll_usb.c ****         {
 4468              		.loc 1 1911 46 discriminator 1 view .LVU1526
 4469 009c 8C8A     		ldrh	r4, [r1, #20]
1911:Drivers/STM32F4xx_HAL_Driver/Src/stm32f4xx_ll_usb.c ****         {
 4470              		.loc 1 1911 25 discriminator 1 view .LVU1527
 4471 009e A542     		cmp	r5, r4
 4472 00a0 D4D9     		bls	.L283
ARM GAS  /tmp/ccoaixhI.s 			page 134


1913:Drivers/STM32F4xx_HAL_Driver/Src/stm32f4xx_ll_usb.c ****         }
 4473              		.loc 1 1913 11 is_stmt 1 view .LVU1528
1913:Drivers/STM32F4xx_HAL_Driver/Src/stm32f4xx_ll_usb.c ****         }
 4474              		.loc 1 1913 24 is_stmt 0 view .LVU1529
 4475 00a2 CC61     		str	r4, [r1, #28]
1870:Drivers/STM32F4xx_HAL_Driver/Src/stm32f4xx_ll_usb.c **** 
 4476              		.loc 1 1870 17 view .LVU1530
 4477 00a4 4FF0010C 		mov	ip, #1
1913:Drivers/STM32F4xx_HAL_Driver/Src/stm32f4xx_ll_usb.c ****         }
 4478              		.loc 1 1913 24 view .LVU1531
 4479 00a8 08E0     		b	.L278
 4480              	.LVL323:
 4481              	.L304:
1933:Drivers/STM32F4xx_HAL_Driver/Src/stm32f4xx_ll_usb.c ****       }
1934:Drivers/STM32F4xx_HAL_Driver/Src/stm32f4xx_ll_usb.c ****     }
1935:Drivers/STM32F4xx_HAL_Driver/Src/stm32f4xx_ll_usb.c ****     else
1936:Drivers/STM32F4xx_HAL_Driver/Src/stm32f4xx_ll_usb.c ****     {
1937:Drivers/STM32F4xx_HAL_Driver/Src/stm32f4xx_ll_usb.c ****       num_packets = 1U;
 4482              		.loc 1 1937 19 view .LVU1532
 4483 00aa 4FF0010C 		mov	ip, #1
 4484              	.L284:
 4485              	.LVL324:
1938:Drivers/STM32F4xx_HAL_Driver/Src/stm32f4xx_ll_usb.c ****     }
1939:Drivers/STM32F4xx_HAL_Driver/Src/stm32f4xx_ll_usb.c **** 
1940:Drivers/STM32F4xx_HAL_Driver/Src/stm32f4xx_ll_usb.c ****     /*
1941:Drivers/STM32F4xx_HAL_Driver/Src/stm32f4xx_ll_usb.c ****     * For IN channel HCTSIZ.XferSize is expected to be an integer multiple of
1942:Drivers/STM32F4xx_HAL_Driver/Src/stm32f4xx_ll_usb.c ****     * max_packet size.
1943:Drivers/STM32F4xx_HAL_Driver/Src/stm32f4xx_ll_usb.c ****     */
1944:Drivers/STM32F4xx_HAL_Driver/Src/stm32f4xx_ll_usb.c ****     if (hc->ep_is_in != 0U)
 4486              		.loc 1 1944 5 is_stmt 1 view .LVU1533
 4487              		.loc 1 1944 11 is_stmt 0 view .LVU1534
 4488 00ae CD78     		ldrb	r5, [r1, #3]	@ zero_extendqisi2
 4489              		.loc 1 1944 8 view .LVU1535
 4490 00b0 002D     		cmp	r5, #0
 4491 00b2 63D0     		beq	.L285
1945:Drivers/STM32F4xx_HAL_Driver/Src/stm32f4xx_ll_usb.c ****     {
1946:Drivers/STM32F4xx_HAL_Driver/Src/stm32f4xx_ll_usb.c ****       hc->XferSize = (uint32_t)num_packets * hc->max_packet;
 4492              		.loc 1 1946 7 is_stmt 1 view .LVU1536
 4493              		.loc 1 1946 48 is_stmt 0 view .LVU1537
 4494 00b4 8C8A     		ldrh	r4, [r1, #20]
 4495              		.loc 1 1946 44 view .LVU1538
 4496 00b6 04FB0CF4 		mul	r4, r4, ip
 4497              		.loc 1 1946 20 view .LVU1539
 4498 00ba CC61     		str	r4, [r1, #28]
 4499              	.LVL325:
 4500              	.L278:
1947:Drivers/STM32F4xx_HAL_Driver/Src/stm32f4xx_ll_usb.c ****     }
1948:Drivers/STM32F4xx_HAL_Driver/Src/stm32f4xx_ll_usb.c ****     else
1949:Drivers/STM32F4xx_HAL_Driver/Src/stm32f4xx_ll_usb.c ****     {
1950:Drivers/STM32F4xx_HAL_Driver/Src/stm32f4xx_ll_usb.c ****       hc->XferSize = hc->xfer_len;
1951:Drivers/STM32F4xx_HAL_Driver/Src/stm32f4xx_ll_usb.c ****     }
1952:Drivers/STM32F4xx_HAL_Driver/Src/stm32f4xx_ll_usb.c ****   }
1953:Drivers/STM32F4xx_HAL_Driver/Src/stm32f4xx_ll_usb.c **** 
1954:Drivers/STM32F4xx_HAL_Driver/Src/stm32f4xx_ll_usb.c ****   /* Initialize the HCTSIZn register */
1955:Drivers/STM32F4xx_HAL_Driver/Src/stm32f4xx_ll_usb.c ****   USBx_HC(ch_num)->HCTSIZ = (hc->XferSize & USB_OTG_HCTSIZ_XFRSIZ) |
 4501              		.loc 1 1955 3 is_stmt 1 view .LVU1540
 4502              		.loc 1 1955 32 is_stmt 0 view .LVU1541
ARM GAS  /tmp/ccoaixhI.s 			page 135


 4503 00bc CC69     		ldr	r4, [r1, #28]
 4504              		.loc 1 1955 43 view .LVU1542
 4505 00be C4F31204 		ubfx	r4, r4, #0, #19
1956:Drivers/STM32F4xx_HAL_Driver/Src/stm32f4xx_ll_usb.c ****                             (((uint32_t)num_packets << 19) & USB_OTG_HCTSIZ_PKTCNT) |
 4506              		.loc 1 1956 60 view .LVU1543
 4507 00c2 714D     		ldr	r5, .L314
 4508 00c4 05EACC4C 		and	ip, r5, ip, lsl #19
 4509              	.LVL326:
1955:Drivers/STM32F4xx_HAL_Driver/Src/stm32f4xx_ll_usb.c ****                             (((uint32_t)num_packets << 19) & USB_OTG_HCTSIZ_PKTCNT) |
 4510              		.loc 1 1955 68 view .LVU1544
 4511 00c8 44EA0C04 		orr	r4, r4, ip
1957:Drivers/STM32F4xx_HAL_Driver/Src/stm32f4xx_ll_usb.c ****                             (((uint32_t)hc->data_pid << 29) & USB_OTG_HCTSIZ_DPID);
 4512              		.loc 1 1957 43 view .LVU1545
 4513 00cc 91F816C0 		ldrb	ip, [r1, #22]	@ zero_extendqisi2
 4514              		.loc 1 1957 54 view .LVU1546
 4515 00d0 4FEA4C7C 		lsl	ip, ip, #29
 4516              		.loc 1 1957 61 view .LVU1547
 4517 00d4 0CF0C04C 		and	ip, ip, #1610612736
1955:Drivers/STM32F4xx_HAL_Driver/Src/stm32f4xx_ll_usb.c ****                             (((uint32_t)num_packets << 19) & USB_OTG_HCTSIZ_PKTCNT) |
 4518              		.loc 1 1955 3 view .LVU1548
 4519 00d8 00EB4313 		add	r3, r0, r3, lsl #5
 4520              	.LVL327:
1955:Drivers/STM32F4xx_HAL_Driver/Src/stm32f4xx_ll_usb.c ****                             (((uint32_t)num_packets << 19) & USB_OTG_HCTSIZ_PKTCNT) |
 4521              		.loc 1 1955 3 view .LVU1549
 4522 00dc 03F5A06E 		add	lr, r3, #1280
1956:Drivers/STM32F4xx_HAL_Driver/Src/stm32f4xx_ll_usb.c ****                             (((uint32_t)num_packets << 19) & USB_OTG_HCTSIZ_PKTCNT) |
 4523              		.loc 1 1956 85 view .LVU1550
 4524 00e0 44EA0C04 		orr	r4, r4, ip
1955:Drivers/STM32F4xx_HAL_Driver/Src/stm32f4xx_ll_usb.c ****                             (((uint32_t)num_packets << 19) & USB_OTG_HCTSIZ_PKTCNT) |
 4525              		.loc 1 1955 27 view .LVU1551
 4526 00e4 CEF81040 		str	r4, [lr, #16]
 4527              	.LVL328:
1958:Drivers/STM32F4xx_HAL_Driver/Src/stm32f4xx_ll_usb.c **** 
1959:Drivers/STM32F4xx_HAL_Driver/Src/stm32f4xx_ll_usb.c ****   if (dma != 0U)
 4528              		.loc 1 1959 3 is_stmt 1 view .LVU1552
 4529              		.loc 1 1959 6 is_stmt 0 view .LVU1553
 4530 00e8 12B1     		cbz	r2, .L286
1960:Drivers/STM32F4xx_HAL_Driver/Src/stm32f4xx_ll_usb.c ****   {
1961:Drivers/STM32F4xx_HAL_Driver/Src/stm32f4xx_ll_usb.c ****     /* xfer_buff MUST be 32-bits aligned */
1962:Drivers/STM32F4xx_HAL_Driver/Src/stm32f4xx_ll_usb.c ****     USBx_HC(ch_num)->HCDMA = (uint32_t)hc->xfer_buff;
 4531              		.loc 1 1962 5 is_stmt 1 view .LVU1554
 4532              		.loc 1 1962 42 is_stmt 0 view .LVU1555
 4533 00ea 8C69     		ldr	r4, [r1, #24]
 4534              		.loc 1 1962 28 view .LVU1556
 4535 00ec CEF81440 		str	r4, [lr, #20]
 4536              	.L286:
1963:Drivers/STM32F4xx_HAL_Driver/Src/stm32f4xx_ll_usb.c ****   }
1964:Drivers/STM32F4xx_HAL_Driver/Src/stm32f4xx_ll_usb.c **** 
1965:Drivers/STM32F4xx_HAL_Driver/Src/stm32f4xx_ll_usb.c ****   is_oddframe = (((uint32_t)USBx_HOST->HFNUM & 0x01U) != 0U) ? 0U : 1U;
 4537              		.loc 1 1965 3 is_stmt 1 view .LVU1557
 4538              		.loc 1 1965 29 is_stmt 0 view .LVU1558
 4539 00f0 00F58065 		add	r5, r0, #1024
 4540              		.loc 1 1965 38 view .LVU1559
 4541 00f4 AC68     		ldr	r4, [r5, #8]
 4542              		.loc 1 1965 67 view .LVU1560
 4543 00f6 14F0010F 		tst	r4, #1
 4544 00fa 0CBF     		ite	eq
ARM GAS  /tmp/ccoaixhI.s 			page 136


 4545 00fc 4FF0010C 		moveq	ip, #1
 4546 0100 4FF0000C 		movne	ip, #0
 4547              	.LVL329:
1966:Drivers/STM32F4xx_HAL_Driver/Src/stm32f4xx_ll_usb.c ****   USBx_HC(ch_num)->HCCHAR &= ~USB_OTG_HCCHAR_ODDFRM;
 4548              		.loc 1 1966 3 is_stmt 1 view .LVU1561
 4549              		.loc 1 1966 18 is_stmt 0 view .LVU1562
 4550 0104 D3F80045 		ldr	r4, [r3, #1280]
 4551              		.loc 1 1966 27 view .LVU1563
 4552 0108 24F00054 		bic	r4, r4, #536870912
 4553 010c C3F80045 		str	r4, [r3, #1280]
1967:Drivers/STM32F4xx_HAL_Driver/Src/stm32f4xx_ll_usb.c ****   USBx_HC(ch_num)->HCCHAR |= (uint32_t)is_oddframe << 29;
 4554              		.loc 1 1967 3 is_stmt 1 view .LVU1564
 4555              		.loc 1 1967 18 is_stmt 0 view .LVU1565
 4556 0110 D3F80045 		ldr	r4, [r3, #1280]
 4557              		.loc 1 1967 27 view .LVU1566
 4558 0114 44EA4C74 		orr	r4, r4, ip, lsl #29
 4559 0118 C3F80045 		str	r4, [r3, #1280]
1968:Drivers/STM32F4xx_HAL_Driver/Src/stm32f4xx_ll_usb.c **** 
1969:Drivers/STM32F4xx_HAL_Driver/Src/stm32f4xx_ll_usb.c ****   if (hc->do_ssplit == 1U)
 4560              		.loc 1 1969 3 is_stmt 1 view .LVU1567
 4561              		.loc 1 1969 9 is_stmt 0 view .LVU1568
 4562 011c 8C79     		ldrb	r4, [r1, #6]	@ zero_extendqisi2
 4563              		.loc 1 1969 6 view .LVU1569
 4564 011e 012C     		cmp	r4, #1
 4565 0120 2ED0     		beq	.L312
1970:Drivers/STM32F4xx_HAL_Driver/Src/stm32f4xx_ll_usb.c ****   {
1971:Drivers/STM32F4xx_HAL_Driver/Src/stm32f4xx_ll_usb.c ****     /* Set Hub start Split transaction */
1972:Drivers/STM32F4xx_HAL_Driver/Src/stm32f4xx_ll_usb.c ****     USBx_HC((uint32_t)ch_num)->HCSPLT = ((uint32_t)hc->hub_addr << USB_OTG_HCSPLT_HUBADDR_Pos) |
1973:Drivers/STM32F4xx_HAL_Driver/Src/stm32f4xx_ll_usb.c ****                                         (uint32_t)hc->hub_port_nbr | USB_OTG_HCSPLT_SPLITEN;
1974:Drivers/STM32F4xx_HAL_Driver/Src/stm32f4xx_ll_usb.c **** 
1975:Drivers/STM32F4xx_HAL_Driver/Src/stm32f4xx_ll_usb.c ****     /* unmask ack & nyet for IN/OUT transactions */
1976:Drivers/STM32F4xx_HAL_Driver/Src/stm32f4xx_ll_usb.c ****     USBx_HC((uint32_t)ch_num)->HCINTMSK |= (USB_OTG_HCINTMSK_ACKM |
1977:Drivers/STM32F4xx_HAL_Driver/Src/stm32f4xx_ll_usb.c ****                                             USB_OTG_HCINTMSK_NYET);
1978:Drivers/STM32F4xx_HAL_Driver/Src/stm32f4xx_ll_usb.c **** 
1979:Drivers/STM32F4xx_HAL_Driver/Src/stm32f4xx_ll_usb.c ****     if ((hc->do_csplit == 1U) && (hc->ep_is_in == 0U))
1980:Drivers/STM32F4xx_HAL_Driver/Src/stm32f4xx_ll_usb.c ****     {
1981:Drivers/STM32F4xx_HAL_Driver/Src/stm32f4xx_ll_usb.c ****       USBx_HC((uint32_t)ch_num)->HCSPLT |= USB_OTG_HCSPLT_COMPLSPLT;
1982:Drivers/STM32F4xx_HAL_Driver/Src/stm32f4xx_ll_usb.c ****       USBx_HC((uint32_t)ch_num)->HCINTMSK |= USB_OTG_HCINTMSK_NYET;
1983:Drivers/STM32F4xx_HAL_Driver/Src/stm32f4xx_ll_usb.c ****     }
1984:Drivers/STM32F4xx_HAL_Driver/Src/stm32f4xx_ll_usb.c **** 
1985:Drivers/STM32F4xx_HAL_Driver/Src/stm32f4xx_ll_usb.c ****     if (((hc->ep_type == EP_TYPE_ISOC) || (hc->ep_type == EP_TYPE_INTR)) &&
1986:Drivers/STM32F4xx_HAL_Driver/Src/stm32f4xx_ll_usb.c ****         (hc->do_csplit == 1U) && (hc->ep_is_in == 1U))
1987:Drivers/STM32F4xx_HAL_Driver/Src/stm32f4xx_ll_usb.c ****     {
1988:Drivers/STM32F4xx_HAL_Driver/Src/stm32f4xx_ll_usb.c ****       USBx_HC((uint32_t)ch_num)->HCSPLT |= USB_OTG_HCSPLT_COMPLSPLT;
1989:Drivers/STM32F4xx_HAL_Driver/Src/stm32f4xx_ll_usb.c ****     }
1990:Drivers/STM32F4xx_HAL_Driver/Src/stm32f4xx_ll_usb.c **** 
1991:Drivers/STM32F4xx_HAL_Driver/Src/stm32f4xx_ll_usb.c ****     /* Position management for iso out transaction on split mode */
1992:Drivers/STM32F4xx_HAL_Driver/Src/stm32f4xx_ll_usb.c ****     if ((hc->ep_type == EP_TYPE_ISOC) && (hc->ep_is_in == 0U))
1993:Drivers/STM32F4xx_HAL_Driver/Src/stm32f4xx_ll_usb.c ****     {
1994:Drivers/STM32F4xx_HAL_Driver/Src/stm32f4xx_ll_usb.c ****       /* Set data payload position */
1995:Drivers/STM32F4xx_HAL_Driver/Src/stm32f4xx_ll_usb.c ****       switch (hc->iso_splt_xactPos)
1996:Drivers/STM32F4xx_HAL_Driver/Src/stm32f4xx_ll_usb.c ****       {
1997:Drivers/STM32F4xx_HAL_Driver/Src/stm32f4xx_ll_usb.c ****         case HCSPLT_BEGIN:
1998:Drivers/STM32F4xx_HAL_Driver/Src/stm32f4xx_ll_usb.c ****           /* First data payload for OUT Transaction */
1999:Drivers/STM32F4xx_HAL_Driver/Src/stm32f4xx_ll_usb.c ****           USBx_HC((uint32_t)ch_num)->HCSPLT |= USB_OTG_HCSPLT_XACTPOS_1;
2000:Drivers/STM32F4xx_HAL_Driver/Src/stm32f4xx_ll_usb.c ****           break;
2001:Drivers/STM32F4xx_HAL_Driver/Src/stm32f4xx_ll_usb.c **** 
ARM GAS  /tmp/ccoaixhI.s 			page 137


2002:Drivers/STM32F4xx_HAL_Driver/Src/stm32f4xx_ll_usb.c ****         case HCSPLT_MIDDLE:
2003:Drivers/STM32F4xx_HAL_Driver/Src/stm32f4xx_ll_usb.c ****           /* Middle data payload for OUT Transaction */
2004:Drivers/STM32F4xx_HAL_Driver/Src/stm32f4xx_ll_usb.c ****           USBx_HC((uint32_t)ch_num)->HCSPLT |= USB_OTG_HCSPLT_XACTPOS_Pos;
2005:Drivers/STM32F4xx_HAL_Driver/Src/stm32f4xx_ll_usb.c ****           break;
2006:Drivers/STM32F4xx_HAL_Driver/Src/stm32f4xx_ll_usb.c **** 
2007:Drivers/STM32F4xx_HAL_Driver/Src/stm32f4xx_ll_usb.c ****         case HCSPLT_END:
2008:Drivers/STM32F4xx_HAL_Driver/Src/stm32f4xx_ll_usb.c ****           /* End data payload for OUT Transaction */
2009:Drivers/STM32F4xx_HAL_Driver/Src/stm32f4xx_ll_usb.c ****           USBx_HC((uint32_t)ch_num)->HCSPLT |= USB_OTG_HCSPLT_XACTPOS_0;
2010:Drivers/STM32F4xx_HAL_Driver/Src/stm32f4xx_ll_usb.c ****           break;
2011:Drivers/STM32F4xx_HAL_Driver/Src/stm32f4xx_ll_usb.c **** 
2012:Drivers/STM32F4xx_HAL_Driver/Src/stm32f4xx_ll_usb.c ****         case HCSPLT_FULL:
2013:Drivers/STM32F4xx_HAL_Driver/Src/stm32f4xx_ll_usb.c ****           /* Entire data payload for OUT Transaction */
2014:Drivers/STM32F4xx_HAL_Driver/Src/stm32f4xx_ll_usb.c ****           USBx_HC((uint32_t)ch_num)->HCSPLT |= USB_OTG_HCSPLT_XACTPOS;
2015:Drivers/STM32F4xx_HAL_Driver/Src/stm32f4xx_ll_usb.c ****           break;
2016:Drivers/STM32F4xx_HAL_Driver/Src/stm32f4xx_ll_usb.c **** 
2017:Drivers/STM32F4xx_HAL_Driver/Src/stm32f4xx_ll_usb.c ****         default:
2018:Drivers/STM32F4xx_HAL_Driver/Src/stm32f4xx_ll_usb.c ****           break;
2019:Drivers/STM32F4xx_HAL_Driver/Src/stm32f4xx_ll_usb.c ****       }
2020:Drivers/STM32F4xx_HAL_Driver/Src/stm32f4xx_ll_usb.c ****     }
2021:Drivers/STM32F4xx_HAL_Driver/Src/stm32f4xx_ll_usb.c ****   }
2022:Drivers/STM32F4xx_HAL_Driver/Src/stm32f4xx_ll_usb.c ****   else
2023:Drivers/STM32F4xx_HAL_Driver/Src/stm32f4xx_ll_usb.c ****   {
2024:Drivers/STM32F4xx_HAL_Driver/Src/stm32f4xx_ll_usb.c ****     /* Clear Hub Start Split transaction */
2025:Drivers/STM32F4xx_HAL_Driver/Src/stm32f4xx_ll_usb.c ****     USBx_HC((uint32_t)ch_num)->HCSPLT = 0U;
 4566              		.loc 1 2025 5 is_stmt 1 view .LVU1570
 4567              		.loc 1 2025 39 is_stmt 0 view .LVU1571
 4568 0122 0024     		movs	r4, #0
 4569 0124 CEF80440 		str	r4, [lr, #4]
 4570              	.LVL330:
 4571              	.L291:
2026:Drivers/STM32F4xx_HAL_Driver/Src/stm32f4xx_ll_usb.c ****   }
2027:Drivers/STM32F4xx_HAL_Driver/Src/stm32f4xx_ll_usb.c **** 
2028:Drivers/STM32F4xx_HAL_Driver/Src/stm32f4xx_ll_usb.c ****   /* Set host channel enable */
2029:Drivers/STM32F4xx_HAL_Driver/Src/stm32f4xx_ll_usb.c ****   tmpreg = USBx_HC(ch_num)->HCCHAR;
 4572              		.loc 1 2029 3 is_stmt 1 view .LVU1572
 4573              		.loc 1 2029 27 is_stmt 0 view .LVU1573
 4574 0128 D3F80045 		ldr	r4, [r3, #1280]
 4575              		.loc 1 2029 10 view .LVU1574
 4576 012c 0394     		str	r4, [sp, #12]
2030:Drivers/STM32F4xx_HAL_Driver/Src/stm32f4xx_ll_usb.c ****   tmpreg &= ~USB_OTG_HCCHAR_CHDIS;
 4577              		.loc 1 2030 3 is_stmt 1 view .LVU1575
 4578              		.loc 1 2030 10 is_stmt 0 view .LVU1576
 4579 012e 039C     		ldr	r4, [sp, #12]
 4580 0130 24F08044 		bic	r4, r4, #1073741824
 4581 0134 0394     		str	r4, [sp, #12]
2031:Drivers/STM32F4xx_HAL_Driver/Src/stm32f4xx_ll_usb.c **** 
2032:Drivers/STM32F4xx_HAL_Driver/Src/stm32f4xx_ll_usb.c ****   /* make sure to set the correct ep direction */
2033:Drivers/STM32F4xx_HAL_Driver/Src/stm32f4xx_ll_usb.c ****   if (hc->ep_is_in != 0U)
 4582              		.loc 1 2033 3 is_stmt 1 view .LVU1577
 4583              		.loc 1 2033 9 is_stmt 0 view .LVU1578
 4584 0136 CC78     		ldrb	r4, [r1, #3]	@ zero_extendqisi2
 4585              		.loc 1 2033 6 view .LVU1579
 4586 0138 002C     		cmp	r4, #0
 4587 013a 7FD0     		beq	.L297
2034:Drivers/STM32F4xx_HAL_Driver/Src/stm32f4xx_ll_usb.c ****   {
2035:Drivers/STM32F4xx_HAL_Driver/Src/stm32f4xx_ll_usb.c ****     tmpreg |= USB_OTG_HCCHAR_EPDIR;
 4588              		.loc 1 2035 5 is_stmt 1 view .LVU1580
ARM GAS  /tmp/ccoaixhI.s 			page 138


 4589              		.loc 1 2035 12 is_stmt 0 view .LVU1581
 4590 013c 039C     		ldr	r4, [sp, #12]
 4591 013e 44F40044 		orr	r4, r4, #32768
 4592 0142 0394     		str	r4, [sp, #12]
 4593              	.L298:
2036:Drivers/STM32F4xx_HAL_Driver/Src/stm32f4xx_ll_usb.c ****   }
2037:Drivers/STM32F4xx_HAL_Driver/Src/stm32f4xx_ll_usb.c ****   else
2038:Drivers/STM32F4xx_HAL_Driver/Src/stm32f4xx_ll_usb.c ****   {
2039:Drivers/STM32F4xx_HAL_Driver/Src/stm32f4xx_ll_usb.c ****     tmpreg &= ~USB_OTG_HCCHAR_EPDIR;
2040:Drivers/STM32F4xx_HAL_Driver/Src/stm32f4xx_ll_usb.c ****   }
2041:Drivers/STM32F4xx_HAL_Driver/Src/stm32f4xx_ll_usb.c ****   tmpreg |= USB_OTG_HCCHAR_CHENA;
 4594              		.loc 1 2041 3 is_stmt 1 view .LVU1582
 4595              		.loc 1 2041 10 is_stmt 0 view .LVU1583
 4596 0144 039C     		ldr	r4, [sp, #12]
 4597 0146 44F00044 		orr	r4, r4, #-2147483648
 4598 014a 0394     		str	r4, [sp, #12]
2042:Drivers/STM32F4xx_HAL_Driver/Src/stm32f4xx_ll_usb.c ****   USBx_HC(ch_num)->HCCHAR = tmpreg;
 4599              		.loc 1 2042 3 is_stmt 1 view .LVU1584
 4600              		.loc 1 2042 27 is_stmt 0 view .LVU1585
 4601 014c 039C     		ldr	r4, [sp, #12]
 4602 014e C3F80045 		str	r4, [r3, #1280]
2043:Drivers/STM32F4xx_HAL_Driver/Src/stm32f4xx_ll_usb.c **** 
2044:Drivers/STM32F4xx_HAL_Driver/Src/stm32f4xx_ll_usb.c ****   if (dma != 0U) /* dma mode */
 4603              		.loc 1 2044 3 is_stmt 1 view .LVU1586
 4604              		.loc 1 2044 6 is_stmt 0 view .LVU1587
 4605 0152 002A     		cmp	r2, #0
 4606 0154 40F08980 		bne	.L299
2045:Drivers/STM32F4xx_HAL_Driver/Src/stm32f4xx_ll_usb.c ****   {
2046:Drivers/STM32F4xx_HAL_Driver/Src/stm32f4xx_ll_usb.c ****     return HAL_OK;
2047:Drivers/STM32F4xx_HAL_Driver/Src/stm32f4xx_ll_usb.c ****   }
2048:Drivers/STM32F4xx_HAL_Driver/Src/stm32f4xx_ll_usb.c **** 
2049:Drivers/STM32F4xx_HAL_Driver/Src/stm32f4xx_ll_usb.c ****   if ((hc->ep_is_in == 0U) && (hc->xfer_len > 0U) && (hc->do_csplit == 0U))
 4607              		.loc 1 2049 3 is_stmt 1 view .LVU1588
 4608              		.loc 1 2049 10 is_stmt 0 view .LVU1589
 4609 0158 CB78     		ldrb	r3, [r1, #3]	@ zero_extendqisi2
 4610              		.loc 1 2049 6 view .LVU1590
 4611 015a 002B     		cmp	r3, #0
 4612 015c 40F08580 		bne	.L299
 4613              		.loc 1 2049 34 discriminator 1 view .LVU1591
 4614 0160 0B6A     		ldr	r3, [r1, #32]
 4615              		.loc 1 2049 28 discriminator 1 view .LVU1592
 4616 0162 002B     		cmp	r3, #0
 4617 0164 00F08180 		beq	.L299
 4618              		.loc 1 2049 57 discriminator 2 view .LVU1593
 4619 0168 CA79     		ldrb	r2, [r1, #7]	@ zero_extendqisi2
 4620              	.LVL331:
 4621              		.loc 1 2049 51 discriminator 2 view .LVU1594
 4622 016a 002A     		cmp	r2, #0
 4623 016c 7DD1     		bne	.L299
2050:Drivers/STM32F4xx_HAL_Driver/Src/stm32f4xx_ll_usb.c ****   {
2051:Drivers/STM32F4xx_HAL_Driver/Src/stm32f4xx_ll_usb.c ****     switch (hc->ep_type)
 4624              		.loc 1 2051 5 is_stmt 1 view .LVU1595
 4625              		.loc 1 2051 15 is_stmt 0 view .LVU1596
 4626 016e 8A7C     		ldrb	r2, [r1, #18]	@ zero_extendqisi2
 4627              		.loc 1 2051 5 view .LVU1597
 4628 0170 032A     		cmp	r2, #3
 4629 0172 73D8     		bhi	.L300
ARM GAS  /tmp/ccoaixhI.s 			page 139


 4630 0174 DFE802F0 		tbb	[pc, r2]
 4631              	.L302:
 4632 0178 67       		.byte	(.L303-.L302)/2
 4633 0179 7C       		.byte	(.L301-.L302)/2
 4634 017a 67       		.byte	(.L303-.L302)/2
 4635 017b 7C       		.byte	(.L301-.L302)/2
 4636              	.LVL332:
 4637              		.p2align 1
 4638              	.L285:
1950:Drivers/STM32F4xx_HAL_Driver/Src/stm32f4xx_ll_usb.c ****     }
 4639              		.loc 1 1950 7 is_stmt 1 view .LVU1598
1950:Drivers/STM32F4xx_HAL_Driver/Src/stm32f4xx_ll_usb.c ****     }
 4640              		.loc 1 1950 20 is_stmt 0 view .LVU1599
 4641 017c CC61     		str	r4, [r1, #28]
 4642 017e 9DE7     		b	.L278
 4643              	.LVL333:
 4644              	.L312:
1972:Drivers/STM32F4xx_HAL_Driver/Src/stm32f4xx_ll_usb.c ****                                         (uint32_t)hc->hub_port_nbr | USB_OTG_HCSPLT_SPLITEN;
 4645              		.loc 1 1972 5 is_stmt 1 view .LVU1600
1972:Drivers/STM32F4xx_HAL_Driver/Src/stm32f4xx_ll_usb.c ****                                         (uint32_t)hc->hub_port_nbr | USB_OTG_HCSPLT_SPLITEN;
 4646              		.loc 1 1972 54 is_stmt 0 view .LVU1601
 4647 0180 91F811C0 		ldrb	ip, [r1, #17]	@ zero_extendqisi2
 4648              	.LVL334:
1973:Drivers/STM32F4xx_HAL_Driver/Src/stm32f4xx_ll_usb.c **** 
 4649              		.loc 1 1973 53 view .LVU1602
 4650 0184 0C7C     		ldrb	r4, [r1, #16]	@ zero_extendqisi2
1972:Drivers/STM32F4xx_HAL_Driver/Src/stm32f4xx_ll_usb.c ****                                         (uint32_t)hc->hub_port_nbr | USB_OTG_HCSPLT_SPLITEN;
 4651              		.loc 1 1972 96 view .LVU1603
 4652 0186 44EACC14 		orr	r4, r4, ip, lsl #7
1973:Drivers/STM32F4xx_HAL_Driver/Src/stm32f4xx_ll_usb.c **** 
 4653              		.loc 1 1973 68 view .LVU1604
 4654 018a 44F00044 		orr	r4, r4, #-2147483648
1972:Drivers/STM32F4xx_HAL_Driver/Src/stm32f4xx_ll_usb.c ****                                         (uint32_t)hc->hub_port_nbr | USB_OTG_HCSPLT_SPLITEN;
 4655              		.loc 1 1972 39 view .LVU1605
 4656 018e CEF80440 		str	r4, [lr, #4]
1976:Drivers/STM32F4xx_HAL_Driver/Src/stm32f4xx_ll_usb.c ****                                             USB_OTG_HCINTMSK_NYET);
 4657              		.loc 1 1976 5 is_stmt 1 view .LVU1606
1976:Drivers/STM32F4xx_HAL_Driver/Src/stm32f4xx_ll_usb.c ****                                             USB_OTG_HCINTMSK_NYET);
 4658              		.loc 1 1976 30 is_stmt 0 view .LVU1607
 4659 0192 DEF80C40 		ldr	r4, [lr, #12]
1976:Drivers/STM32F4xx_HAL_Driver/Src/stm32f4xx_ll_usb.c ****                                             USB_OTG_HCINTMSK_NYET);
 4660              		.loc 1 1976 41 view .LVU1608
 4661 0196 44F06004 		orr	r4, r4, #96
 4662 019a CEF80C40 		str	r4, [lr, #12]
1979:Drivers/STM32F4xx_HAL_Driver/Src/stm32f4xx_ll_usb.c ****     {
 4663              		.loc 1 1979 5 is_stmt 1 view .LVU1609
1979:Drivers/STM32F4xx_HAL_Driver/Src/stm32f4xx_ll_usb.c ****     {
 4664              		.loc 1 1979 12 is_stmt 0 view .LVU1610
 4665 019e CC79     		ldrb	r4, [r1, #7]	@ zero_extendqisi2
1979:Drivers/STM32F4xx_HAL_Driver/Src/stm32f4xx_ll_usb.c ****     {
 4666              		.loc 1 1979 8 view .LVU1611
 4667 01a0 012C     		cmp	r4, #1
 4668 01a2 12D0     		beq	.L313
 4669              	.L288:
1985:Drivers/STM32F4xx_HAL_Driver/Src/stm32f4xx_ll_usb.c ****         (hc->do_csplit == 1U) && (hc->ep_is_in == 1U))
 4670              		.loc 1 1985 5 is_stmt 1 view .LVU1612
1985:Drivers/STM32F4xx_HAL_Driver/Src/stm32f4xx_ll_usb.c ****         (hc->do_csplit == 1U) && (hc->ep_is_in == 1U))
ARM GAS  /tmp/ccoaixhI.s 			page 140


 4671              		.loc 1 1985 13 is_stmt 0 view .LVU1613
 4672 01a4 8C7C     		ldrb	r4, [r1, #18]	@ zero_extendqisi2
1985:Drivers/STM32F4xx_HAL_Driver/Src/stm32f4xx_ll_usb.c ****         (hc->do_csplit == 1U) && (hc->ep_is_in == 1U))
 4673              		.loc 1 1985 8 view .LVU1614
 4674 01a6 012C     		cmp	r4, #1
 4675 01a8 1FD0     		beq	.L289
1985:Drivers/STM32F4xx_HAL_Driver/Src/stm32f4xx_ll_usb.c ****         (hc->do_csplit == 1U) && (hc->ep_is_in == 1U))
 4676              		.loc 1 1985 40 discriminator 2 view .LVU1615
 4677 01aa 032C     		cmp	r4, #3
 4678 01ac 1DD0     		beq	.L289
 4679              	.L290:
1992:Drivers/STM32F4xx_HAL_Driver/Src/stm32f4xx_ll_usb.c ****     {
 4680              		.loc 1 1992 5 is_stmt 1 view .LVU1616
1992:Drivers/STM32F4xx_HAL_Driver/Src/stm32f4xx_ll_usb.c ****     {
 4681              		.loc 1 1992 12 is_stmt 0 view .LVU1617
 4682 01ae 8C7C     		ldrb	r4, [r1, #18]	@ zero_extendqisi2
1992:Drivers/STM32F4xx_HAL_Driver/Src/stm32f4xx_ll_usb.c ****     {
 4683              		.loc 1 1992 8 view .LVU1618
 4684 01b0 012C     		cmp	r4, #1
 4685 01b2 B9D1     		bne	.L291
1992:Drivers/STM32F4xx_HAL_Driver/Src/stm32f4xx_ll_usb.c ****     {
 4686              		.loc 1 1992 45 discriminator 1 view .LVU1619
 4687 01b4 CC78     		ldrb	r4, [r1, #3]	@ zero_extendqisi2
1992:Drivers/STM32F4xx_HAL_Driver/Src/stm32f4xx_ll_usb.c ****     {
 4688              		.loc 1 1992 39 discriminator 1 view .LVU1620
 4689 01b6 002C     		cmp	r4, #0
 4690 01b8 B6D1     		bne	.L291
1995:Drivers/STM32F4xx_HAL_Driver/Src/stm32f4xx_ll_usb.c ****       {
 4691              		.loc 1 1995 7 is_stmt 1 view .LVU1621
1995:Drivers/STM32F4xx_HAL_Driver/Src/stm32f4xx_ll_usb.c ****       {
 4692              		.loc 1 1995 17 is_stmt 0 view .LVU1622
 4693 01ba CC68     		ldr	r4, [r1, #12]
1995:Drivers/STM32F4xx_HAL_Driver/Src/stm32f4xx_ll_usb.c ****       {
 4694              		.loc 1 1995 7 view .LVU1623
 4695 01bc 013C     		subs	r4, r4, #1
 4696 01be 032C     		cmp	r4, #3
 4697 01c0 B2D8     		bhi	.L291
 4698 01c2 DFE804F0 		tbb	[pc, r4]
 4699              	.L293:
 4700 01c6 1F       		.byte	(.L296-.L293)/2
 4701 01c7 26       		.byte	(.L295-.L293)/2
 4702 01c8 2D       		.byte	(.L294-.L293)/2
 4703 01c9 34       		.byte	(.L292-.L293)/2
 4704              		.p2align 1
 4705              	.L313:
1979:Drivers/STM32F4xx_HAL_Driver/Src/stm32f4xx_ll_usb.c ****     {
 4706              		.loc 1 1979 37 discriminator 1 view .LVU1624
 4707 01ca CC78     		ldrb	r4, [r1, #3]	@ zero_extendqisi2
1979:Drivers/STM32F4xx_HAL_Driver/Src/stm32f4xx_ll_usb.c ****     {
 4708              		.loc 1 1979 31 discriminator 1 view .LVU1625
 4709 01cc 002C     		cmp	r4, #0
 4710 01ce E9D1     		bne	.L288
1981:Drivers/STM32F4xx_HAL_Driver/Src/stm32f4xx_ll_usb.c ****       USBx_HC((uint32_t)ch_num)->HCINTMSK |= USB_OTG_HCINTMSK_NYET;
 4711              		.loc 1 1981 7 is_stmt 1 view .LVU1626
1981:Drivers/STM32F4xx_HAL_Driver/Src/stm32f4xx_ll_usb.c ****       USBx_HC((uint32_t)ch_num)->HCINTMSK |= USB_OTG_HCINTMSK_NYET;
 4712              		.loc 1 1981 32 is_stmt 0 view .LVU1627
 4713 01d0 DEF80440 		ldr	r4, [lr, #4]
ARM GAS  /tmp/ccoaixhI.s 			page 141


1981:Drivers/STM32F4xx_HAL_Driver/Src/stm32f4xx_ll_usb.c ****       USBx_HC((uint32_t)ch_num)->HCINTMSK |= USB_OTG_HCINTMSK_NYET;
 4714              		.loc 1 1981 41 view .LVU1628
 4715 01d4 44F48034 		orr	r4, r4, #65536
 4716 01d8 CEF80440 		str	r4, [lr, #4]
1982:Drivers/STM32F4xx_HAL_Driver/Src/stm32f4xx_ll_usb.c ****     }
 4717              		.loc 1 1982 7 is_stmt 1 view .LVU1629
1982:Drivers/STM32F4xx_HAL_Driver/Src/stm32f4xx_ll_usb.c ****     }
 4718              		.loc 1 1982 32 is_stmt 0 view .LVU1630
 4719 01dc DEF80C40 		ldr	r4, [lr, #12]
1982:Drivers/STM32F4xx_HAL_Driver/Src/stm32f4xx_ll_usb.c ****     }
 4720              		.loc 1 1982 43 view .LVU1631
 4721 01e0 44F04004 		orr	r4, r4, #64
 4722 01e4 CEF80C40 		str	r4, [lr, #12]
 4723 01e8 DCE7     		b	.L288
 4724              	.L289:
1986:Drivers/STM32F4xx_HAL_Driver/Src/stm32f4xx_ll_usb.c ****     {
 4725              		.loc 1 1986 12 discriminator 3 view .LVU1632
 4726 01ea CC79     		ldrb	r4, [r1, #7]	@ zero_extendqisi2
1985:Drivers/STM32F4xx_HAL_Driver/Src/stm32f4xx_ll_usb.c ****         (hc->do_csplit == 1U) && (hc->ep_is_in == 1U))
 4727              		.loc 1 1985 74 discriminator 3 view .LVU1633
 4728 01ec 012C     		cmp	r4, #1
 4729 01ee DED1     		bne	.L290
1986:Drivers/STM32F4xx_HAL_Driver/Src/stm32f4xx_ll_usb.c ****     {
 4730              		.loc 1 1986 37 view .LVU1634
 4731 01f0 CC78     		ldrb	r4, [r1, #3]	@ zero_extendqisi2
1986:Drivers/STM32F4xx_HAL_Driver/Src/stm32f4xx_ll_usb.c ****     {
 4732              		.loc 1 1986 31 view .LVU1635
 4733 01f2 012C     		cmp	r4, #1
 4734 01f4 DBD1     		bne	.L290
1988:Drivers/STM32F4xx_HAL_Driver/Src/stm32f4xx_ll_usb.c ****     }
 4735              		.loc 1 1988 7 is_stmt 1 view .LVU1636
1988:Drivers/STM32F4xx_HAL_Driver/Src/stm32f4xx_ll_usb.c ****     }
 4736              		.loc 1 1988 32 is_stmt 0 view .LVU1637
 4737 01f6 DEF80440 		ldr	r4, [lr, #4]
1988:Drivers/STM32F4xx_HAL_Driver/Src/stm32f4xx_ll_usb.c ****     }
 4738              		.loc 1 1988 41 view .LVU1638
 4739 01fa 44F48034 		orr	r4, r4, #65536
 4740 01fe CEF80440 		str	r4, [lr, #4]
 4741 0202 D4E7     		b	.L290
 4742              	.L296:
1999:Drivers/STM32F4xx_HAL_Driver/Src/stm32f4xx_ll_usb.c ****           break;
 4743              		.loc 1 1999 11 is_stmt 1 view .LVU1639
1999:Drivers/STM32F4xx_HAL_Driver/Src/stm32f4xx_ll_usb.c ****           break;
 4744              		.loc 1 1999 36 is_stmt 0 view .LVU1640
 4745 0204 DEF80440 		ldr	r4, [lr, #4]
1999:Drivers/STM32F4xx_HAL_Driver/Src/stm32f4xx_ll_usb.c ****           break;
 4746              		.loc 1 1999 45 view .LVU1641
 4747 0208 44F40044 		orr	r4, r4, #32768
 4748 020c CEF80440 		str	r4, [lr, #4]
2000:Drivers/STM32F4xx_HAL_Driver/Src/stm32f4xx_ll_usb.c **** 
 4749              		.loc 1 2000 11 is_stmt 1 view .LVU1642
 4750 0210 8AE7     		b	.L291
 4751              	.L295:
2004:Drivers/STM32F4xx_HAL_Driver/Src/stm32f4xx_ll_usb.c ****           break;
 4752              		.loc 1 2004 11 view .LVU1643
2004:Drivers/STM32F4xx_HAL_Driver/Src/stm32f4xx_ll_usb.c ****           break;
 4753              		.loc 1 2004 36 is_stmt 0 view .LVU1644
ARM GAS  /tmp/ccoaixhI.s 			page 142


 4754 0212 DEF80440 		ldr	r4, [lr, #4]
2004:Drivers/STM32F4xx_HAL_Driver/Src/stm32f4xx_ll_usb.c ****           break;
 4755              		.loc 1 2004 45 view .LVU1645
 4756 0216 44F00E04 		orr	r4, r4, #14
 4757 021a CEF80440 		str	r4, [lr, #4]
2005:Drivers/STM32F4xx_HAL_Driver/Src/stm32f4xx_ll_usb.c **** 
 4758              		.loc 1 2005 11 is_stmt 1 view .LVU1646
 4759 021e 83E7     		b	.L291
 4760              	.L294:
2009:Drivers/STM32F4xx_HAL_Driver/Src/stm32f4xx_ll_usb.c ****           break;
 4761              		.loc 1 2009 11 view .LVU1647
2009:Drivers/STM32F4xx_HAL_Driver/Src/stm32f4xx_ll_usb.c ****           break;
 4762              		.loc 1 2009 36 is_stmt 0 view .LVU1648
 4763 0220 DEF80440 		ldr	r4, [lr, #4]
2009:Drivers/STM32F4xx_HAL_Driver/Src/stm32f4xx_ll_usb.c ****           break;
 4764              		.loc 1 2009 45 view .LVU1649
 4765 0224 44F48044 		orr	r4, r4, #16384
 4766 0228 CEF80440 		str	r4, [lr, #4]
2010:Drivers/STM32F4xx_HAL_Driver/Src/stm32f4xx_ll_usb.c **** 
 4767              		.loc 1 2010 11 is_stmt 1 view .LVU1650
 4768 022c 7CE7     		b	.L291
 4769              	.L292:
2014:Drivers/STM32F4xx_HAL_Driver/Src/stm32f4xx_ll_usb.c ****           break;
 4770              		.loc 1 2014 11 view .LVU1651
2014:Drivers/STM32F4xx_HAL_Driver/Src/stm32f4xx_ll_usb.c ****           break;
 4771              		.loc 1 2014 36 is_stmt 0 view .LVU1652
 4772 022e DEF80440 		ldr	r4, [lr, #4]
2014:Drivers/STM32F4xx_HAL_Driver/Src/stm32f4xx_ll_usb.c ****           break;
 4773              		.loc 1 2014 45 view .LVU1653
 4774 0232 44F44044 		orr	r4, r4, #49152
 4775 0236 CEF80440 		str	r4, [lr, #4]
2015:Drivers/STM32F4xx_HAL_Driver/Src/stm32f4xx_ll_usb.c **** 
 4776              		.loc 1 2015 11 is_stmt 1 view .LVU1654
 4777 023a 75E7     		b	.L291
 4778              	.L297:
2039:Drivers/STM32F4xx_HAL_Driver/Src/stm32f4xx_ll_usb.c ****   }
 4779              		.loc 1 2039 5 view .LVU1655
2039:Drivers/STM32F4xx_HAL_Driver/Src/stm32f4xx_ll_usb.c ****   }
 4780              		.loc 1 2039 12 is_stmt 0 view .LVU1656
 4781 023c 039C     		ldr	r4, [sp, #12]
 4782 023e 24F40044 		bic	r4, r4, #32768
 4783 0242 0394     		str	r4, [sp, #12]
 4784 0244 7EE7     		b	.L298
 4785              	.LVL335:
 4786              	.L303:
2052:Drivers/STM32F4xx_HAL_Driver/Src/stm32f4xx_ll_usb.c ****     {
2053:Drivers/STM32F4xx_HAL_Driver/Src/stm32f4xx_ll_usb.c ****       /* Non periodic transfer */
2054:Drivers/STM32F4xx_HAL_Driver/Src/stm32f4xx_ll_usb.c ****       case EP_TYPE_CTRL:
2055:Drivers/STM32F4xx_HAL_Driver/Src/stm32f4xx_ll_usb.c ****       case EP_TYPE_BULK:
2056:Drivers/STM32F4xx_HAL_Driver/Src/stm32f4xx_ll_usb.c **** 
2057:Drivers/STM32F4xx_HAL_Driver/Src/stm32f4xx_ll_usb.c ****         len_words = (uint16_t)((hc->xfer_len + 3U) / 4U);
 4787              		.loc 1 2057 9 is_stmt 1 view .LVU1657
 4788              		.loc 1 2057 46 is_stmt 0 view .LVU1658
 4789 0246 0333     		adds	r3, r3, #3
 4790              	.LVL336:
2058:Drivers/STM32F4xx_HAL_Driver/Src/stm32f4xx_ll_usb.c **** 
2059:Drivers/STM32F4xx_HAL_Driver/Src/stm32f4xx_ll_usb.c ****         /* check if there is enough space in FIFO space */
ARM GAS  /tmp/ccoaixhI.s 			page 143


2060:Drivers/STM32F4xx_HAL_Driver/Src/stm32f4xx_ll_usb.c ****         if (len_words > (USBx->HNPTXSTS & 0xFFFFU))
 4791              		.loc 1 2060 9 is_stmt 1 view .LVU1659
 4792              		.loc 1 2060 30 is_stmt 0 view .LVU1660
 4793 0248 C26A     		ldr	r2, [r0, #44]
 4794              		.loc 1 2060 41 view .LVU1661
 4795 024a 92B2     		uxth	r2, r2
 4796              		.loc 1 2060 12 view .LVU1662
 4797 024c C3F38F03 		ubfx	r3, r3, #2, #16
 4798              	.LVL337:
 4799              		.loc 1 2060 12 view .LVU1663
 4800 0250 9A42     		cmp	r2, r3
 4801 0252 03D2     		bcs	.L300
2061:Drivers/STM32F4xx_HAL_Driver/Src/stm32f4xx_ll_usb.c ****         {
2062:Drivers/STM32F4xx_HAL_Driver/Src/stm32f4xx_ll_usb.c ****           /* need to process data in nptxfempty interrupt */
2063:Drivers/STM32F4xx_HAL_Driver/Src/stm32f4xx_ll_usb.c ****           USBx->GINTMSK |= USB_OTG_GINTMSK_NPTXFEM;
 4802              		.loc 1 2063 11 is_stmt 1 view .LVU1664
 4803              		.loc 1 2063 15 is_stmt 0 view .LVU1665
 4804 0254 8369     		ldr	r3, [r0, #24]
 4805              		.loc 1 2063 25 view .LVU1666
 4806 0256 43F02003 		orr	r3, r3, #32
 4807 025a 8361     		str	r3, [r0, #24]
 4808              	.LVL338:
 4809              	.L300:
2064:Drivers/STM32F4xx_HAL_Driver/Src/stm32f4xx_ll_usb.c ****         }
2065:Drivers/STM32F4xx_HAL_Driver/Src/stm32f4xx_ll_usb.c ****         break;
2066:Drivers/STM32F4xx_HAL_Driver/Src/stm32f4xx_ll_usb.c **** 
2067:Drivers/STM32F4xx_HAL_Driver/Src/stm32f4xx_ll_usb.c ****       /* Periodic transfer */
2068:Drivers/STM32F4xx_HAL_Driver/Src/stm32f4xx_ll_usb.c ****       case EP_TYPE_INTR:
2069:Drivers/STM32F4xx_HAL_Driver/Src/stm32f4xx_ll_usb.c ****       case EP_TYPE_ISOC:
2070:Drivers/STM32F4xx_HAL_Driver/Src/stm32f4xx_ll_usb.c ****         len_words = (uint16_t)((hc->xfer_len + 3U) / 4U);
2071:Drivers/STM32F4xx_HAL_Driver/Src/stm32f4xx_ll_usb.c ****         /* check if there is enough space in FIFO space */
2072:Drivers/STM32F4xx_HAL_Driver/Src/stm32f4xx_ll_usb.c ****         if (len_words > (USBx_HOST->HPTXSTS & 0xFFFFU)) /* split the transfer */
2073:Drivers/STM32F4xx_HAL_Driver/Src/stm32f4xx_ll_usb.c ****         {
2074:Drivers/STM32F4xx_HAL_Driver/Src/stm32f4xx_ll_usb.c ****           /* need to process data in ptxfempty interrupt */
2075:Drivers/STM32F4xx_HAL_Driver/Src/stm32f4xx_ll_usb.c ****           USBx->GINTMSK |= USB_OTG_GINTMSK_PTXFEM;
2076:Drivers/STM32F4xx_HAL_Driver/Src/stm32f4xx_ll_usb.c ****         }
2077:Drivers/STM32F4xx_HAL_Driver/Src/stm32f4xx_ll_usb.c ****         break;
2078:Drivers/STM32F4xx_HAL_Driver/Src/stm32f4xx_ll_usb.c **** 
2079:Drivers/STM32F4xx_HAL_Driver/Src/stm32f4xx_ll_usb.c ****       default:
2080:Drivers/STM32F4xx_HAL_Driver/Src/stm32f4xx_ll_usb.c ****         break;
2081:Drivers/STM32F4xx_HAL_Driver/Src/stm32f4xx_ll_usb.c ****     }
2082:Drivers/STM32F4xx_HAL_Driver/Src/stm32f4xx_ll_usb.c **** 
2083:Drivers/STM32F4xx_HAL_Driver/Src/stm32f4xx_ll_usb.c ****     /* Write packet into the Tx FIFO. */
2084:Drivers/STM32F4xx_HAL_Driver/Src/stm32f4xx_ll_usb.c ****     (void)USB_WritePacket(USBx, hc->xfer_buff, hc->ch_num, (uint16_t)hc->xfer_len, 0);
 4810              		.loc 1 2084 5 is_stmt 1 view .LVU1667
 4811              		.loc 1 2084 11 is_stmt 0 view .LVU1668
 4812 025c 0023     		movs	r3, #0
 4813 025e 0093     		str	r3, [sp]
 4814 0260 0B8C     		ldrh	r3, [r1, #32]
 4815 0262 4A78     		ldrb	r2, [r1, #1]	@ zero_extendqisi2
 4816 0264 8969     		ldr	r1, [r1, #24]
 4817              	.LVL339:
 4818              		.loc 1 2084 11 view .LVU1669
 4819 0266 FFF7FEFF 		bl	USB_WritePacket
 4820              	.LVL340:
 4821              	.L299:
2085:Drivers/STM32F4xx_HAL_Driver/Src/stm32f4xx_ll_usb.c ****   }
ARM GAS  /tmp/ccoaixhI.s 			page 144


2086:Drivers/STM32F4xx_HAL_Driver/Src/stm32f4xx_ll_usb.c **** 
2087:Drivers/STM32F4xx_HAL_Driver/Src/stm32f4xx_ll_usb.c ****   return HAL_OK;
2088:Drivers/STM32F4xx_HAL_Driver/Src/stm32f4xx_ll_usb.c **** }
 4822              		.loc 1 2088 1 view .LVU1670
 4823 026a 0020     		movs	r0, #0
 4824 026c 05B0     		add	sp, sp, #20
 4825              	.LCFI55:
 4826              		.cfi_remember_state
 4827              		.cfi_def_cfa_offset 12
 4828              		@ sp needed
 4829 026e 30BD     		pop	{r4, r5, pc}
 4830              	.LVL341:
 4831              	.L301:
 4832              	.LCFI56:
 4833              		.cfi_restore_state
2070:Drivers/STM32F4xx_HAL_Driver/Src/stm32f4xx_ll_usb.c ****         /* check if there is enough space in FIFO space */
 4834              		.loc 1 2070 9 is_stmt 1 view .LVU1671
2070:Drivers/STM32F4xx_HAL_Driver/Src/stm32f4xx_ll_usb.c ****         /* check if there is enough space in FIFO space */
 4835              		.loc 1 2070 46 is_stmt 0 view .LVU1672
 4836 0270 0333     		adds	r3, r3, #3
 4837              	.LVL342:
2072:Drivers/STM32F4xx_HAL_Driver/Src/stm32f4xx_ll_usb.c ****         {
 4838              		.loc 1 2072 9 is_stmt 1 view .LVU1673
2072:Drivers/STM32F4xx_HAL_Driver/Src/stm32f4xx_ll_usb.c ****         {
 4839              		.loc 1 2072 35 is_stmt 0 view .LVU1674
 4840 0272 2A69     		ldr	r2, [r5, #16]
2072:Drivers/STM32F4xx_HAL_Driver/Src/stm32f4xx_ll_usb.c ****         {
 4841              		.loc 1 2072 45 view .LVU1675
 4842 0274 92B2     		uxth	r2, r2
2072:Drivers/STM32F4xx_HAL_Driver/Src/stm32f4xx_ll_usb.c ****         {
 4843              		.loc 1 2072 12 view .LVU1676
 4844 0276 C3F38F03 		ubfx	r3, r3, #2, #16
 4845              	.LVL343:
2072:Drivers/STM32F4xx_HAL_Driver/Src/stm32f4xx_ll_usb.c ****         {
 4846              		.loc 1 2072 12 view .LVU1677
 4847 027a 9A42     		cmp	r2, r3
 4848 027c EED2     		bcs	.L300
2075:Drivers/STM32F4xx_HAL_Driver/Src/stm32f4xx_ll_usb.c ****         }
 4849              		.loc 1 2075 11 is_stmt 1 view .LVU1678
2075:Drivers/STM32F4xx_HAL_Driver/Src/stm32f4xx_ll_usb.c ****         }
 4850              		.loc 1 2075 15 is_stmt 0 view .LVU1679
 4851 027e 8369     		ldr	r3, [r0, #24]
2075:Drivers/STM32F4xx_HAL_Driver/Src/stm32f4xx_ll_usb.c ****         }
 4852              		.loc 1 2075 25 view .LVU1680
 4853 0280 43F08063 		orr	r3, r3, #67108864
 4854 0284 8361     		str	r3, [r0, #24]
 4855              	.LVL344:
2075:Drivers/STM32F4xx_HAL_Driver/Src/stm32f4xx_ll_usb.c ****         }
 4856              		.loc 1 2075 25 view .LVU1681
 4857 0286 E9E7     		b	.L300
 4858              	.L315:
 4859              		.align	2
 4860              	.L314:
 4861 0288 0000F81F 		.word	536346624
 4862              		.cfi_endproc
 4863              	.LFE262:
 4865              		.section	.text.USB_HC_ReadInterrupt,"ax",%progbits
ARM GAS  /tmp/ccoaixhI.s 			page 145


 4866              		.align	1
 4867              		.global	USB_HC_ReadInterrupt
 4868              		.syntax unified
 4869              		.thumb
 4870              		.thumb_func
 4872              	USB_HC_ReadInterrupt:
 4873              	.LVL345:
 4874              	.LFB263:
2089:Drivers/STM32F4xx_HAL_Driver/Src/stm32f4xx_ll_usb.c **** 
2090:Drivers/STM32F4xx_HAL_Driver/Src/stm32f4xx_ll_usb.c **** /**
2091:Drivers/STM32F4xx_HAL_Driver/Src/stm32f4xx_ll_usb.c ****   * @brief Read all host channel interrupts status
2092:Drivers/STM32F4xx_HAL_Driver/Src/stm32f4xx_ll_usb.c ****   * @param  USBx  Selected device
2093:Drivers/STM32F4xx_HAL_Driver/Src/stm32f4xx_ll_usb.c ****   * @retval HAL state
2094:Drivers/STM32F4xx_HAL_Driver/Src/stm32f4xx_ll_usb.c ****   */
2095:Drivers/STM32F4xx_HAL_Driver/Src/stm32f4xx_ll_usb.c **** uint32_t USB_HC_ReadInterrupt(const USB_OTG_GlobalTypeDef *USBx)
2096:Drivers/STM32F4xx_HAL_Driver/Src/stm32f4xx_ll_usb.c **** {
 4875              		.loc 1 2096 1 is_stmt 1 view -0
 4876              		.cfi_startproc
 4877              		@ args = 0, pretend = 0, frame = 0
 4878              		@ frame_needed = 0, uses_anonymous_args = 0
 4879              		@ link register save eliminated.
2097:Drivers/STM32F4xx_HAL_Driver/Src/stm32f4xx_ll_usb.c ****   uint32_t USBx_BASE = (uint32_t)USBx;
 4880              		.loc 1 2097 3 view .LVU1683
2098:Drivers/STM32F4xx_HAL_Driver/Src/stm32f4xx_ll_usb.c **** 
2099:Drivers/STM32F4xx_HAL_Driver/Src/stm32f4xx_ll_usb.c ****   return ((USBx_HOST->HAINT) & 0xFFFFU);
 4881              		.loc 1 2099 3 view .LVU1684
 4882              		.loc 1 2099 12 is_stmt 0 view .LVU1685
 4883 0000 00F58060 		add	r0, r0, #1024
 4884              	.LVL346:
 4885              		.loc 1 2099 21 view .LVU1686
 4886 0004 4069     		ldr	r0, [r0, #20]
 4887              	.LVL347:
2100:Drivers/STM32F4xx_HAL_Driver/Src/stm32f4xx_ll_usb.c **** }
 4888              		.loc 1 2100 1 view .LVU1687
 4889 0006 80B2     		uxth	r0, r0
 4890 0008 7047     		bx	lr
 4891              		.cfi_endproc
 4892              	.LFE263:
 4894              		.section	.text.USB_HC_Halt,"ax",%progbits
 4895              		.align	1
 4896              		.global	USB_HC_Halt
 4897              		.syntax unified
 4898              		.thumb
 4899              		.thumb_func
 4901              	USB_HC_Halt:
 4902              	.LVL348:
 4903              	.LFB264:
2101:Drivers/STM32F4xx_HAL_Driver/Src/stm32f4xx_ll_usb.c **** 
2102:Drivers/STM32F4xx_HAL_Driver/Src/stm32f4xx_ll_usb.c **** /**
2103:Drivers/STM32F4xx_HAL_Driver/Src/stm32f4xx_ll_usb.c ****   * @brief  Halt a host channel
2104:Drivers/STM32F4xx_HAL_Driver/Src/stm32f4xx_ll_usb.c ****   * @param  USBx  Selected device
2105:Drivers/STM32F4xx_HAL_Driver/Src/stm32f4xx_ll_usb.c ****   * @param  hc_num  Host Channel number
2106:Drivers/STM32F4xx_HAL_Driver/Src/stm32f4xx_ll_usb.c ****   *         This parameter can be a value from 1 to 15
2107:Drivers/STM32F4xx_HAL_Driver/Src/stm32f4xx_ll_usb.c ****   * @retval HAL state
2108:Drivers/STM32F4xx_HAL_Driver/Src/stm32f4xx_ll_usb.c ****   */
2109:Drivers/STM32F4xx_HAL_Driver/Src/stm32f4xx_ll_usb.c **** HAL_StatusTypeDef USB_HC_Halt(const USB_OTG_GlobalTypeDef *USBx, uint8_t hc_num)
2110:Drivers/STM32F4xx_HAL_Driver/Src/stm32f4xx_ll_usb.c **** {
ARM GAS  /tmp/ccoaixhI.s 			page 146


 4904              		.loc 1 2110 1 is_stmt 1 view -0
 4905              		.cfi_startproc
 4906              		@ args = 0, pretend = 0, frame = 8
 4907              		@ frame_needed = 0, uses_anonymous_args = 0
 4908              		@ link register save eliminated.
 4909              		.loc 1 2110 1 is_stmt 0 view .LVU1689
 4910 0000 70B4     		push	{r4, r5, r6}
 4911              	.LCFI57:
 4912              		.cfi_def_cfa_offset 12
 4913              		.cfi_offset 4, -12
 4914              		.cfi_offset 5, -8
 4915              		.cfi_offset 6, -4
 4916 0002 83B0     		sub	sp, sp, #12
 4917              	.LCFI58:
 4918              		.cfi_def_cfa_offset 24
2111:Drivers/STM32F4xx_HAL_Driver/Src/stm32f4xx_ll_usb.c ****   uint32_t USBx_BASE = (uint32_t)USBx;
 4919              		.loc 1 2111 3 is_stmt 1 view .LVU1690
 4920              	.LVL349:
2112:Drivers/STM32F4xx_HAL_Driver/Src/stm32f4xx_ll_usb.c ****   uint32_t hcnum = (uint32_t)hc_num;
 4921              		.loc 1 2112 3 view .LVU1691
2113:Drivers/STM32F4xx_HAL_Driver/Src/stm32f4xx_ll_usb.c ****   __IO uint32_t count = 0U;
 4922              		.loc 1 2113 3 view .LVU1692
 4923              		.loc 1 2113 17 is_stmt 0 view .LVU1693
 4924 0004 0023     		movs	r3, #0
 4925 0006 0193     		str	r3, [sp, #4]
2114:Drivers/STM32F4xx_HAL_Driver/Src/stm32f4xx_ll_usb.c ****   uint32_t HcEpType = (USBx_HC(hcnum)->HCCHAR & USB_OTG_HCCHAR_EPTYP) >> 18;
 4926              		.loc 1 2114 3 is_stmt 1 view .LVU1694
 4927              		.loc 1 2114 24 is_stmt 0 view .LVU1695
 4928 0008 00EB4111 		add	r1, r0, r1, lsl #5
 4929              	.LVL350:
 4930              		.loc 1 2114 24 view .LVU1696
 4931 000c 01F5A062 		add	r2, r1, #1280
 4932              		.loc 1 2114 38 view .LVU1697
 4933 0010 D1F80035 		ldr	r3, [r1, #1280]
 4934              		.loc 1 2114 12 view .LVU1698
 4935 0014 C3F38143 		ubfx	r3, r3, #18, #2
 4936              	.LVL351:
2115:Drivers/STM32F4xx_HAL_Driver/Src/stm32f4xx_ll_usb.c ****   uint32_t ChannelEna = (USBx_HC(hcnum)->HCCHAR & USB_OTG_HCCHAR_CHENA) >> 31;
 4937              		.loc 1 2115 3 is_stmt 1 view .LVU1699
 4938              		.loc 1 2115 40 is_stmt 0 view .LVU1700
 4939 0018 D1F80055 		ldr	r5, [r1, #1280]
 4940              	.LVL352:
2116:Drivers/STM32F4xx_HAL_Driver/Src/stm32f4xx_ll_usb.c ****   uint32_t SplitEna = (USBx_HC(hcnum)->HCSPLT & USB_OTG_HCSPLT_SPLITEN) >> 31;
 4941              		.loc 1 2116 3 is_stmt 1 view .LVU1701
 4942              		.loc 1 2116 38 is_stmt 0 view .LVU1702
 4943 001c 5468     		ldr	r4, [r2, #4]
 4944              	.LVL353:
2117:Drivers/STM32F4xx_HAL_Driver/Src/stm32f4xx_ll_usb.c **** 
2118:Drivers/STM32F4xx_HAL_Driver/Src/stm32f4xx_ll_usb.c ****   /* In buffer DMA, Channel disable must not be programmed for non-split periodic channels.
2119:Drivers/STM32F4xx_HAL_Driver/Src/stm32f4xx_ll_usb.c ****      At the end of the next uframe/frame (in the worst case), the core generates a channel halted
2120:Drivers/STM32F4xx_HAL_Driver/Src/stm32f4xx_ll_usb.c ****      and disables the channel automatically. */
2121:Drivers/STM32F4xx_HAL_Driver/Src/stm32f4xx_ll_usb.c **** 
2122:Drivers/STM32F4xx_HAL_Driver/Src/stm32f4xx_ll_usb.c ****   if ((((USBx->GAHBCFG & USB_OTG_GAHBCFG_DMAEN) == USB_OTG_GAHBCFG_DMAEN) && (SplitEna == 0U)) &&
 4945              		.loc 1 2122 3 is_stmt 1 view .LVU1703
 4946              		.loc 1 2122 14 is_stmt 0 view .LVU1704
 4947 001e 8668     		ldr	r6, [r0, #8]
 4948              		.loc 1 2122 6 view .LVU1705
ARM GAS  /tmp/ccoaixhI.s 			page 147


 4949 0020 16F0200F 		tst	r6, #32
 4950 0024 08D0     		beq	.L318
 4951 0026 ED0F     		lsrs	r5, r5, #31
 4952              	.LVL354:
 4953              		.loc 1 2122 6 view .LVU1706
 4954 0028 E40F     		lsrs	r4, r4, #31
 4955              	.LVL355:
 4956              		.loc 1 2122 75 discriminator 1 view .LVU1707
 4957 002a 2CB9     		cbnz	r4, .L318
 4958              		.loc 1 2122 96 discriminator 2 view .LVU1708
 4959 002c 002D     		cmp	r5, #0
 4960 002e 5AD0     		beq	.L319
2123:Drivers/STM32F4xx_HAL_Driver/Src/stm32f4xx_ll_usb.c ****       ((ChannelEna == 0U) || (((HcEpType == HCCHAR_ISOC) || (HcEpType == HCCHAR_INTR)))))
 4961              		.loc 1 2123 27 view .LVU1709
 4962 0030 012B     		cmp	r3, #1
 4963 0032 58D0     		beq	.L319
 4964              		.loc 1 2123 58 discriminator 1 view .LVU1710
 4965 0034 032B     		cmp	r3, #3
 4966 0036 56D0     		beq	.L319
 4967              	.LVL356:
 4968              	.L318:
2124:Drivers/STM32F4xx_HAL_Driver/Src/stm32f4xx_ll_usb.c ****   {
2125:Drivers/STM32F4xx_HAL_Driver/Src/stm32f4xx_ll_usb.c ****     return HAL_OK;
2126:Drivers/STM32F4xx_HAL_Driver/Src/stm32f4xx_ll_usb.c ****   }
2127:Drivers/STM32F4xx_HAL_Driver/Src/stm32f4xx_ll_usb.c **** 
2128:Drivers/STM32F4xx_HAL_Driver/Src/stm32f4xx_ll_usb.c ****   /* Check for space in the request queue to issue the halt. */
2129:Drivers/STM32F4xx_HAL_Driver/Src/stm32f4xx_ll_usb.c ****   if ((HcEpType == HCCHAR_CTRL) || (HcEpType == HCCHAR_BULK))
 4969              		.loc 1 2129 3 is_stmt 1 view .LVU1711
 4970              		.loc 1 2129 6 is_stmt 0 view .LVU1712
 4971 0038 1BB3     		cbz	r3, .L320
 4972              		.loc 1 2129 33 discriminator 1 view .LVU1713
 4973 003a 022B     		cmp	r3, #2
 4974 003c 21D0     		beq	.L320
2130:Drivers/STM32F4xx_HAL_Driver/Src/stm32f4xx_ll_usb.c ****   {
2131:Drivers/STM32F4xx_HAL_Driver/Src/stm32f4xx_ll_usb.c ****     USBx_HC(hcnum)->HCCHAR |= USB_OTG_HCCHAR_CHDIS;
2132:Drivers/STM32F4xx_HAL_Driver/Src/stm32f4xx_ll_usb.c **** 
2133:Drivers/STM32F4xx_HAL_Driver/Src/stm32f4xx_ll_usb.c ****     if ((USBx->GAHBCFG & USB_OTG_GAHBCFG_DMAEN) == 0U)
2134:Drivers/STM32F4xx_HAL_Driver/Src/stm32f4xx_ll_usb.c ****     {
2135:Drivers/STM32F4xx_HAL_Driver/Src/stm32f4xx_ll_usb.c ****       if ((USBx->HNPTXSTS & (0xFFU << 16)) == 0U)
2136:Drivers/STM32F4xx_HAL_Driver/Src/stm32f4xx_ll_usb.c ****       {
2137:Drivers/STM32F4xx_HAL_Driver/Src/stm32f4xx_ll_usb.c ****         USBx_HC(hcnum)->HCCHAR &= ~USB_OTG_HCCHAR_CHENA;
2138:Drivers/STM32F4xx_HAL_Driver/Src/stm32f4xx_ll_usb.c ****         USBx_HC(hcnum)->HCCHAR |= USB_OTG_HCCHAR_CHENA;
2139:Drivers/STM32F4xx_HAL_Driver/Src/stm32f4xx_ll_usb.c ****         do
2140:Drivers/STM32F4xx_HAL_Driver/Src/stm32f4xx_ll_usb.c ****         {
2141:Drivers/STM32F4xx_HAL_Driver/Src/stm32f4xx_ll_usb.c ****           count++;
2142:Drivers/STM32F4xx_HAL_Driver/Src/stm32f4xx_ll_usb.c **** 
2143:Drivers/STM32F4xx_HAL_Driver/Src/stm32f4xx_ll_usb.c ****           if (count > 1000U)
2144:Drivers/STM32F4xx_HAL_Driver/Src/stm32f4xx_ll_usb.c ****           {
2145:Drivers/STM32F4xx_HAL_Driver/Src/stm32f4xx_ll_usb.c ****             break;
2146:Drivers/STM32F4xx_HAL_Driver/Src/stm32f4xx_ll_usb.c ****           }
2147:Drivers/STM32F4xx_HAL_Driver/Src/stm32f4xx_ll_usb.c ****         } while ((USBx_HC(hcnum)->HCCHAR & USB_OTG_HCCHAR_CHENA) == USB_OTG_HCCHAR_CHENA);
2148:Drivers/STM32F4xx_HAL_Driver/Src/stm32f4xx_ll_usb.c ****       }
2149:Drivers/STM32F4xx_HAL_Driver/Src/stm32f4xx_ll_usb.c ****       else
2150:Drivers/STM32F4xx_HAL_Driver/Src/stm32f4xx_ll_usb.c ****       {
2151:Drivers/STM32F4xx_HAL_Driver/Src/stm32f4xx_ll_usb.c ****         USBx_HC(hcnum)->HCCHAR |= USB_OTG_HCCHAR_CHENA;
2152:Drivers/STM32F4xx_HAL_Driver/Src/stm32f4xx_ll_usb.c ****       }
2153:Drivers/STM32F4xx_HAL_Driver/Src/stm32f4xx_ll_usb.c ****     }
ARM GAS  /tmp/ccoaixhI.s 			page 148


2154:Drivers/STM32F4xx_HAL_Driver/Src/stm32f4xx_ll_usb.c ****     else
2155:Drivers/STM32F4xx_HAL_Driver/Src/stm32f4xx_ll_usb.c ****     {
2156:Drivers/STM32F4xx_HAL_Driver/Src/stm32f4xx_ll_usb.c ****       USBx_HC(hcnum)->HCCHAR |= USB_OTG_HCCHAR_CHENA;
2157:Drivers/STM32F4xx_HAL_Driver/Src/stm32f4xx_ll_usb.c ****     }
2158:Drivers/STM32F4xx_HAL_Driver/Src/stm32f4xx_ll_usb.c ****   }
2159:Drivers/STM32F4xx_HAL_Driver/Src/stm32f4xx_ll_usb.c ****   else
2160:Drivers/STM32F4xx_HAL_Driver/Src/stm32f4xx_ll_usb.c ****   {
2161:Drivers/STM32F4xx_HAL_Driver/Src/stm32f4xx_ll_usb.c ****     USBx_HC(hcnum)->HCCHAR |= USB_OTG_HCCHAR_CHDIS;
 4975              		.loc 1 2161 5 is_stmt 1 view .LVU1714
 4976              		.loc 1 2161 19 is_stmt 0 view .LVU1715
 4977 003e D1F80035 		ldr	r3, [r1, #1280]
 4978              	.LVL357:
 4979              		.loc 1 2161 28 view .LVU1716
 4980 0042 43F08043 		orr	r3, r3, #1073741824
 4981 0046 C1F80035 		str	r3, [r1, #1280]
2162:Drivers/STM32F4xx_HAL_Driver/Src/stm32f4xx_ll_usb.c **** 
2163:Drivers/STM32F4xx_HAL_Driver/Src/stm32f4xx_ll_usb.c ****     if ((USBx_HOST->HPTXSTS & (0xFFU << 16)) == 0U)
 4982              		.loc 1 2163 5 is_stmt 1 view .LVU1717
 4983              		.loc 1 2163 19 is_stmt 0 view .LVU1718
 4984 004a D0F81034 		ldr	r3, [r0, #1040]
 4985              		.loc 1 2163 8 view .LVU1719
 4986 004e 13F47F0F 		tst	r3, #16711680
 4987 0052 4CD1     		bne	.L325
2164:Drivers/STM32F4xx_HAL_Driver/Src/stm32f4xx_ll_usb.c ****     {
2165:Drivers/STM32F4xx_HAL_Driver/Src/stm32f4xx_ll_usb.c ****       USBx_HC(hcnum)->HCCHAR &= ~USB_OTG_HCCHAR_CHENA;
 4988              		.loc 1 2165 7 is_stmt 1 view .LVU1720
 4989              		.loc 1 2165 21 is_stmt 0 view .LVU1721
 4990 0054 D1F80035 		ldr	r3, [r1, #1280]
 4991              		.loc 1 2165 30 view .LVU1722
 4992 0058 23F00043 		bic	r3, r3, #-2147483648
 4993 005c C1F80035 		str	r3, [r1, #1280]
2166:Drivers/STM32F4xx_HAL_Driver/Src/stm32f4xx_ll_usb.c ****       USBx_HC(hcnum)->HCCHAR |= USB_OTG_HCCHAR_CHENA;
 4994              		.loc 1 2166 7 is_stmt 1 view .LVU1723
 4995              		.loc 1 2166 21 is_stmt 0 view .LVU1724
 4996 0060 D1F80035 		ldr	r3, [r1, #1280]
 4997              		.loc 1 2166 30 view .LVU1725
 4998 0064 43F00043 		orr	r3, r3, #-2147483648
 4999 0068 C1F80035 		str	r3, [r1, #1280]
 5000              	.L326:
2167:Drivers/STM32F4xx_HAL_Driver/Src/stm32f4xx_ll_usb.c ****       do
 5001              		.loc 1 2167 7 is_stmt 1 view .LVU1726
2168:Drivers/STM32F4xx_HAL_Driver/Src/stm32f4xx_ll_usb.c ****       {
2169:Drivers/STM32F4xx_HAL_Driver/Src/stm32f4xx_ll_usb.c ****         count++;
 5002              		.loc 1 2169 9 view .LVU1727
 5003              		.loc 1 2169 14 is_stmt 0 view .LVU1728
 5004 006c 019B     		ldr	r3, [sp, #4]
 5005 006e 0133     		adds	r3, r3, #1
 5006 0070 0193     		str	r3, [sp, #4]
2170:Drivers/STM32F4xx_HAL_Driver/Src/stm32f4xx_ll_usb.c **** 
2171:Drivers/STM32F4xx_HAL_Driver/Src/stm32f4xx_ll_usb.c ****         if (count > 1000U)
 5007              		.loc 1 2171 9 is_stmt 1 view .LVU1729
 5008              		.loc 1 2171 19 is_stmt 0 view .LVU1730
 5009 0072 019B     		ldr	r3, [sp, #4]
 5010              		.loc 1 2171 12 view .LVU1731
 5011 0074 B3F57A7F 		cmp	r3, #1000
 5012 0078 35D8     		bhi	.L319
2172:Drivers/STM32F4xx_HAL_Driver/Src/stm32f4xx_ll_usb.c ****         {
ARM GAS  /tmp/ccoaixhI.s 			page 149


2173:Drivers/STM32F4xx_HAL_Driver/Src/stm32f4xx_ll_usb.c ****           break;
2174:Drivers/STM32F4xx_HAL_Driver/Src/stm32f4xx_ll_usb.c ****         }
2175:Drivers/STM32F4xx_HAL_Driver/Src/stm32f4xx_ll_usb.c ****       } while ((USBx_HC(hcnum)->HCCHAR & USB_OTG_HCCHAR_CHENA) == USB_OTG_HCCHAR_CHENA);
 5013              		.loc 1 2175 64 is_stmt 1 view .LVU1732
 5014              		.loc 1 2175 31 is_stmt 0 view .LVU1733
 5015 007a 1368     		ldr	r3, [r2]
 5016              		.loc 1 2175 64 view .LVU1734
 5017 007c 002B     		cmp	r3, #0
 5018 007e F5DB     		blt	.L326
 5019 0080 31E0     		b	.L319
 5020              	.LVL358:
 5021              	.L320:
2131:Drivers/STM32F4xx_HAL_Driver/Src/stm32f4xx_ll_usb.c **** 
 5022              		.loc 1 2131 5 is_stmt 1 view .LVU1735
2131:Drivers/STM32F4xx_HAL_Driver/Src/stm32f4xx_ll_usb.c **** 
 5023              		.loc 1 2131 19 is_stmt 0 view .LVU1736
 5024 0082 D1F80035 		ldr	r3, [r1, #1280]
 5025              	.LVL359:
2131:Drivers/STM32F4xx_HAL_Driver/Src/stm32f4xx_ll_usb.c **** 
 5026              		.loc 1 2131 28 view .LVU1737
 5027 0086 43F08043 		orr	r3, r3, #1073741824
 5028 008a C1F80035 		str	r3, [r1, #1280]
2133:Drivers/STM32F4xx_HAL_Driver/Src/stm32f4xx_ll_usb.c ****     {
 5029              		.loc 1 2133 5 is_stmt 1 view .LVU1738
2133:Drivers/STM32F4xx_HAL_Driver/Src/stm32f4xx_ll_usb.c ****     {
 5030              		.loc 1 2133 14 is_stmt 0 view .LVU1739
 5031 008e 8368     		ldr	r3, [r0, #8]
2133:Drivers/STM32F4xx_HAL_Driver/Src/stm32f4xx_ll_usb.c ****     {
 5032              		.loc 1 2133 8 view .LVU1740
 5033 0090 13F0200F 		tst	r3, #32
 5034 0094 21D1     		bne	.L322
2135:Drivers/STM32F4xx_HAL_Driver/Src/stm32f4xx_ll_usb.c ****       {
 5035              		.loc 1 2135 7 is_stmt 1 view .LVU1741
2135:Drivers/STM32F4xx_HAL_Driver/Src/stm32f4xx_ll_usb.c ****       {
 5036              		.loc 1 2135 16 is_stmt 0 view .LVU1742
 5037 0096 C36A     		ldr	r3, [r0, #44]
2135:Drivers/STM32F4xx_HAL_Driver/Src/stm32f4xx_ll_usb.c ****       {
 5038              		.loc 1 2135 10 view .LVU1743
 5039 0098 13F47F0F 		tst	r3, #16711680
 5040 009c 16D1     		bne	.L323
2137:Drivers/STM32F4xx_HAL_Driver/Src/stm32f4xx_ll_usb.c ****         USBx_HC(hcnum)->HCCHAR |= USB_OTG_HCCHAR_CHENA;
 5041              		.loc 1 2137 9 is_stmt 1 view .LVU1744
2137:Drivers/STM32F4xx_HAL_Driver/Src/stm32f4xx_ll_usb.c ****         USBx_HC(hcnum)->HCCHAR |= USB_OTG_HCCHAR_CHENA;
 5042              		.loc 1 2137 23 is_stmt 0 view .LVU1745
 5043 009e D1F80035 		ldr	r3, [r1, #1280]
2137:Drivers/STM32F4xx_HAL_Driver/Src/stm32f4xx_ll_usb.c ****         USBx_HC(hcnum)->HCCHAR |= USB_OTG_HCCHAR_CHENA;
 5044              		.loc 1 2137 32 view .LVU1746
 5045 00a2 23F00043 		bic	r3, r3, #-2147483648
 5046 00a6 C1F80035 		str	r3, [r1, #1280]
2138:Drivers/STM32F4xx_HAL_Driver/Src/stm32f4xx_ll_usb.c ****         do
 5047              		.loc 1 2138 9 is_stmt 1 view .LVU1747
2138:Drivers/STM32F4xx_HAL_Driver/Src/stm32f4xx_ll_usb.c ****         do
 5048              		.loc 1 2138 23 is_stmt 0 view .LVU1748
 5049 00aa D1F80035 		ldr	r3, [r1, #1280]
2138:Drivers/STM32F4xx_HAL_Driver/Src/stm32f4xx_ll_usb.c ****         do
 5050              		.loc 1 2138 32 view .LVU1749
 5051 00ae 43F00043 		orr	r3, r3, #-2147483648
ARM GAS  /tmp/ccoaixhI.s 			page 150


 5052 00b2 C1F80035 		str	r3, [r1, #1280]
 5053              	.L324:
2139:Drivers/STM32F4xx_HAL_Driver/Src/stm32f4xx_ll_usb.c ****         {
 5054              		.loc 1 2139 9 is_stmt 1 view .LVU1750
2141:Drivers/STM32F4xx_HAL_Driver/Src/stm32f4xx_ll_usb.c **** 
 5055              		.loc 1 2141 11 view .LVU1751
2141:Drivers/STM32F4xx_HAL_Driver/Src/stm32f4xx_ll_usb.c **** 
 5056              		.loc 1 2141 16 is_stmt 0 view .LVU1752
 5057 00b6 019B     		ldr	r3, [sp, #4]
 5058 00b8 0133     		adds	r3, r3, #1
 5059 00ba 0193     		str	r3, [sp, #4]
2143:Drivers/STM32F4xx_HAL_Driver/Src/stm32f4xx_ll_usb.c ****           {
 5060              		.loc 1 2143 11 is_stmt 1 view .LVU1753
2143:Drivers/STM32F4xx_HAL_Driver/Src/stm32f4xx_ll_usb.c ****           {
 5061              		.loc 1 2143 21 is_stmt 0 view .LVU1754
 5062 00bc 019B     		ldr	r3, [sp, #4]
2143:Drivers/STM32F4xx_HAL_Driver/Src/stm32f4xx_ll_usb.c ****           {
 5063              		.loc 1 2143 14 view .LVU1755
 5064 00be B3F57A7F 		cmp	r3, #1000
 5065 00c2 10D8     		bhi	.L319
2147:Drivers/STM32F4xx_HAL_Driver/Src/stm32f4xx_ll_usb.c ****       }
 5066              		.loc 1 2147 66 is_stmt 1 view .LVU1756
2147:Drivers/STM32F4xx_HAL_Driver/Src/stm32f4xx_ll_usb.c ****       }
 5067              		.loc 1 2147 33 is_stmt 0 view .LVU1757
 5068 00c4 1368     		ldr	r3, [r2]
2147:Drivers/STM32F4xx_HAL_Driver/Src/stm32f4xx_ll_usb.c ****       }
 5069              		.loc 1 2147 66 view .LVU1758
 5070 00c6 002B     		cmp	r3, #0
 5071 00c8 F5DB     		blt	.L324
 5072 00ca 0CE0     		b	.L319
 5073              	.L323:
2151:Drivers/STM32F4xx_HAL_Driver/Src/stm32f4xx_ll_usb.c ****       }
 5074              		.loc 1 2151 9 is_stmt 1 view .LVU1759
2151:Drivers/STM32F4xx_HAL_Driver/Src/stm32f4xx_ll_usb.c ****       }
 5075              		.loc 1 2151 23 is_stmt 0 view .LVU1760
 5076 00cc D1F80035 		ldr	r3, [r1, #1280]
2151:Drivers/STM32F4xx_HAL_Driver/Src/stm32f4xx_ll_usb.c ****       }
 5077              		.loc 1 2151 32 view .LVU1761
 5078 00d0 43F00043 		orr	r3, r3, #-2147483648
 5079 00d4 C1F80035 		str	r3, [r1, #1280]
 5080 00d8 05E0     		b	.L319
 5081              	.L322:
2156:Drivers/STM32F4xx_HAL_Driver/Src/stm32f4xx_ll_usb.c ****     }
 5082              		.loc 1 2156 7 is_stmt 1 view .LVU1762
2156:Drivers/STM32F4xx_HAL_Driver/Src/stm32f4xx_ll_usb.c ****     }
 5083              		.loc 1 2156 21 is_stmt 0 view .LVU1763
 5084 00da D1F80035 		ldr	r3, [r1, #1280]
2156:Drivers/STM32F4xx_HAL_Driver/Src/stm32f4xx_ll_usb.c ****     }
 5085              		.loc 1 2156 30 view .LVU1764
 5086 00de 43F00043 		orr	r3, r3, #-2147483648
 5087 00e2 C1F80035 		str	r3, [r1, #1280]
 5088              	.L319:
2176:Drivers/STM32F4xx_HAL_Driver/Src/stm32f4xx_ll_usb.c ****     }
2177:Drivers/STM32F4xx_HAL_Driver/Src/stm32f4xx_ll_usb.c ****     else
2178:Drivers/STM32F4xx_HAL_Driver/Src/stm32f4xx_ll_usb.c ****     {
2179:Drivers/STM32F4xx_HAL_Driver/Src/stm32f4xx_ll_usb.c ****       USBx_HC(hcnum)->HCCHAR |= USB_OTG_HCCHAR_CHENA;
2180:Drivers/STM32F4xx_HAL_Driver/Src/stm32f4xx_ll_usb.c ****     }
ARM GAS  /tmp/ccoaixhI.s 			page 151


2181:Drivers/STM32F4xx_HAL_Driver/Src/stm32f4xx_ll_usb.c ****   }
2182:Drivers/STM32F4xx_HAL_Driver/Src/stm32f4xx_ll_usb.c **** 
2183:Drivers/STM32F4xx_HAL_Driver/Src/stm32f4xx_ll_usb.c ****   return HAL_OK;
2184:Drivers/STM32F4xx_HAL_Driver/Src/stm32f4xx_ll_usb.c **** }
 5089              		.loc 1 2184 1 view .LVU1765
 5090 00e6 0020     		movs	r0, #0
 5091              	.LVL360:
 5092              		.loc 1 2184 1 view .LVU1766
 5093 00e8 03B0     		add	sp, sp, #12
 5094              	.LCFI59:
 5095              		.cfi_remember_state
 5096              		.cfi_def_cfa_offset 12
 5097              		@ sp needed
 5098 00ea 70BC     		pop	{r4, r5, r6}
 5099              	.LCFI60:
 5100              		.cfi_restore 6
 5101              		.cfi_restore 5
 5102              		.cfi_restore 4
 5103              		.cfi_def_cfa_offset 0
 5104 00ec 7047     		bx	lr
 5105              	.LVL361:
 5106              	.L325:
 5107              	.LCFI61:
 5108              		.cfi_restore_state
2179:Drivers/STM32F4xx_HAL_Driver/Src/stm32f4xx_ll_usb.c ****     }
 5109              		.loc 1 2179 7 is_stmt 1 view .LVU1767
2179:Drivers/STM32F4xx_HAL_Driver/Src/stm32f4xx_ll_usb.c ****     }
 5110              		.loc 1 2179 21 is_stmt 0 view .LVU1768
 5111 00ee D1F80035 		ldr	r3, [r1, #1280]
2179:Drivers/STM32F4xx_HAL_Driver/Src/stm32f4xx_ll_usb.c ****     }
 5112              		.loc 1 2179 30 view .LVU1769
 5113 00f2 43F00043 		orr	r3, r3, #-2147483648
 5114 00f6 C1F80035 		str	r3, [r1, #1280]
 5115 00fa F4E7     		b	.L319
 5116              		.cfi_endproc
 5117              	.LFE264:
 5119              		.section	.text.USB_DoPing,"ax",%progbits
 5120              		.align	1
 5121              		.global	USB_DoPing
 5122              		.syntax unified
 5123              		.thumb
 5124              		.thumb_func
 5126              	USB_DoPing:
 5127              	.LVL362:
 5128              	.LFB265:
2185:Drivers/STM32F4xx_HAL_Driver/Src/stm32f4xx_ll_usb.c **** 
2186:Drivers/STM32F4xx_HAL_Driver/Src/stm32f4xx_ll_usb.c **** /**
2187:Drivers/STM32F4xx_HAL_Driver/Src/stm32f4xx_ll_usb.c ****   * @brief  Initiate Do Ping protocol
2188:Drivers/STM32F4xx_HAL_Driver/Src/stm32f4xx_ll_usb.c ****   * @param  USBx  Selected device
2189:Drivers/STM32F4xx_HAL_Driver/Src/stm32f4xx_ll_usb.c ****   * @param  hc_num  Host Channel number
2190:Drivers/STM32F4xx_HAL_Driver/Src/stm32f4xx_ll_usb.c ****   *         This parameter can be a value from 1 to 15
2191:Drivers/STM32F4xx_HAL_Driver/Src/stm32f4xx_ll_usb.c ****   * @retval HAL state
2192:Drivers/STM32F4xx_HAL_Driver/Src/stm32f4xx_ll_usb.c ****   */
2193:Drivers/STM32F4xx_HAL_Driver/Src/stm32f4xx_ll_usb.c **** HAL_StatusTypeDef USB_DoPing(const USB_OTG_GlobalTypeDef *USBx, uint8_t ch_num)
2194:Drivers/STM32F4xx_HAL_Driver/Src/stm32f4xx_ll_usb.c **** {
 5129              		.loc 1 2194 1 is_stmt 1 view -0
 5130              		.cfi_startproc
ARM GAS  /tmp/ccoaixhI.s 			page 152


 5131              		@ args = 0, pretend = 0, frame = 0
 5132              		@ frame_needed = 0, uses_anonymous_args = 0
 5133              		@ link register save eliminated.
2195:Drivers/STM32F4xx_HAL_Driver/Src/stm32f4xx_ll_usb.c ****   uint32_t USBx_BASE = (uint32_t)USBx;
 5134              		.loc 1 2195 3 view .LVU1771
2196:Drivers/STM32F4xx_HAL_Driver/Src/stm32f4xx_ll_usb.c ****   uint32_t chnum = (uint32_t)ch_num;
 5135              		.loc 1 2196 3 view .LVU1772
2197:Drivers/STM32F4xx_HAL_Driver/Src/stm32f4xx_ll_usb.c ****   uint32_t num_packets = 1U;
 5136              		.loc 1 2197 3 view .LVU1773
2198:Drivers/STM32F4xx_HAL_Driver/Src/stm32f4xx_ll_usb.c ****   uint32_t tmpreg;
 5137              		.loc 1 2198 3 view .LVU1774
2199:Drivers/STM32F4xx_HAL_Driver/Src/stm32f4xx_ll_usb.c **** 
2200:Drivers/STM32F4xx_HAL_Driver/Src/stm32f4xx_ll_usb.c ****   USBx_HC(chnum)->HCTSIZ = ((num_packets << 19) & USB_OTG_HCTSIZ_PKTCNT) |
 5138              		.loc 1 2200 3 view .LVU1775
 5139 0000 00EB4110 		add	r0, r0, r1, lsl #5
 5140              	.LVL363:
 5141              		.loc 1 2200 26 is_stmt 0 view .LVU1776
 5142 0004 064A     		ldr	r2, .L329
 5143 0006 C0F81025 		str	r2, [r0, #1296]
2201:Drivers/STM32F4xx_HAL_Driver/Src/stm32f4xx_ll_usb.c ****                            USB_OTG_HCTSIZ_DOPING;
2202:Drivers/STM32F4xx_HAL_Driver/Src/stm32f4xx_ll_usb.c **** 
2203:Drivers/STM32F4xx_HAL_Driver/Src/stm32f4xx_ll_usb.c ****   /* Set host channel enable */
2204:Drivers/STM32F4xx_HAL_Driver/Src/stm32f4xx_ll_usb.c ****   tmpreg = USBx_HC(chnum)->HCCHAR;
 5144              		.loc 1 2204 3 is_stmt 1 view .LVU1777
 5145              		.loc 1 2204 10 is_stmt 0 view .LVU1778
 5146 000a D0F80035 		ldr	r3, [r0, #1280]
 5147              	.LVL364:
2205:Drivers/STM32F4xx_HAL_Driver/Src/stm32f4xx_ll_usb.c ****   tmpreg &= ~USB_OTG_HCCHAR_CHDIS;
 5148              		.loc 1 2205 3 is_stmt 1 view .LVU1779
 5149              		.loc 1 2205 10 is_stmt 0 view .LVU1780
 5150 000e 23F08043 		bic	r3, r3, #1073741824
 5151              	.LVL365:
2206:Drivers/STM32F4xx_HAL_Driver/Src/stm32f4xx_ll_usb.c ****   tmpreg |= USB_OTG_HCCHAR_CHENA;
 5152              		.loc 1 2206 3 is_stmt 1 view .LVU1781
 5153              		.loc 1 2206 10 is_stmt 0 view .LVU1782
 5154 0012 43F00043 		orr	r3, r3, #-2147483648
 5155              	.LVL366:
2207:Drivers/STM32F4xx_HAL_Driver/Src/stm32f4xx_ll_usb.c ****   USBx_HC(chnum)->HCCHAR = tmpreg;
 5156              		.loc 1 2207 3 is_stmt 1 view .LVU1783
 5157              		.loc 1 2207 26 is_stmt 0 view .LVU1784
 5158 0016 C0F80035 		str	r3, [r0, #1280]
2208:Drivers/STM32F4xx_HAL_Driver/Src/stm32f4xx_ll_usb.c **** 
2209:Drivers/STM32F4xx_HAL_Driver/Src/stm32f4xx_ll_usb.c ****   return HAL_OK;
 5159              		.loc 1 2209 3 is_stmt 1 view .LVU1785
2210:Drivers/STM32F4xx_HAL_Driver/Src/stm32f4xx_ll_usb.c **** }
 5160              		.loc 1 2210 1 is_stmt 0 view .LVU1786
 5161 001a 0020     		movs	r0, #0
 5162 001c 7047     		bx	lr
 5163              	.L330:
 5164 001e 00BF     		.align	2
 5165              	.L329:
 5166 0020 00000880 		.word	-2146959360
 5167              		.cfi_endproc
 5168              	.LFE265:
 5170              		.section	.text.USB_StopHost,"ax",%progbits
 5171              		.align	1
 5172              		.global	USB_StopHost
ARM GAS  /tmp/ccoaixhI.s 			page 153


 5173              		.syntax unified
 5174              		.thumb
 5175              		.thumb_func
 5177              	USB_StopHost:
 5178              	.LVL367:
 5179              	.LFB266:
2211:Drivers/STM32F4xx_HAL_Driver/Src/stm32f4xx_ll_usb.c **** 
2212:Drivers/STM32F4xx_HAL_Driver/Src/stm32f4xx_ll_usb.c **** /**
2213:Drivers/STM32F4xx_HAL_Driver/Src/stm32f4xx_ll_usb.c ****   * @brief  Stop Host Core
2214:Drivers/STM32F4xx_HAL_Driver/Src/stm32f4xx_ll_usb.c ****   * @param  USBx  Selected device
2215:Drivers/STM32F4xx_HAL_Driver/Src/stm32f4xx_ll_usb.c ****   * @retval HAL state
2216:Drivers/STM32F4xx_HAL_Driver/Src/stm32f4xx_ll_usb.c ****   */
2217:Drivers/STM32F4xx_HAL_Driver/Src/stm32f4xx_ll_usb.c **** HAL_StatusTypeDef USB_StopHost(USB_OTG_GlobalTypeDef *USBx)
2218:Drivers/STM32F4xx_HAL_Driver/Src/stm32f4xx_ll_usb.c **** {
 5180              		.loc 1 2218 1 is_stmt 1 view -0
 5181              		.cfi_startproc
 5182              		@ args = 0, pretend = 0, frame = 8
 5183              		@ frame_needed = 0, uses_anonymous_args = 0
 5184              		.loc 1 2218 1 is_stmt 0 view .LVU1788
 5185 0000 30B5     		push	{r4, r5, lr}
 5186              	.LCFI62:
 5187              		.cfi_def_cfa_offset 12
 5188              		.cfi_offset 4, -12
 5189              		.cfi_offset 5, -8
 5190              		.cfi_offset 14, -4
 5191 0002 83B0     		sub	sp, sp, #12
 5192              	.LCFI63:
 5193              		.cfi_def_cfa_offset 24
 5194 0004 0446     		mov	r4, r0
2219:Drivers/STM32F4xx_HAL_Driver/Src/stm32f4xx_ll_usb.c ****   HAL_StatusTypeDef ret = HAL_OK;
 5195              		.loc 1 2219 3 is_stmt 1 view .LVU1789
 5196              	.LVL368:
2220:Drivers/STM32F4xx_HAL_Driver/Src/stm32f4xx_ll_usb.c ****   uint32_t USBx_BASE = (uint32_t)USBx;
 5197              		.loc 1 2220 3 view .LVU1790
2221:Drivers/STM32F4xx_HAL_Driver/Src/stm32f4xx_ll_usb.c ****   __IO uint32_t count = 0U;
 5198              		.loc 1 2221 3 view .LVU1791
 5199              		.loc 1 2221 17 is_stmt 0 view .LVU1792
 5200 0006 0023     		movs	r3, #0
 5201 0008 0193     		str	r3, [sp, #4]
2222:Drivers/STM32F4xx_HAL_Driver/Src/stm32f4xx_ll_usb.c ****   uint32_t value;
 5202              		.loc 1 2222 3 is_stmt 1 view .LVU1793
2223:Drivers/STM32F4xx_HAL_Driver/Src/stm32f4xx_ll_usb.c ****   uint32_t i;
 5203              		.loc 1 2223 3 view .LVU1794
2224:Drivers/STM32F4xx_HAL_Driver/Src/stm32f4xx_ll_usb.c **** 
2225:Drivers/STM32F4xx_HAL_Driver/Src/stm32f4xx_ll_usb.c ****   (void)USB_DisableGlobalInt(USBx);
 5204              		.loc 1 2225 3 view .LVU1795
 5205              		.loc 1 2225 9 is_stmt 0 view .LVU1796
 5206 000a FFF7FEFF 		bl	USB_DisableGlobalInt
 5207              	.LVL369:
2226:Drivers/STM32F4xx_HAL_Driver/Src/stm32f4xx_ll_usb.c **** 
2227:Drivers/STM32F4xx_HAL_Driver/Src/stm32f4xx_ll_usb.c ****   /* Flush USB FIFO */
2228:Drivers/STM32F4xx_HAL_Driver/Src/stm32f4xx_ll_usb.c ****   if (USB_FlushTxFifo(USBx, 0x10U) != HAL_OK) /* all Tx FIFOs */
 5208              		.loc 1 2228 3 is_stmt 1 view .LVU1797
 5209              		.loc 1 2228 7 is_stmt 0 view .LVU1798
 5210 000e 1021     		movs	r1, #16
 5211 0010 2046     		mov	r0, r4
 5212 0012 FFF7FEFF 		bl	USB_FlushTxFifo
ARM GAS  /tmp/ccoaixhI.s 			page 154


 5213              	.LVL370:
 5214              		.loc 1 2228 6 view .LVU1799
 5215 0016 0546     		mov	r5, r0
 5216 0018 00B1     		cbz	r0, .L332
2229:Drivers/STM32F4xx_HAL_Driver/Src/stm32f4xx_ll_usb.c ****   {
2230:Drivers/STM32F4xx_HAL_Driver/Src/stm32f4xx_ll_usb.c ****     ret = HAL_ERROR;
 5217              		.loc 1 2230 9 view .LVU1800
 5218 001a 0125     		movs	r5, #1
 5219              	.L332:
 5220              	.LVL371:
2231:Drivers/STM32F4xx_HAL_Driver/Src/stm32f4xx_ll_usb.c ****   }
2232:Drivers/STM32F4xx_HAL_Driver/Src/stm32f4xx_ll_usb.c **** 
2233:Drivers/STM32F4xx_HAL_Driver/Src/stm32f4xx_ll_usb.c ****   if (USB_FlushRxFifo(USBx) != HAL_OK)
 5221              		.loc 1 2233 3 is_stmt 1 view .LVU1801
 5222              		.loc 1 2233 7 is_stmt 0 view .LVU1802
 5223 001c 2046     		mov	r0, r4
 5224 001e FFF7FEFF 		bl	USB_FlushRxFifo
 5225              	.LVL372:
 5226              		.loc 1 2233 6 view .LVU1803
 5227 0022 00B1     		cbz	r0, .L333
2234:Drivers/STM32F4xx_HAL_Driver/Src/stm32f4xx_ll_usb.c ****   {
2235:Drivers/STM32F4xx_HAL_Driver/Src/stm32f4xx_ll_usb.c ****     ret = HAL_ERROR;
 5228              		.loc 1 2235 9 view .LVU1804
 5229 0024 0125     		movs	r5, #1
 5230              	.LVL373:
 5231              	.L333:
2236:Drivers/STM32F4xx_HAL_Driver/Src/stm32f4xx_ll_usb.c ****   }
2237:Drivers/STM32F4xx_HAL_Driver/Src/stm32f4xx_ll_usb.c **** 
2238:Drivers/STM32F4xx_HAL_Driver/Src/stm32f4xx_ll_usb.c ****   /* Flush out any leftover queued requests. */
2239:Drivers/STM32F4xx_HAL_Driver/Src/stm32f4xx_ll_usb.c ****   for (i = 0U; i <= 15U; i++)
 5232              		.loc 1 2239 3 is_stmt 1 view .LVU1805
 5233              		.loc 1 2239 10 is_stmt 0 view .LVU1806
 5234 0026 0022     		movs	r2, #0
 5235              		.loc 1 2239 3 view .LVU1807
 5236 0028 0AE0     		b	.L334
 5237              	.LVL374:
 5238              	.L335:
2240:Drivers/STM32F4xx_HAL_Driver/Src/stm32f4xx_ll_usb.c ****   {
2241:Drivers/STM32F4xx_HAL_Driver/Src/stm32f4xx_ll_usb.c ****     value = USBx_HC(i)->HCCHAR;
 5239              		.loc 1 2241 5 is_stmt 1 discriminator 3 view .LVU1808
 5240              		.loc 1 2241 13 is_stmt 0 discriminator 3 view .LVU1809
 5241 002a 04EB4211 		add	r1, r4, r2, lsl #5
 5242              		.loc 1 2241 11 discriminator 3 view .LVU1810
 5243 002e D1F80035 		ldr	r3, [r1, #1280]
 5244              	.LVL375:
2242:Drivers/STM32F4xx_HAL_Driver/Src/stm32f4xx_ll_usb.c ****     value |=  USB_OTG_HCCHAR_CHDIS;
 5245              		.loc 1 2242 5 is_stmt 1 discriminator 3 view .LVU1811
2243:Drivers/STM32F4xx_HAL_Driver/Src/stm32f4xx_ll_usb.c ****     value &= ~USB_OTG_HCCHAR_CHENA;
 5246              		.loc 1 2243 5 discriminator 3 view .LVU1812
2244:Drivers/STM32F4xx_HAL_Driver/Src/stm32f4xx_ll_usb.c ****     value &= ~USB_OTG_HCCHAR_EPDIR;
 5247              		.loc 1 2244 5 discriminator 3 view .LVU1813
 5248 0032 23F08023 		bic	r3, r3, #-2147450880
 5249              	.LVL376:
 5250              		.loc 1 2244 11 is_stmt 0 discriminator 3 view .LVU1814
 5251 0036 43F08043 		orr	r3, r3, #1073741824
 5252              	.LVL377:
2245:Drivers/STM32F4xx_HAL_Driver/Src/stm32f4xx_ll_usb.c ****     USBx_HC(i)->HCCHAR = value;
ARM GAS  /tmp/ccoaixhI.s 			page 155


 5253              		.loc 1 2245 5 is_stmt 1 discriminator 3 view .LVU1815
 5254              		.loc 1 2245 24 is_stmt 0 discriminator 3 view .LVU1816
 5255 003a C1F80035 		str	r3, [r1, #1280]
2239:Drivers/STM32F4xx_HAL_Driver/Src/stm32f4xx_ll_usb.c ****   {
 5256              		.loc 1 2239 27 is_stmt 1 discriminator 3 view .LVU1817
 5257 003e 0132     		adds	r2, r2, #1
 5258              	.LVL378:
 5259              	.L334:
2239:Drivers/STM32F4xx_HAL_Driver/Src/stm32f4xx_ll_usb.c ****   {
 5260              		.loc 1 2239 18 discriminator 1 view .LVU1818
 5261 0040 0F2A     		cmp	r2, #15
 5262 0042 F2D9     		bls	.L335
2246:Drivers/STM32F4xx_HAL_Driver/Src/stm32f4xx_ll_usb.c ****   }
2247:Drivers/STM32F4xx_HAL_Driver/Src/stm32f4xx_ll_usb.c **** 
2248:Drivers/STM32F4xx_HAL_Driver/Src/stm32f4xx_ll_usb.c ****   /* Halt all channels to put them into a known state. */
2249:Drivers/STM32F4xx_HAL_Driver/Src/stm32f4xx_ll_usb.c ****   for (i = 0U; i <= 15U; i++)
 5263              		.loc 1 2249 10 is_stmt 0 view .LVU1819
 5264 0044 0021     		movs	r1, #0
 5265 0046 00E0     		b	.L336
 5266              	.LVL379:
 5267              	.L337:
 5268              		.loc 1 2249 27 is_stmt 1 discriminator 2 view .LVU1820
 5269 0048 0131     		adds	r1, r1, #1
 5270              	.LVL380:
 5271              	.L336:
 5272              		.loc 1 2249 18 discriminator 1 view .LVU1821
 5273 004a 0F29     		cmp	r1, #15
 5274 004c 16D8     		bhi	.L343
2250:Drivers/STM32F4xx_HAL_Driver/Src/stm32f4xx_ll_usb.c ****   {
2251:Drivers/STM32F4xx_HAL_Driver/Src/stm32f4xx_ll_usb.c ****     value = USBx_HC(i)->HCCHAR;
 5275              		.loc 1 2251 5 view .LVU1822
 5276              		.loc 1 2251 13 is_stmt 0 view .LVU1823
 5277 004e 04EB4110 		add	r0, r4, r1, lsl #5
 5278 0052 00F5A062 		add	r2, r0, #1280
 5279              		.loc 1 2251 11 view .LVU1824
 5280 0056 D0F80035 		ldr	r3, [r0, #1280]
 5281              	.LVL381:
2252:Drivers/STM32F4xx_HAL_Driver/Src/stm32f4xx_ll_usb.c ****     value |= USB_OTG_HCCHAR_CHDIS;
 5282              		.loc 1 2252 5 is_stmt 1 view .LVU1825
2253:Drivers/STM32F4xx_HAL_Driver/Src/stm32f4xx_ll_usb.c ****     value |= USB_OTG_HCCHAR_CHENA;
 5283              		.loc 1 2253 5 view .LVU1826
2254:Drivers/STM32F4xx_HAL_Driver/Src/stm32f4xx_ll_usb.c ****     value &= ~USB_OTG_HCCHAR_EPDIR;
 5284              		.loc 1 2254 5 view .LVU1827
 5285 005a 23F40043 		bic	r3, r3, #32768
 5286              	.LVL382:
 5287              		.loc 1 2254 11 is_stmt 0 view .LVU1828
 5288 005e 43F04043 		orr	r3, r3, #-1073741824
 5289              	.LVL383:
2255:Drivers/STM32F4xx_HAL_Driver/Src/stm32f4xx_ll_usb.c ****     USBx_HC(i)->HCCHAR = value;
 5290              		.loc 1 2255 5 is_stmt 1 view .LVU1829
 5291              		.loc 1 2255 24 is_stmt 0 view .LVU1830
 5292 0062 C0F80035 		str	r3, [r0, #1280]
 5293              	.LVL384:
 5294              	.L338:
2256:Drivers/STM32F4xx_HAL_Driver/Src/stm32f4xx_ll_usb.c **** 
2257:Drivers/STM32F4xx_HAL_Driver/Src/stm32f4xx_ll_usb.c ****     do
 5295              		.loc 1 2257 5 is_stmt 1 view .LVU1831
ARM GAS  /tmp/ccoaixhI.s 			page 156


2258:Drivers/STM32F4xx_HAL_Driver/Src/stm32f4xx_ll_usb.c ****     {
2259:Drivers/STM32F4xx_HAL_Driver/Src/stm32f4xx_ll_usb.c ****       count++;
 5296              		.loc 1 2259 7 view .LVU1832
 5297              		.loc 1 2259 12 is_stmt 0 view .LVU1833
 5298 0066 019B     		ldr	r3, [sp, #4]
 5299 0068 0133     		adds	r3, r3, #1
 5300 006a 0193     		str	r3, [sp, #4]
2260:Drivers/STM32F4xx_HAL_Driver/Src/stm32f4xx_ll_usb.c **** 
2261:Drivers/STM32F4xx_HAL_Driver/Src/stm32f4xx_ll_usb.c ****       if (count > 1000U)
 5301              		.loc 1 2261 7 is_stmt 1 view .LVU1834
 5302              		.loc 1 2261 17 is_stmt 0 view .LVU1835
 5303 006c 019B     		ldr	r3, [sp, #4]
 5304              		.loc 1 2261 10 view .LVU1836
 5305 006e B3F57A7F 		cmp	r3, #1000
 5306 0072 E9D8     		bhi	.L337
2262:Drivers/STM32F4xx_HAL_Driver/Src/stm32f4xx_ll_usb.c ****       {
2263:Drivers/STM32F4xx_HAL_Driver/Src/stm32f4xx_ll_usb.c ****         break;
2264:Drivers/STM32F4xx_HAL_Driver/Src/stm32f4xx_ll_usb.c ****       }
2265:Drivers/STM32F4xx_HAL_Driver/Src/stm32f4xx_ll_usb.c ****     } while ((USBx_HC(i)->HCCHAR & USB_OTG_HCCHAR_CHENA) == USB_OTG_HCCHAR_CHENA);
 5307              		.loc 1 2265 58 is_stmt 1 view .LVU1837
 5308              		.loc 1 2265 25 is_stmt 0 view .LVU1838
 5309 0074 1368     		ldr	r3, [r2]
 5310              		.loc 1 2265 58 view .LVU1839
 5311 0076 002B     		cmp	r3, #0
 5312 0078 F5DB     		blt	.L338
 5313 007a E5E7     		b	.L337
 5314              	.LVL385:
 5315              	.L343:
2266:Drivers/STM32F4xx_HAL_Driver/Src/stm32f4xx_ll_usb.c ****   }
2267:Drivers/STM32F4xx_HAL_Driver/Src/stm32f4xx_ll_usb.c **** 
2268:Drivers/STM32F4xx_HAL_Driver/Src/stm32f4xx_ll_usb.c ****   /* Clear any pending Host interrupts */
2269:Drivers/STM32F4xx_HAL_Driver/Src/stm32f4xx_ll_usb.c ****   USBx_HOST->HAINT = CLEAR_INTERRUPT_MASK;
 5316              		.loc 1 2269 3 is_stmt 1 view .LVU1840
 5317              		.loc 1 2269 20 is_stmt 0 view .LVU1841
 5318 007c 4FF0FF33 		mov	r3, #-1
 5319 0080 C4F81434 		str	r3, [r4, #1044]
2270:Drivers/STM32F4xx_HAL_Driver/Src/stm32f4xx_ll_usb.c ****   USBx->GINTSTS = CLEAR_INTERRUPT_MASK;
 5320              		.loc 1 2270 3 is_stmt 1 view .LVU1842
 5321              		.loc 1 2270 17 is_stmt 0 view .LVU1843
 5322 0084 6361     		str	r3, [r4, #20]
2271:Drivers/STM32F4xx_HAL_Driver/Src/stm32f4xx_ll_usb.c **** 
2272:Drivers/STM32F4xx_HAL_Driver/Src/stm32f4xx_ll_usb.c ****   (void)USB_EnableGlobalInt(USBx);
 5323              		.loc 1 2272 3 is_stmt 1 view .LVU1844
 5324              		.loc 1 2272 9 is_stmt 0 view .LVU1845
 5325 0086 2046     		mov	r0, r4
 5326 0088 FFF7FEFF 		bl	USB_EnableGlobalInt
 5327              	.LVL386:
2273:Drivers/STM32F4xx_HAL_Driver/Src/stm32f4xx_ll_usb.c **** 
2274:Drivers/STM32F4xx_HAL_Driver/Src/stm32f4xx_ll_usb.c ****   return ret;
 5328              		.loc 1 2274 3 is_stmt 1 view .LVU1846
2275:Drivers/STM32F4xx_HAL_Driver/Src/stm32f4xx_ll_usb.c **** }
 5329              		.loc 1 2275 1 is_stmt 0 view .LVU1847
 5330 008c 2846     		mov	r0, r5
 5331 008e 03B0     		add	sp, sp, #12
 5332              	.LCFI64:
 5333              		.cfi_def_cfa_offset 12
 5334              		@ sp needed
ARM GAS  /tmp/ccoaixhI.s 			page 157


 5335 0090 30BD     		pop	{r4, r5, pc}
 5336              		.loc 1 2275 1 view .LVU1848
 5337              		.cfi_endproc
 5338              	.LFE266:
 5340              		.section	.text.USB_ActivateRemoteWakeup,"ax",%progbits
 5341              		.align	1
 5342              		.global	USB_ActivateRemoteWakeup
 5343              		.syntax unified
 5344              		.thumb
 5345              		.thumb_func
 5347              	USB_ActivateRemoteWakeup:
 5348              	.LVL387:
 5349              	.LFB267:
2276:Drivers/STM32F4xx_HAL_Driver/Src/stm32f4xx_ll_usb.c **** 
2277:Drivers/STM32F4xx_HAL_Driver/Src/stm32f4xx_ll_usb.c **** /**
2278:Drivers/STM32F4xx_HAL_Driver/Src/stm32f4xx_ll_usb.c ****   * @brief  USB_ActivateRemoteWakeup active remote wakeup signalling
2279:Drivers/STM32F4xx_HAL_Driver/Src/stm32f4xx_ll_usb.c ****   * @param  USBx Selected device
2280:Drivers/STM32F4xx_HAL_Driver/Src/stm32f4xx_ll_usb.c ****   * @retval HAL status
2281:Drivers/STM32F4xx_HAL_Driver/Src/stm32f4xx_ll_usb.c ****   */
2282:Drivers/STM32F4xx_HAL_Driver/Src/stm32f4xx_ll_usb.c **** HAL_StatusTypeDef USB_ActivateRemoteWakeup(const USB_OTG_GlobalTypeDef *USBx)
2283:Drivers/STM32F4xx_HAL_Driver/Src/stm32f4xx_ll_usb.c **** {
 5350              		.loc 1 2283 1 is_stmt 1 view -0
 5351              		.cfi_startproc
 5352              		@ args = 0, pretend = 0, frame = 0
 5353              		@ frame_needed = 0, uses_anonymous_args = 0
 5354              		@ link register save eliminated.
2284:Drivers/STM32F4xx_HAL_Driver/Src/stm32f4xx_ll_usb.c ****   uint32_t USBx_BASE = (uint32_t)USBx;
 5355              		.loc 1 2284 3 view .LVU1850
2285:Drivers/STM32F4xx_HAL_Driver/Src/stm32f4xx_ll_usb.c **** 
2286:Drivers/STM32F4xx_HAL_Driver/Src/stm32f4xx_ll_usb.c ****   if ((USBx_DEVICE->DSTS & USB_OTG_DSTS_SUSPSTS) == USB_OTG_DSTS_SUSPSTS)
 5356              		.loc 1 2286 3 view .LVU1851
 5357              		.loc 1 2286 19 is_stmt 0 view .LVU1852
 5358 0000 D0F80838 		ldr	r3, [r0, #2056]
 5359              		.loc 1 2286 8 view .LVU1853
 5360 0004 00F50060 		add	r0, r0, #2048
 5361              	.LVL388:
 5362              		.loc 1 2286 6 view .LVU1854
 5363 0008 13F0010F 		tst	r3, #1
 5364 000c 03D0     		beq	.L345
2287:Drivers/STM32F4xx_HAL_Driver/Src/stm32f4xx_ll_usb.c ****   {
2288:Drivers/STM32F4xx_HAL_Driver/Src/stm32f4xx_ll_usb.c ****     /* active Remote wakeup signalling */
2289:Drivers/STM32F4xx_HAL_Driver/Src/stm32f4xx_ll_usb.c ****     USBx_DEVICE->DCTL |= USB_OTG_DCTL_RWUSIG;
 5365              		.loc 1 2289 5 is_stmt 1 view .LVU1855
 5366              		.loc 1 2289 16 is_stmt 0 view .LVU1856
 5367 000e 4368     		ldr	r3, [r0, #4]
 5368              		.loc 1 2289 23 view .LVU1857
 5369 0010 43F00103 		orr	r3, r3, #1
 5370 0014 4360     		str	r3, [r0, #4]
 5371              	.L345:
2290:Drivers/STM32F4xx_HAL_Driver/Src/stm32f4xx_ll_usb.c ****   }
2291:Drivers/STM32F4xx_HAL_Driver/Src/stm32f4xx_ll_usb.c **** 
2292:Drivers/STM32F4xx_HAL_Driver/Src/stm32f4xx_ll_usb.c ****   return HAL_OK;
 5372              		.loc 1 2292 3 is_stmt 1 view .LVU1858
2293:Drivers/STM32F4xx_HAL_Driver/Src/stm32f4xx_ll_usb.c **** }
 5373              		.loc 1 2293 1 is_stmt 0 view .LVU1859
 5374 0016 0020     		movs	r0, #0
 5375              	.LVL389:
ARM GAS  /tmp/ccoaixhI.s 			page 158


 5376              		.loc 1 2293 1 view .LVU1860
 5377 0018 7047     		bx	lr
 5378              		.cfi_endproc
 5379              	.LFE267:
 5381              		.section	.text.USB_DeActivateRemoteWakeup,"ax",%progbits
 5382              		.align	1
 5383              		.global	USB_DeActivateRemoteWakeup
 5384              		.syntax unified
 5385              		.thumb
 5386              		.thumb_func
 5388              	USB_DeActivateRemoteWakeup:
 5389              	.LVL390:
 5390              	.LFB268:
2294:Drivers/STM32F4xx_HAL_Driver/Src/stm32f4xx_ll_usb.c **** 
2295:Drivers/STM32F4xx_HAL_Driver/Src/stm32f4xx_ll_usb.c **** /**
2296:Drivers/STM32F4xx_HAL_Driver/Src/stm32f4xx_ll_usb.c ****   * @brief  USB_DeActivateRemoteWakeup de-active remote wakeup signalling
2297:Drivers/STM32F4xx_HAL_Driver/Src/stm32f4xx_ll_usb.c ****   * @param  USBx Selected device
2298:Drivers/STM32F4xx_HAL_Driver/Src/stm32f4xx_ll_usb.c ****   * @retval HAL status
2299:Drivers/STM32F4xx_HAL_Driver/Src/stm32f4xx_ll_usb.c ****   */
2300:Drivers/STM32F4xx_HAL_Driver/Src/stm32f4xx_ll_usb.c **** HAL_StatusTypeDef USB_DeActivateRemoteWakeup(const USB_OTG_GlobalTypeDef *USBx)
2301:Drivers/STM32F4xx_HAL_Driver/Src/stm32f4xx_ll_usb.c **** {
 5391              		.loc 1 2301 1 is_stmt 1 view -0
 5392              		.cfi_startproc
 5393              		@ args = 0, pretend = 0, frame = 0
 5394              		@ frame_needed = 0, uses_anonymous_args = 0
 5395              		@ link register save eliminated.
2302:Drivers/STM32F4xx_HAL_Driver/Src/stm32f4xx_ll_usb.c ****   uint32_t USBx_BASE = (uint32_t)USBx;
 5396              		.loc 1 2302 3 view .LVU1862
2303:Drivers/STM32F4xx_HAL_Driver/Src/stm32f4xx_ll_usb.c **** 
2304:Drivers/STM32F4xx_HAL_Driver/Src/stm32f4xx_ll_usb.c ****   /* active Remote wakeup signalling */
2305:Drivers/STM32F4xx_HAL_Driver/Src/stm32f4xx_ll_usb.c ****   USBx_DEVICE->DCTL &= ~(USB_OTG_DCTL_RWUSIG);
 5397              		.loc 1 2305 3 view .LVU1863
 5398              		.loc 1 2305 14 is_stmt 0 view .LVU1864
 5399 0000 D0F80438 		ldr	r3, [r0, #2052]
 5400              		.loc 1 2305 21 view .LVU1865
 5401 0004 23F00103 		bic	r3, r3, #1
 5402 0008 C0F80438 		str	r3, [r0, #2052]
2306:Drivers/STM32F4xx_HAL_Driver/Src/stm32f4xx_ll_usb.c **** 
2307:Drivers/STM32F4xx_HAL_Driver/Src/stm32f4xx_ll_usb.c ****   return HAL_OK;
 5403              		.loc 1 2307 3 is_stmt 1 view .LVU1866
2308:Drivers/STM32F4xx_HAL_Driver/Src/stm32f4xx_ll_usb.c **** }
 5404              		.loc 1 2308 1 is_stmt 0 view .LVU1867
 5405 000c 0020     		movs	r0, #0
 5406              	.LVL391:
 5407              		.loc 1 2308 1 view .LVU1868
 5408 000e 7047     		bx	lr
 5409              		.cfi_endproc
 5410              	.LFE268:
 5412              		.text
 5413              	.Letext0:
 5414              		.file 2 "/opt/arm-gnu-toolchain-12.2.rel1-x86_64-arm-none-eabi/arm-none-eabi/include/machine/_defa
 5415              		.file 3 "/opt/arm-gnu-toolchain-12.2.rel1-x86_64-arm-none-eabi/arm-none-eabi/include/sys/_stdint.h
 5416              		.file 4 "Drivers/CMSIS/Include/cmsis_gcc.h"
 5417              		.file 5 "Drivers/CMSIS/Device/ST/STM32F4xx/Include/stm32f411xe.h"
 5418              		.file 6 "Drivers/STM32F4xx_HAL_Driver/Inc/stm32f4xx_hal_def.h"
 5419              		.file 7 "Drivers/STM32F4xx_HAL_Driver/Inc/stm32f4xx_ll_usb.h"
 5420              		.file 8 "Drivers/STM32F4xx_HAL_Driver/Inc/stm32f4xx_hal.h"
ARM GAS  /tmp/ccoaixhI.s 			page 159


ARM GAS  /tmp/ccoaixhI.s 			page 160


DEFINED SYMBOLS
                            *ABS*:0000000000000000 stm32f4xx_ll_usb.c
     /tmp/ccoaixhI.s:21     .text.USB_CoreReset:0000000000000000 $t
     /tmp/ccoaixhI.s:26     .text.USB_CoreReset:0000000000000000 USB_CoreReset
     /tmp/ccoaixhI.s:135    .text.USB_CoreInit:0000000000000000 $t
     /tmp/ccoaixhI.s:141    .text.USB_CoreInit:0000000000000000 USB_CoreInit
     /tmp/ccoaixhI.s:283    .text.USB_SetTurnaroundTime:0000000000000000 $t
     /tmp/ccoaixhI.s:289    .text.USB_SetTurnaroundTime:0000000000000000 USB_SetTurnaroundTime
     /tmp/ccoaixhI.s:442    .text.USB_SetTurnaroundTime:00000000000000a8 $d
     /tmp/ccoaixhI.s:461    .text.USB_EnableGlobalInt:0000000000000000 $t
     /tmp/ccoaixhI.s:467    .text.USB_EnableGlobalInt:0000000000000000 USB_EnableGlobalInt
     /tmp/ccoaixhI.s:491    .text.USB_DisableGlobalInt:0000000000000000 $t
     /tmp/ccoaixhI.s:497    .text.USB_DisableGlobalInt:0000000000000000 USB_DisableGlobalInt
     /tmp/ccoaixhI.s:521    .text.USB_FlushTxFifo:0000000000000000 $t
     /tmp/ccoaixhI.s:527    .text.USB_FlushTxFifo:0000000000000000 USB_FlushTxFifo
     /tmp/ccoaixhI.s:624    .text.USB_FlushRxFifo:0000000000000000 $t
     /tmp/ccoaixhI.s:630    .text.USB_FlushRxFifo:0000000000000000 USB_FlushRxFifo
     /tmp/ccoaixhI.s:723    .text.USB_SetDevSpeed:0000000000000000 $t
     /tmp/ccoaixhI.s:729    .text.USB_SetDevSpeed:0000000000000000 USB_SetDevSpeed
     /tmp/ccoaixhI.s:756    .text.USB_DevInit:0000000000000000 $t
     /tmp/ccoaixhI.s:762    .text.USB_DevInit:0000000000000000 USB_DevInit
     /tmp/ccoaixhI.s:1120   .text.USB_DevInit:0000000000000190 $d
     /tmp/ccoaixhI.s:1125   .text.USB_GetDevSpeed:0000000000000000 $t
     /tmp/ccoaixhI.s:1131   .text.USB_GetDevSpeed:0000000000000000 USB_GetDevSpeed
     /tmp/ccoaixhI.s:1189   .text.USB_ActivateEndpoint:0000000000000000 $t
     /tmp/ccoaixhI.s:1195   .text.USB_ActivateEndpoint:0000000000000000 USB_ActivateEndpoint
     /tmp/ccoaixhI.s:1311   .text.USB_ActivateDedicatedEndpoint:0000000000000000 $t
     /tmp/ccoaixhI.s:1317   .text.USB_ActivateDedicatedEndpoint:0000000000000000 USB_ActivateDedicatedEndpoint
     /tmp/ccoaixhI.s:1442   .text.USB_DeactivateEndpoint:0000000000000000 $t
     /tmp/ccoaixhI.s:1448   .text.USB_DeactivateEndpoint:0000000000000000 USB_DeactivateEndpoint
     /tmp/ccoaixhI.s:1619   .text.USB_DeactivateEndpoint:00000000000000d8 $d
     /tmp/ccoaixhI.s:1625   .text.USB_DeactivateDedicatedEndpoint:0000000000000000 $t
     /tmp/ccoaixhI.s:1631   .text.USB_DeactivateDedicatedEndpoint:0000000000000000 USB_DeactivateDedicatedEndpoint
     /tmp/ccoaixhI.s:1760   .text.USB_EPStopXfer:0000000000000000 $t
     /tmp/ccoaixhI.s:1766   .text.USB_EPStopXfer:0000000000000000 USB_EPStopXfer
     /tmp/ccoaixhI.s:1928   .text.USB_WritePacket:0000000000000000 $t
     /tmp/ccoaixhI.s:1934   .text.USB_WritePacket:0000000000000000 USB_WritePacket
     /tmp/ccoaixhI.s:2003   .text.USB_EPStartXfer:0000000000000000 $t
     /tmp/ccoaixhI.s:2009   .text.USB_EPStartXfer:0000000000000000 USB_EPStartXfer
     /tmp/ccoaixhI.s:2489   .text.USB_EPStartXfer:000000000000024c $d
     /tmp/ccoaixhI.s:2494   .text.USB_ReadPacket:0000000000000000 $t
     /tmp/ccoaixhI.s:2500   .text.USB_ReadPacket:0000000000000000 USB_ReadPacket
     /tmp/ccoaixhI.s:2599   .text.USB_EPSetStall:0000000000000000 $t
     /tmp/ccoaixhI.s:2605   .text.USB_EPSetStall:0000000000000000 USB_EPSetStall
     /tmp/ccoaixhI.s:2688   .text.USB_EPClearStall:0000000000000000 $t
     /tmp/ccoaixhI.s:2694   .text.USB_EPClearStall:0000000000000000 USB_EPClearStall
     /tmp/ccoaixhI.s:2779   .text.USB_StopDevice:0000000000000000 $t
     /tmp/ccoaixhI.s:2785   .text.USB_StopDevice:0000000000000000 USB_StopDevice
     /tmp/ccoaixhI.s:2866   .text.USB_SetDevAddress:0000000000000000 $t
     /tmp/ccoaixhI.s:2872   .text.USB_SetDevAddress:0000000000000000 USB_SetDevAddress
     /tmp/ccoaixhI.s:2908   .text.USB_DevConnect:0000000000000000 $t
     /tmp/ccoaixhI.s:2914   .text.USB_DevConnect:0000000000000000 USB_DevConnect
     /tmp/ccoaixhI.s:2944   .text.USB_DevDisconnect:0000000000000000 $t
     /tmp/ccoaixhI.s:2950   .text.USB_DevDisconnect:0000000000000000 USB_DevDisconnect
     /tmp/ccoaixhI.s:2980   .text.USB_ReadInterrupts:0000000000000000 $t
     /tmp/ccoaixhI.s:2986   .text.USB_ReadInterrupts:0000000000000000 USB_ReadInterrupts
     /tmp/ccoaixhI.s:3013   .text.USB_ReadChInterrupts:0000000000000000 $t
ARM GAS  /tmp/ccoaixhI.s 			page 161


     /tmp/ccoaixhI.s:3019   .text.USB_ReadChInterrupts:0000000000000000 USB_ReadChInterrupts
     /tmp/ccoaixhI.s:3052   .text.USB_ReadDevAllOutEpInterrupt:0000000000000000 $t
     /tmp/ccoaixhI.s:3058   .text.USB_ReadDevAllOutEpInterrupt:0000000000000000 USB_ReadDevAllOutEpInterrupt
     /tmp/ccoaixhI.s:3091   .text.USB_ReadDevAllInEpInterrupt:0000000000000000 $t
     /tmp/ccoaixhI.s:3097   .text.USB_ReadDevAllInEpInterrupt:0000000000000000 USB_ReadDevAllInEpInterrupt
     /tmp/ccoaixhI.s:3130   .text.USB_ReadDevOutEPInterrupt:0000000000000000 $t
     /tmp/ccoaixhI.s:3136   .text.USB_ReadDevOutEPInterrupt:0000000000000000 USB_ReadDevOutEPInterrupt
     /tmp/ccoaixhI.s:3170   .text.USB_ReadDevInEPInterrupt:0000000000000000 $t
     /tmp/ccoaixhI.s:3176   .text.USB_ReadDevInEPInterrupt:0000000000000000 USB_ReadDevInEPInterrupt
     /tmp/ccoaixhI.s:3227   .text.USB_ClearInterrupts:0000000000000000 $t
     /tmp/ccoaixhI.s:3233   .text.USB_ClearInterrupts:0000000000000000 USB_ClearInterrupts
     /tmp/ccoaixhI.s:3253   .text.USB_GetMode:0000000000000000 $t
     /tmp/ccoaixhI.s:3259   .text.USB_GetMode:0000000000000000 USB_GetMode
     /tmp/ccoaixhI.s:3278   .text.USB_SetCurrentMode:0000000000000000 $t
     /tmp/ccoaixhI.s:3284   .text.USB_SetCurrentMode:0000000000000000 USB_SetCurrentMode
     /tmp/ccoaixhI.s:3404   .text.USB_ActivateSetup:0000000000000000 $t
     /tmp/ccoaixhI.s:3410   .text.USB_ActivateSetup:0000000000000000 USB_ActivateSetup
     /tmp/ccoaixhI.s:3442   .text.USB_EP0_OutStart:0000000000000000 $t
     /tmp/ccoaixhI.s:3448   .text.USB_EP0_OutStart:0000000000000000 USB_EP0_OutStart
     /tmp/ccoaixhI.s:3535   .text.USB_EP0_OutStart:000000000000005c $d
     /tmp/ccoaixhI.s:3540   .text.USB_HostInit:0000000000000000 $t
     /tmp/ccoaixhI.s:3546   .text.USB_HostInit:0000000000000000 USB_HostInit
     /tmp/ccoaixhI.s:3739   .text.USB_HostInit:00000000000000d4 $d
     /tmp/ccoaixhI.s:3745   .text.USB_InitFSLSPClkSel:0000000000000000 $t
     /tmp/ccoaixhI.s:3751   .text.USB_InitFSLSPClkSel:0000000000000000 USB_InitFSLSPClkSel
     /tmp/ccoaixhI.s:3814   .text.USB_ResetPort:0000000000000000 $t
     /tmp/ccoaixhI.s:3820   .text.USB_ResetPort:0000000000000000 USB_ResetPort
     /tmp/ccoaixhI.s:3889   .text.USB_DriveVbus:0000000000000000 $t
     /tmp/ccoaixhI.s:3895   .text.USB_DriveVbus:0000000000000000 USB_DriveVbus
     /tmp/ccoaixhI.s:3974   .text.USB_GetHostSpeed:0000000000000000 $t
     /tmp/ccoaixhI.s:3980   .text.USB_GetHostSpeed:0000000000000000 USB_GetHostSpeed
     /tmp/ccoaixhI.s:4018   .text.USB_GetCurrentFrame:0000000000000000 $t
     /tmp/ccoaixhI.s:4024   .text.USB_GetCurrentFrame:0000000000000000 USB_GetCurrentFrame
     /tmp/ccoaixhI.s:4047   .text.USB_HC_Init:0000000000000000 $t
     /tmp/ccoaixhI.s:4053   .text.USB_HC_Init:0000000000000000 USB_HC_Init
     /tmp/ccoaixhI.s:4095   .text.USB_HC_Init:0000000000000022 $d
     /tmp/ccoaixhI.s:4099   .text.USB_HC_Init:0000000000000026 $t
     /tmp/ccoaixhI.s:4292   .text.USB_HC_StartXfer:0000000000000000 $t
     /tmp/ccoaixhI.s:4298   .text.USB_HC_StartXfer:0000000000000000 USB_HC_StartXfer
     /tmp/ccoaixhI.s:4632   .text.USB_HC_StartXfer:0000000000000178 $d
     /tmp/ccoaixhI.s:4637   .text.USB_HC_StartXfer:000000000000017c $t
     /tmp/ccoaixhI.s:4700   .text.USB_HC_StartXfer:00000000000001c6 $d
     /tmp/ccoaixhI.s:4704   .text.USB_HC_StartXfer:00000000000001ca $t
     /tmp/ccoaixhI.s:4861   .text.USB_HC_StartXfer:0000000000000288 $d
     /tmp/ccoaixhI.s:4866   .text.USB_HC_ReadInterrupt:0000000000000000 $t
     /tmp/ccoaixhI.s:4872   .text.USB_HC_ReadInterrupt:0000000000000000 USB_HC_ReadInterrupt
     /tmp/ccoaixhI.s:4895   .text.USB_HC_Halt:0000000000000000 $t
     /tmp/ccoaixhI.s:4901   .text.USB_HC_Halt:0000000000000000 USB_HC_Halt
     /tmp/ccoaixhI.s:5120   .text.USB_DoPing:0000000000000000 $t
     /tmp/ccoaixhI.s:5126   .text.USB_DoPing:0000000000000000 USB_DoPing
     /tmp/ccoaixhI.s:5166   .text.USB_DoPing:0000000000000020 $d
     /tmp/ccoaixhI.s:5171   .text.USB_StopHost:0000000000000000 $t
     /tmp/ccoaixhI.s:5177   .text.USB_StopHost:0000000000000000 USB_StopHost
     /tmp/ccoaixhI.s:5341   .text.USB_ActivateRemoteWakeup:0000000000000000 $t
     /tmp/ccoaixhI.s:5347   .text.USB_ActivateRemoteWakeup:0000000000000000 USB_ActivateRemoteWakeup
     /tmp/ccoaixhI.s:5382   .text.USB_DeActivateRemoteWakeup:0000000000000000 $t
     /tmp/ccoaixhI.s:5388   .text.USB_DeActivateRemoteWakeup:0000000000000000 USB_DeActivateRemoteWakeup
ARM GAS  /tmp/ccoaixhI.s 			page 162



UNDEFINED SYMBOLS
HAL_Delay
